
****** Vivado v2024.1 (64-bit)
  **** SW Build 5076996 on Wed May 22 18:36:09 MDT 2024
  **** IP Build 5075265 on Wed May 22 21:45:21 MDT 2024
  **** SharedData Build 5076995 on Wed May 22 18:29:18 MDT 2024
  **** Start of session at: Thu Sep 25 14:53:23 2025
    ** Copyright 1986-2022 Xilinx, Inc. All Rights Reserved.
    ** Copyright 2022-2024 Advanced Micro Devices, Inc. All Rights Reserved.

source /home/alex/Isolde/MatrixAcceleratorDemo/scripts/vivado/create_project.tcl
# set parameters {
#     {path.arg       "."         "Set path where to create vivado project, default current dir"}
#     {name.arg       "unknown"   "Set vivado project name"}
#     {threads.arg    "16"        "Number of threads for synthesis, in range [1, 16]"}
#     {prfLogP.arg    "1"         "Polymorphic memory log P parameter"}
#     {prfLogQ.arg    "2"         "Polymorphic memory log Q parameter"}
#     {useUram                    "Use URAM for polymorphic memory"}
#     {noGui                      "Do not open gui in the end, default off"}
# }
# set usage "- Script to simplify matrix accelerator design exploration"
# puts $::argv
-prfLogP 1 -prfLogQ 1 -useUram -path /home/alex/Isolde/MatrixAcceleratorDemo/runs/run_25-09-2025-145322 -name run_25-09-2025-145322 -noGui
# if {[catch {array set options [::cmdline::getoptions ::argv $parameters $usage]}]} {
#     puts [::cmdline::usage $parameters $usage]
#     exit
# }
# parray options
options(name)    = run_25-09-2025-145322
options(noGui)   = 1
options(path)    = /home/alex/Isolde/MatrixAcceleratorDemo/runs/run_25-09-2025-145322
options(prfLogP) = 1
options(prfLogQ) = 1
options(threads) = 16
options(useUram) = 1
# set PROJECT_NAME    $options(name)
# set PROJECT_PATH    $options(path)
# set THREADS         $options(threads)
# set PRF_LOG_P       $options(prfLogP)
# set PRF_LOG_Q       $options(prfLogQ)
# set USE_URAM        $options(useUram)
# create_project ${PROJECT_NAME} ${PROJECT_PATH} -part xcvu37p-fsvh2892-2L-e
# set_property board_part xilinx.com:vcu128:part0:1.0 [current_project]
# source ${PROJECT_PATH}/vivado.tcl
## set ROOT "/home/alex/Isolde/MatrixAcceleratorDemo"
## add_files -norecurse -fileset [current_fileset] [list \
##     $ROOT/src/ips/tech_cells_generic/src/rtl/tc_sram.sv \
##     $ROOT/src/ips/tech_cells_generic/src/rtl/tc_sram_impl.sv \
## ]
## add_files -norecurse -fileset [current_fileset] [list \
##     $ROOT/src/ips/tech_cells_generic/src/rtl/tc_clk.sv \
## ]
## add_files -norecurse -fileset [current_fileset] [list \
##     $ROOT/src/ips/tech_cells_generic/src/fpga/pad_functional_xilinx.sv \
##     $ROOT/src/ips/tech_cells_generic/src/fpga/tc_clk_xilinx.sv \
##     $ROOT/src/ips/tech_cells_generic/src/fpga/tc_sram_xilinx.sv \
##     $ROOT/src/ips/tech_cells_generic/src/rtl/tc_sram_impl.sv \
## ]
WARNING: [filemgmt 56-12] File '/home/alex/Isolde/MatrixAcceleratorDemo/src/ips/tech_cells_generic/src/rtl/tc_sram_impl.sv' cannot be added to the project because it already exists in the project, skipping this file
## add_files -norecurse -fileset [current_fileset] [list \
##     $ROOT/src/ips/tech_cells_generic/src/deprecated/pulp_clock_gating_async.sv \
##     $ROOT/src/ips/tech_cells_generic/src/deprecated/cluster_clk_cells.sv \
##     $ROOT/src/ips/tech_cells_generic/src/deprecated/pulp_clk_cells.sv \
## ]
## add_files -norecurse -fileset [current_fileset] [list \
##     $ROOT/src/ips/common_cells/src/binary_to_gray.sv \
## ]
## add_files -norecurse -fileset [current_fileset] [list \
##     $ROOT/src/ips/common_cells/src/cb_filter_pkg.sv \
##     $ROOT/src/ips/common_cells/src/cc_onehot.sv \
##     $ROOT/src/ips/common_cells/src/cdc_reset_ctrlr_pkg.sv \
##     $ROOT/src/ips/common_cells/src/cf_math_pkg.sv \
##     $ROOT/src/ips/common_cells/src/clk_int_div.sv \
##     $ROOT/src/ips/common_cells/src/credit_counter.sv \
##     $ROOT/src/ips/common_cells/src/delta_counter.sv \
##     $ROOT/src/ips/common_cells/src/ecc_pkg.sv \
##     $ROOT/src/ips/common_cells/src/edge_propagator_tx.sv \
##     $ROOT/src/ips/common_cells/src/exp_backoff.sv \
##     $ROOT/src/ips/common_cells/src/fifo_v3.sv \
##     $ROOT/src/ips/common_cells/src/gray_to_binary.sv \
##     $ROOT/src/ips/common_cells/src/isochronous_4phase_handshake.sv \
##     $ROOT/src/ips/common_cells/src/isochronous_spill_register.sv \
##     $ROOT/src/ips/common_cells/src/lfsr.sv \
##     $ROOT/src/ips/common_cells/src/lfsr_16bit.sv \
##     $ROOT/src/ips/common_cells/src/lfsr_8bit.sv \
##     $ROOT/src/ips/common_cells/src/lossy_valid_to_stream.sv \
##     $ROOT/src/ips/common_cells/src/mv_filter.sv \
##     $ROOT/src/ips/common_cells/src/onehot_to_bin.sv \
##     $ROOT/src/ips/common_cells/src/plru_tree.sv \
##     $ROOT/src/ips/common_cells/src/passthrough_stream_fifo.sv \
##     $ROOT/src/ips/common_cells/src/popcount.sv \
##     $ROOT/src/ips/common_cells/src/rr_arb_tree.sv \
##     $ROOT/src/ips/common_cells/src/rstgen_bypass.sv \
##     $ROOT/src/ips/common_cells/src/serial_deglitch.sv \
##     $ROOT/src/ips/common_cells/src/shift_reg.sv \
##     $ROOT/src/ips/common_cells/src/shift_reg_gated.sv \
##     $ROOT/src/ips/common_cells/src/spill_register_flushable.sv \
##     $ROOT/src/ips/common_cells/src/stream_demux.sv \
##     $ROOT/src/ips/common_cells/src/stream_filter.sv \
##     $ROOT/src/ips/common_cells/src/stream_fork.sv \
##     $ROOT/src/ips/common_cells/src/stream_intf.sv \
##     $ROOT/src/ips/common_cells/src/stream_join_dynamic.sv \
##     $ROOT/src/ips/common_cells/src/stream_mux.sv \
##     $ROOT/src/ips/common_cells/src/stream_throttle.sv \
##     $ROOT/src/ips/common_cells/src/sub_per_hash.sv \
##     $ROOT/src/ips/common_cells/src/sync.sv \
##     $ROOT/src/ips/common_cells/src/sync_wedge.sv \
##     $ROOT/src/ips/common_cells/src/unread.sv \
##     $ROOT/src/ips/common_cells/src/read.sv \
##     $ROOT/src/ips/common_cells/src/addr_decode_dync.sv \
##     $ROOT/src/ips/common_cells/src/cdc_2phase.sv \
##     $ROOT/src/ips/common_cells/src/cdc_4phase.sv \
##     $ROOT/src/ips/common_cells/src/clk_int_div_static.sv \
##     $ROOT/src/ips/common_cells/src/addr_decode.sv \
##     $ROOT/src/ips/common_cells/src/addr_decode_napot.sv \
##     $ROOT/src/ips/common_cells/src/multiaddr_decode.sv \
## ]
## add_files -norecurse -fileset [current_fileset] [list \
##     $ROOT/src/ips/common_cells/src/cb_filter.sv \
##     $ROOT/src/ips/common_cells/src/cdc_fifo_2phase.sv \
##     $ROOT/src/ips/common_cells/src/clk_mux_glitch_free.sv \
##     $ROOT/src/ips/common_cells/src/counter.sv \
##     $ROOT/src/ips/common_cells/src/ecc_decode.sv \
##     $ROOT/src/ips/common_cells/src/ecc_encode.sv \
##     $ROOT/src/ips/common_cells/src/edge_detect.sv \
##     $ROOT/src/ips/common_cells/src/lzc.sv \
##     $ROOT/src/ips/common_cells/src/max_counter.sv \
##     $ROOT/src/ips/common_cells/src/rstgen.sv \
##     $ROOT/src/ips/common_cells/src/spill_register.sv \
##     $ROOT/src/ips/common_cells/src/stream_delay.sv \
##     $ROOT/src/ips/common_cells/src/stream_fifo.sv \
##     $ROOT/src/ips/common_cells/src/stream_fork_dynamic.sv \
##     $ROOT/src/ips/common_cells/src/stream_join.sv \
##     $ROOT/src/ips/common_cells/src/cdc_reset_ctrlr.sv \
##     $ROOT/src/ips/common_cells/src/cdc_fifo_gray.sv \
##     $ROOT/src/ips/common_cells/src/fall_through_register.sv \
##     $ROOT/src/ips/common_cells/src/id_queue.sv \
##     $ROOT/src/ips/common_cells/src/stream_to_mem.sv \
##     $ROOT/src/ips/common_cells/src/stream_arbiter_flushable.sv \
##     $ROOT/src/ips/common_cells/src/stream_fifo_optimal_wrap.sv \
##     $ROOT/src/ips/common_cells/src/stream_register.sv \
##     $ROOT/src/ips/common_cells/src/stream_xbar.sv \
##     $ROOT/src/ips/common_cells/src/cdc_fifo_gray_clearable.sv \
##     $ROOT/src/ips/common_cells/src/cdc_2phase_clearable.sv \
##     $ROOT/src/ips/common_cells/src/mem_to_banks_detailed.sv \
##     $ROOT/src/ips/common_cells/src/stream_arbiter.sv \
##     $ROOT/src/ips/common_cells/src/stream_omega_net.sv \
##     $ROOT/src/ips/common_cells/src/mem_to_banks.sv \
## ]
## add_files -norecurse -fileset [current_fileset] [list \
##     $ROOT/src/ips/common_cells/src/deprecated/clock_divider_counter.sv \
##     $ROOT/src/ips/common_cells/src/deprecated/clk_div.sv \
##     $ROOT/src/ips/common_cells/src/deprecated/find_first_one.sv \
##     $ROOT/src/ips/common_cells/src/deprecated/generic_LFSR_8bit.sv \
##     $ROOT/src/ips/common_cells/src/deprecated/generic_fifo.sv \
##     $ROOT/src/ips/common_cells/src/deprecated/prioarbiter.sv \
##     $ROOT/src/ips/common_cells/src/deprecated/pulp_sync.sv \
##     $ROOT/src/ips/common_cells/src/deprecated/pulp_sync_wedge.sv \
##     $ROOT/src/ips/common_cells/src/deprecated/rrarbiter.sv \
##     $ROOT/src/ips/common_cells/src/deprecated/clock_divider.sv \
##     $ROOT/src/ips/common_cells/src/deprecated/fifo_v2.sv \
##     $ROOT/src/ips/common_cells/src/deprecated/fifo_v1.sv \
##     $ROOT/src/ips/common_cells/src/edge_propagator_ack.sv \
##     $ROOT/src/ips/common_cells/src/edge_propagator.sv \
##     $ROOT/src/ips/common_cells/src/edge_propagator_rx.sv \
## ]
## add_files -norecurse -fileset [current_fileset] [list \
##     $ROOT/src/ips/fpu_div_sqrt_mvp/hdl/defs_div_sqrt_mvp.sv \
##     $ROOT/src/ips/fpu_div_sqrt_mvp/hdl/iteration_div_sqrt_mvp.sv \
##     $ROOT/src/ips/fpu_div_sqrt_mvp/hdl/control_mvp.sv \
##     $ROOT/src/ips/fpu_div_sqrt_mvp/hdl/norm_div_sqrt_mvp.sv \
##     $ROOT/src/ips/fpu_div_sqrt_mvp/hdl/preprocess_mvp.sv \
##     $ROOT/src/ips/fpu_div_sqrt_mvp/hdl/nrbd_nrsc_mvp.sv \
##     $ROOT/src/ips/fpu_div_sqrt_mvp/hdl/div_sqrt_top_mvp.sv \
##     $ROOT/src/ips/fpu_div_sqrt_mvp/hdl/div_sqrt_mvp_wrapper.sv \
## ]
## add_files -norecurse -fileset [current_fileset] [list \
##     $ROOT/src/ips/axi/src/axi_pkg.sv \
##     $ROOT/src/ips/axi/src/axi_intf.sv \
##     $ROOT/src/ips/axi/src/axi_atop_filter.sv \
##     $ROOT/src/ips/axi/src/axi_burst_splitter.sv \
##     $ROOT/src/ips/axi/src/axi_burst_unwrap.sv \
##     $ROOT/src/ips/axi/src/axi_bus_compare.sv \
##     $ROOT/src/ips/axi/src/axi_cdc_dst.sv \
##     $ROOT/src/ips/axi/src/axi_cdc_src.sv \
##     $ROOT/src/ips/axi/src/axi_cut.sv \
##     $ROOT/src/ips/axi/src/axi_delayer.sv \
##     $ROOT/src/ips/axi/src/axi_demux_simple.sv \
##     $ROOT/src/ips/axi/src/axi_dw_downsizer.sv \
##     $ROOT/src/ips/axi/src/axi_dw_upsizer.sv \
##     $ROOT/src/ips/axi/src/axi_fifo.sv \
##     $ROOT/src/ips/axi/src/axi_id_remap.sv \
##     $ROOT/src/ips/axi/src/axi_id_prepend.sv \
##     $ROOT/src/ips/axi/src/axi_isolate.sv \
##     $ROOT/src/ips/axi/src/axi_join.sv \
##     $ROOT/src/ips/axi/src/axi_lite_demux.sv \
##     $ROOT/src/ips/axi/src/axi_lite_dw_converter.sv \
##     $ROOT/src/ips/axi/src/axi_lite_from_mem.sv \
##     $ROOT/src/ips/axi/src/axi_lite_join.sv \
##     $ROOT/src/ips/axi/src/axi_lite_lfsr.sv \
##     $ROOT/src/ips/axi/src/axi_lite_mailbox.sv \
##     $ROOT/src/ips/axi/src/axi_lite_mux.sv \
##     $ROOT/src/ips/axi/src/axi_lite_regs.sv \
##     $ROOT/src/ips/axi/src/axi_lite_to_apb.sv \
##     $ROOT/src/ips/axi/src/axi_lite_to_axi.sv \
##     $ROOT/src/ips/axi/src/axi_modify_address.sv \
##     $ROOT/src/ips/axi/src/axi_mux.sv \
##     $ROOT/src/ips/axi/src/axi_rw_join.sv \
##     $ROOT/src/ips/axi/src/axi_rw_split.sv \
##     $ROOT/src/ips/axi/src/axi_serializer.sv \
##     $ROOT/src/ips/axi/src/axi_slave_compare.sv \
##     $ROOT/src/ips/axi/src/axi_throttle.sv \
##     $ROOT/src/ips/axi/src/axi_to_detailed_mem.sv \
##     $ROOT/src/ips/axi/src/axi_cdc.sv \
##     $ROOT/src/ips/axi/src/axi_demux.sv \
##     $ROOT/src/ips/axi/src/axi_err_slv.sv \
##     $ROOT/src/ips/axi/src/axi_dw_converter.sv \
##     $ROOT/src/ips/axi/src/axi_from_mem.sv \
##     $ROOT/src/ips/axi/src/axi_id_serialize.sv \
##     $ROOT/src/ips/axi/src/axi_lfsr.sv \
##     $ROOT/src/ips/axi/src/axi_multicut.sv \
##     $ROOT/src/ips/axi/src/axi_to_axi_lite.sv \
##     $ROOT/src/ips/axi/src/axi_to_mem.sv \
##     $ROOT/src/ips/axi/src/axi_zero_mem.sv \
##     $ROOT/src/ips/axi/src/axi_interleaved_xbar.sv \
##     $ROOT/src/ips/axi/src/axi_iw_converter.sv \
##     $ROOT/src/ips/axi/src/axi_lite_xbar.sv \
##     $ROOT/src/ips/axi/src/axi_xbar_unmuxed.sv \
##     $ROOT/src/ips/axi/src/axi_to_mem_banked.sv \
##     $ROOT/src/ips/axi/src/axi_to_mem_interleaved.sv \
##     $ROOT/src/ips/axi/src/axi_to_mem_split.sv \
##     $ROOT/src/ips/axi/src/axi_xbar.sv \
##     $ROOT/src/ips/axi/src/axi_xp.sv \
## ]
## add_files -norecurse -fileset [current_fileset] [list \
##     $ROOT/src/ips/cv_x_if/src/core_v_xif.sv \
## ]
## add_files -norecurse -fileset [current_fileset] [list \
##     $ROOT/src/ips/fpnew/src/fpnew_pkg.sv \
##     $ROOT/src/ips/fpnew/src/fpnew_cast_multi.sv \
##     $ROOT/src/ips/fpnew/src/fpnew_classifier.sv \
##     $ROOT/src/ips/fpnew/src/fpnew_divsqrt_multi.sv \
##     $ROOT/src/ips/fpnew/src/fpnew_fma.sv \
##     $ROOT/src/ips/fpnew/src/fpnew_fma_multi.sv \
##     $ROOT/src/ips/fpnew/src/fpnew_noncomp.sv \
##     $ROOT/src/ips/fpnew/src/fpnew_opgroup_block.sv \
##     $ROOT/src/ips/fpnew/src/fpnew_opgroup_fmt_slice.sv \
##     $ROOT/src/ips/fpnew/src/fpnew_opgroup_multifmt_slice.sv \
##     $ROOT/src/ips/fpnew/src/fpnew_rounding.sv \
##     $ROOT/src/ips/fpnew/src/fpnew_top.sv \
## ]
## add_files -norecurse -fileset [current_fileset] [list \
##     $ROOT/src/ips/poly_mem/2dprf_sv/src/packages/prf_dtypes.sv \
##     $ROOT/src/ips/poly_mem/2dprf_sv/src/rtl/memory_templates/simple_dual_one_clock.sv \
##     $ROOT/src/ips/poly_mem/2dprf_sv/src/rtl/memory_templates/true_dual_one_clock.sv \
##     $ROOT/src/ips/poly_mem/2dprf_sv/src/rtl/c_rect_trect_psq.sv \
##     $ROOT/src/ips/poly_mem/2dprf_sv/src/rtl/crossbar_read.sv \
##     $ROOT/src/ips/poly_mem/2dprf_sv/src/rtl/linear_addr_comp_direct.sv \
##     $ROOT/src/ips/poly_mem/2dprf_sv/src/rtl/m_rect_trect_psq.sv \
##     $ROOT/src/ips/poly_mem/2dprf_sv/src/rtl/m_rect_only.sv \
##     $ROOT/src/ips/poly_mem/2dprf_sv/src/rtl/linear_addr_comp_ci_cj.sv \
##     $ROOT/src/ips/poly_mem/2dprf_sv/src/rtl/m_rect_col.sv \
##     $ROOT/src/ips/poly_mem/2dprf_sv/src/rtl/memory_multiport.sv \
##     $ROOT/src/ips/poly_mem/2dprf_sv/src/rtl/m_rect_trect_plq.sv \
##     $ROOT/src/ips/poly_mem/2dprf_sv/src/rtl/crossbar_write.sv \
##     $ROOT/src/ips/poly_mem/2dprf_sv/src/rtl/memory_simple.sv \
##     $ROOT/src/ips/poly_mem/2dprf_sv/src/rtl/c_rectangle_only.sv \
##     $ROOT/src/ips/poly_mem/2dprf_sv/src/rtl/m_rect_row.sv \
##     $ROOT/src/ips/poly_mem/2dprf_sv/src/rtl/c_rectangle_col.sv \
##     $ROOT/src/ips/poly_mem/2dprf_sv/src/rtl/c_rectangle_row.sv \
##     $ROOT/src/ips/poly_mem/2dprf_sv/src/rtl/c_row_col.sv \
##     $ROOT/src/ips/poly_mem/2dprf_sv/src/rtl/m_row_col.sv \
##     $ROOT/src/ips/poly_mem/2dprf_sv/src/rtl/agu_block.sv \
##     $ROOT/src/ips/poly_mem/2dprf_sv/src/rtl/c_rect_trect_plq.sv \
##     $ROOT/src/ips/poly_mem/2dprf_sv/src/rtl/prf2d_v1.sv \
##     $ROOT/src/ips/poly_mem/2dprf_sv/src/rtl/prf2d_wrapper.sv \
## ]
## add_files -norecurse -fileset [current_fileset] [list \
##     $ROOT/src/ips/ariane/core/include/config_pkg.sv \
## ]
## add_files -norecurse -fileset [current_fileset] [list \
##     $ROOT/src/ips/ariane/core/include/cv32a6_imac_sv0_config_pkg.sv \
## ]
## add_files -norecurse -fileset [current_fileset] [list \
##     $ROOT/src/ips/ariane/core/include/riscv_pkg.sv \
##     $ROOT/src/ips/ariane/core/include/ariane_pkg.sv \
##     $ROOT/src/ips/ariane/core/include/build_config_pkg.sv \
## ]
## add_files -norecurse -fileset [current_fileset] [list \
##     $ROOT/src/ips/ariane/core/cva6_mmu/cva6_tlb.sv \
##     $ROOT/src/ips/ariane/core/cva6_mmu/cva6_shared_tlb.sv \
##     $ROOT/src/ips/ariane/core/cva6_mmu/cva6_mmu.sv \
##     $ROOT/src/ips/ariane/core/cva6_mmu/cva6_ptw.sv \
## ]
## add_files -norecurse -fileset [current_fileset] [list \
##     $ROOT/src/ips/ariane/core/include/wt_cache_pkg.sv \
##     $ROOT/src/ips/ariane/core/include/std_cache_pkg.sv \
##     $ROOT/src/ips/ariane/core/cvxif_example/include/cvxif_instr_pkg.sv \
##     $ROOT/src/ips/ariane/core/cvxif_fu.sv \
##     $ROOT/src/ips/ariane/core/cvxif_issue_register_commit_if_driver.sv \
##     $ROOT/src/ips/ariane/core/cvxif_compressed_if_driver.sv \
##     $ROOT/src/ips/ariane/core/cvxif_example/cvxif_example_coprocessor.sv \
##     $ROOT/src/ips/ariane/core/cvxif_example/instr_decoder.sv \
##     $ROOT/src/ips/ariane/core/cva6_rvfi_probes.sv \
##     $ROOT/src/ips/ariane/core/cva6_fifo_v3.sv \
##     $ROOT/src/ips/ariane/core/cva6.sv \
##     $ROOT/src/ips/ariane/core/alu.sv \
##     $ROOT/src/ips/ariane/core/fpu_wrap.sv \
##     $ROOT/src/ips/ariane/core/branch_unit.sv \
##     $ROOT/src/ips/ariane/core/compressed_decoder.sv \
##     $ROOT/src/ips/ariane/core/controller.sv \
##     $ROOT/src/ips/ariane/core/csr_buffer.sv \
##     $ROOT/src/ips/ariane/core/csr_regfile.sv \
##     $ROOT/src/ips/ariane/core/decoder.sv \
##     $ROOT/src/ips/ariane/core/ex_stage.sv \
##     $ROOT/src/ips/ariane/core/acc_dispatcher.sv \
##     $ROOT/src/ips/ariane/core/instr_realign.sv \
##     $ROOT/src/ips/ariane/core/id_stage.sv \
##     $ROOT/src/ips/ariane/core/issue_read_operands.sv \
##     $ROOT/src/ips/ariane/core/issue_stage.sv \
##     $ROOT/src/ips/ariane/core/load_unit.sv \
##     $ROOT/src/ips/ariane/core/load_store_unit.sv \
##     $ROOT/src/ips/ariane/core/lsu_bypass.sv \
##     $ROOT/src/ips/ariane/core/mult.sv \
##     $ROOT/src/ips/ariane/core/multiplier.sv \
##     $ROOT/src/ips/ariane/core/serdiv.sv \
##     $ROOT/src/ips/ariane/core/perf_counters.sv \
##     $ROOT/src/ips/ariane/core/ariane_regfile_ff.sv \
##     $ROOT/src/ips/ariane/core/ariane_regfile_fpga.sv \
##     $ROOT/src/ips/ariane/core/scoreboard.sv \
##     $ROOT/src/ips/ariane/core/store_buffer.sv \
##     $ROOT/src/ips/ariane/core/amo_buffer.sv \
##     $ROOT/src/ips/ariane/core/store_unit.sv \
##     $ROOT/src/ips/ariane/core/commit_stage.sv \
##     $ROOT/src/ips/ariane/core/axi_shim.sv \
##     $ROOT/src/ips/ariane/core/frontend/btb.sv \
##     $ROOT/src/ips/ariane/core/frontend/bht.sv \
##     $ROOT/src/ips/ariane/core/frontend/bht2lvl.sv \
##     $ROOT/src/ips/ariane/core/frontend/ras.sv \
##     $ROOT/src/ips/ariane/core/frontend/instr_scan.sv \
##     $ROOT/src/ips/ariane/core/frontend/instr_queue.sv \
##     $ROOT/src/ips/ariane/core/frontend/frontend.sv \
##     $ROOT/src/ips/ariane/core/cache_subsystem/wt_dcache_ctrl.sv \
##     $ROOT/src/ips/ariane/core/cache_subsystem/wt_dcache_mem.sv \
##     $ROOT/src/ips/ariane/core/cache_subsystem/wt_dcache_missunit.sv \
##     $ROOT/src/ips/ariane/core/cache_subsystem/wt_dcache_wbuffer.sv \
##     $ROOT/src/ips/ariane/core/cache_subsystem/wt_dcache.sv \
##     $ROOT/src/ips/ariane/core/cache_subsystem/wt_cache_subsystem.sv \
##     $ROOT/src/ips/ariane/core/cache_subsystem/wt_axi_adapter.sv \
##     $ROOT/src/ips/ariane/core/cache_subsystem/cva6_icache.sv \
##     $ROOT/src/ips/ariane/core/cache_subsystem/tag_cmp.sv \
##     $ROOT/src/ips/ariane/core/cache_subsystem/cva6_icache_axi_wrapper.sv \
##     $ROOT/src/ips/ariane/core/cache_subsystem/axi_adapter.sv \
##     $ROOT/src/ips/ariane/core/cache_subsystem/miss_handler.sv \
##     $ROOT/src/ips/ariane/core/cache_subsystem/cache_ctrl.sv \
##     $ROOT/src/ips/ariane/core/cache_subsystem/std_nbdcache.sv \
##     $ROOT/src/ips/ariane/core/cache_subsystem/std_cache_subsystem.sv \
##     $ROOT/src/ips/ariane/core/pmp/src/pmp.sv \
##     $ROOT/src/ips/ariane/core/pmp/src/pmp_entry.sv \
##     $ROOT/src/ips/ariane/core/pmp/src/pmp_data_if.sv \
## ]
## add_files -norecurse -fileset [current_fileset] [list \
##     $ROOT/src/ips/ariane/common/local/util/sram.sv \
## ]
## add_files -norecurse -fileset [current_fileset] [list \
##     $ROOT/src/ips/ariane/common/local/util/sram_cache.sv \
##     $ROOT/src/ips/ariane/common/local/util/tc_sram_fpga_wrapper.sv \
##     $ROOT/src/ips/ariane/vendor/pulp-platform/fpga-support/rtl/SyncSpRamBeNx64.sv \
## ]
## add_files -norecurse -fileset [current_fileset] [list \
##     $ROOT/src/ips/matrix_accelerator/src/packages/ma_pkg.sv \
##     $ROOT/src/ips/matrix_accelerator/src/packages/ma_intf_pkg.sv \
##     $ROOT/src/ips/matrix_accelerator/src/packages/riscv_pkg.sv \
##     $ROOT/src/ips/matrix_accelerator/src/interfaces/ma_config_bus.sv \
##     $ROOT/src/ips/matrix_accelerator/src/interfaces/ma_rsp_intf.sv \
##     $ROOT/src/ips/matrix_accelerator/src/interfaces/ma_data_bus.sv \
##     $ROOT/src/ips/matrix_accelerator/src/rtl/common/async_fifo/synchronizer.sv \
##     $ROOT/src/ips/matrix_accelerator/src/rtl/common/async_fifo/memory.sv \
##     $ROOT/src/ips/matrix_accelerator/src/rtl/common/async_fifo/async_fifo.sv \
##     $ROOT/src/ips/matrix_accelerator/src/rtl/common/async_fifo/gray_counter.sv \
##     $ROOT/src/ips/matrix_accelerator/src/rtl/common/posedge_detector.sv \
##     $ROOT/src/ips/matrix_accelerator/src/rtl/dma/read_concat.sv \
##     $ROOT/src/ips/matrix_accelerator/src/rtl/dma/dma.sv \
##     $ROOT/src/ips/matrix_accelerator/src/rtl/dma/write_concat.sv \
##     $ROOT/src/ips/matrix_accelerator/src/rtl/dma/strobe_generator.sv \
##     $ROOT/src/ips/matrix_accelerator/src/rtl/dma/prf_mask_gen.sv \
##     $ROOT/src/ips/matrix_accelerator/src/rtl/vectorial_unit/ma_alu.sv \
##     $ROOT/src/ips/matrix_accelerator/src/rtl/vectorial_unit/vectorial_splitter.sv \
##     $ROOT/src/ips/matrix_accelerator/src/rtl/vectorial_unit/vectorial_concat.sv \
##     $ROOT/src/ips/matrix_accelerator/src/rtl/vectorial_unit/prf_addr_gen_seq.sv \
##     $ROOT/src/ips/matrix_accelerator/src/rtl/vectorial_unit/left_shifter.sv \
##     $ROOT/src/ips/matrix_accelerator/src/rtl/vectorial_unit/right_shifter.sv \
##     $ROOT/src/ips/matrix_accelerator/src/rtl/matrix_unit/row_addr_gen_seq.sv \
##     $ROOT/src/ips/matrix_accelerator/src/rtl/matrix_unit/systolic_array/mac.sv \
##     $ROOT/src/ips/matrix_accelerator/src/rtl/matrix_unit/systolic_array/auto_shift_register.sv \
##     $ROOT/src/ips/matrix_accelerator/src/rtl/matrix_unit/systolic_array/ma_mult.sv \
##     $ROOT/src/ips/matrix_accelerator/src/rtl/matrix_unit/systolic_array/add.sv \
##     $ROOT/src/ips/matrix_accelerator/src/rtl/matrix_unit/systolic_array/systolic_array.sv \
##     $ROOT/src/ips/matrix_accelerator/src/rtl/matrix_unit/systolic_array/crossbar.sv \
##     $ROOT/src/ips/matrix_accelerator/src/rtl/matrix_unit/systolic_array/sa_col_splitter.sv \
##     $ROOT/src/ips/matrix_accelerator/src/rtl/matrix_unit/systolic_array/col_addr_gen_seq.sv \
##     $ROOT/src/ips/matrix_accelerator/src/rtl/matrix_unit/systolic_array/array_results_controller.sv \
##     $ROOT/src/ips/matrix_accelerator/src/rtl/matrix_unit/systolic_array/line_mux.sv \
##     $ROOT/src/ips/matrix_accelerator/src/rtl/convolution_unit/matrix_addr_gen.sv \
##     $ROOT/src/ips/matrix_accelerator/src/rtl/convolution_unit/kernel_addr_gen.sv \
##     $ROOT/src/ips/matrix_accelerator/src/rtl/convolution_unit/cnv_data_splitter.sv \
##     $ROOT/src/ips/matrix_accelerator/src/rtl/convolution_unit/mask_generator.sv \
##     $ROOT/src/ips/matrix_accelerator/src/rtl/convolution_unit/parallel_to_serial.sv \
##     $ROOT/src/ips/matrix_accelerator/src/rtl/matrix_accelerator/ma_decoder.sv \
##     $ROOT/src/ips/matrix_accelerator/src/rtl/matrix_accelerator/ma_control_unit.sv \
##     $ROOT/src/ips/matrix_accelerator/src/rtl/matrix_accelerator/ma_memory.sv \
##     $ROOT/src/ips/matrix_accelerator/src/rtl/matrix_accelerator/ma_dma.sv \
##     $ROOT/src/ips/matrix_accelerator/src/rtl/matrix_accelerator/ma_matrix_unit.sv \
##     $ROOT/src/ips/matrix_accelerator/src/rtl/matrix_accelerator/ma_vectorial_unit.sv \
##     $ROOT/src/ips/matrix_accelerator/src/rtl/matrix_accelerator/ma_convolution_unit.sv \
##     $ROOT/src/ips/matrix_accelerator/src/rtl/convolution_unit/cnv_data_concat.sv \
##     $ROOT/src/ips/matrix_accelerator/src/rtl/bus_arbiters/ma_data_bus_arbiter.sv \
##     $ROOT/src/ips/matrix_accelerator/src/rtl/bus_arbiters/ma_rsp_intf_arbiter.sv \
##     $ROOT/src/ips/matrix_accelerator/src/rtl/matrix_accelerator.sv \
## ]
## add_files -norecurse -fileset [current_fileset] [list \
##     $ROOT/src/ips/matrix_accelerator/src/tests/vivado/matrix_accelerator_vivado.sv \
## ]
## add_files -norecurse -fileset [current_fileset] [list \
##     $ROOT/src/ips/riscv-dbg/src/dm_pkg.sv \
##     $ROOT/src/ips/riscv-dbg/debug_rom/debug_rom.sv \
##     $ROOT/src/ips/riscv-dbg/debug_rom/debug_rom_one_scratch.sv \
##     $ROOT/src/ips/riscv-dbg/src/dm_csrs.sv \
##     $ROOT/src/ips/riscv-dbg/src/dm_mem.sv \
##     $ROOT/src/ips/riscv-dbg/src/dmi_cdc.sv \
## ]
## add_files -norecurse -fileset [current_fileset] [list \
##     $ROOT/src/ips/riscv-dbg/src/dmi_jtag_tap.sv \
## ]
## add_files -norecurse -fileset [current_fileset] [list \
##     $ROOT/src/ips/riscv-dbg/src/dm_sba.sv \
##     $ROOT/src/ips/riscv-dbg/src/dm_top.sv \
##     $ROOT/src/ips/riscv-dbg/src/dmi_jtag.sv \
##     $ROOT/src/ips/riscv-dbg/src/dm_obi_top.sv \
## ]
## add_files -norecurse -fileset [current_fileset] [list \
##     $ROOT/src/packages/ma_cv32a6_imac_debug_config_pkg.sv \
##     $ROOT/src/rtl/jtag_debugger.sv \
## ]
## add_files -norecurse -fileset [current_fileset] [list \
##     $ROOT/src/packages/ma_cv32a6_imac_sv0_config_pkg_xilinx.sv \
##     $ROOT/src/tests/vivado/uart_mock.sv \
##     $ROOT/src/tests/vivado/ram_wrapper.sv \
##     $ROOT/src/tests/vivado/top.sv \
## ]
## add_files -norecurse -fileset [current_fileset] [list \
##     $ROOT/src/rtl/matrix_accelerator_subsystem.sv \
##     $ROOT/src/rtl/counter.sv \
##     $ROOT/src/rtl/matrix_accelerator_soc.sv \
## ]
## set_property include_dirs [list \
##     $ROOT/src/includes \
##     $ROOT/src/ips/ariane/common/local/util \
##     $ROOT/src/ips/ariane/core/include \
##     $ROOT/src/ips/axi/include \
##     $ROOT/src/ips/common_cells/include \
##     $ROOT/src/ips/matrix_accelerator/src/includes \
##     $ROOT/src/ips/poly_mem/2dprf_sv/src/includes \
## ] [current_fileset]
## set_property include_dirs [list \
##     $ROOT/src/includes \
##     $ROOT/src/ips/ariane/common/local/util \
##     $ROOT/src/ips/ariane/core/include \
##     $ROOT/src/ips/axi/include \
##     $ROOT/src/ips/common_cells/include \
##     $ROOT/src/ips/matrix_accelerator/src/includes \
##     $ROOT/src/ips/poly_mem/2dprf_sv/src/includes \
## ] [current_fileset -simset]
## set_property verilog_define [list \
##     PRF_DOUBLE_FREQ \
##     TARGET_JTAG \
##     TARGET_CV32A6_IMAC_SV0 \
##     TARGET_EXCLUDE_FIRST_PASS_DECODER \
##     TARGET_FPGA \
##     TARGET_FPGA_DEMO \
##     TARGET_RTL \
##     TARGET_SYNTHESIS \
##     TARGET_TECH_CELLS_GENERIC_INCLUDE_TC_CLK \
##     TARGET_TECH_CELLS_GENERIC_INCLUDE_TC_SRAM \
##     TARGET_VCU128 \
##     TARGET_VIVADO \
##     TARGET_XILINX \
##     COMMON_CELLS_ASSERTS_OFF \
## ] [current_fileset]
## set_property verilog_define [list \
##     PRF_DOUBLE_FREQ \
##     TARGET_JTAG \
##     TARGET_CV32A6_IMAC_SV0 \
##     TARGET_EXCLUDE_FIRST_PASS_DECODER \
##     TARGET_FPGA \
##     TARGET_FPGA_DEMO \
##     TARGET_RTL \
##     TARGET_SYNTHESIS \
##     TARGET_TECH_CELLS_GENERIC_INCLUDE_TC_CLK \
##     TARGET_TECH_CELLS_GENERIC_INCLUDE_TC_SRAM \
##     TARGET_VCU128 \
##     TARGET_VIVADO \
##     TARGET_XILINX \
##     COMMON_CELLS_ASSERTS_OFF \
## ] [current_fileset -simset]
# puts [get_property verilog_define [current_fileset]]
PRF_DOUBLE_FREQ TARGET_JTAG TARGET_CV32A6_IMAC_SV0 TARGET_EXCLUDE_FIRST_PASS_DECODER TARGET_FPGA TARGET_FPGA_DEMO TARGET_RTL TARGET_SYNTHESIS TARGET_TECH_CELLS_GENERIC_INCLUDE_TC_CLK TARGET_TECH_CELLS_GENERIC_INCLUDE_TC_SRAM TARGET_VCU128 TARGET_VIVADO TARGET_XILINX COMMON_CELLS_ASSERTS_OFF
# set_property verilog_define [concat [get_property verilog_define [current_fileset]] "PRF_LOG_P=${PRF_LOG_P}"] [current_fileset]
# puts [get_property verilog_define [current_fileset]]
PRF_DOUBLE_FREQ TARGET_JTAG TARGET_CV32A6_IMAC_SV0 TARGET_EXCLUDE_FIRST_PASS_DECODER TARGET_FPGA TARGET_FPGA_DEMO TARGET_RTL TARGET_SYNTHESIS TARGET_TECH_CELLS_GENERIC_INCLUDE_TC_CLK TARGET_TECH_CELLS_GENERIC_INCLUDE_TC_SRAM TARGET_VCU128 TARGET_VIVADO TARGET_XILINX COMMON_CELLS_ASSERTS_OFF PRF_LOG_P=1
# set_property verilog_define [concat [get_property verilog_define [current_fileset]] "PRF_LOG_Q=${PRF_LOG_Q}"] [current_fileset]
# puts [get_property verilog_define [current_fileset]]
PRF_DOUBLE_FREQ TARGET_JTAG TARGET_CV32A6_IMAC_SV0 TARGET_EXCLUDE_FIRST_PASS_DECODER TARGET_FPGA TARGET_FPGA_DEMO TARGET_RTL TARGET_SYNTHESIS TARGET_TECH_CELLS_GENERIC_INCLUDE_TC_CLK TARGET_TECH_CELLS_GENERIC_INCLUDE_TC_SRAM TARGET_VCU128 TARGET_VIVADO TARGET_XILINX COMMON_CELLS_ASSERTS_OFF PRF_LOG_P=1 PRF_LOG_Q=1
# if { ${USE_URAM} } {
#     set_property verilog_define [concat [get_property verilog_define [current_fileset]] USE_ULTRA_RAM] [current_fileset]
#     puts [get_property verilog_define [current_fileset]]
# }
PRF_DOUBLE_FREQ TARGET_JTAG TARGET_CV32A6_IMAC_SV0 TARGET_EXCLUDE_FIRST_PASS_DECODER TARGET_FPGA TARGET_FPGA_DEMO TARGET_RTL TARGET_SYNTHESIS TARGET_TECH_CELLS_GENERIC_INCLUDE_TC_CLK TARGET_TECH_CELLS_GENERIC_INCLUDE_TC_SRAM TARGET_VCU128 TARGET_VIVADO TARGET_XILINX COMMON_CELLS_ASSERTS_OFF PRF_LOG_P=1 PRF_LOG_Q=1 USE_ULTRA_RAM
# add_files "
#     $ROOT/src/ips/ariane/vendor/pulp-platform/fpga-support/rtl/BramPort.sv 
#     $ROOT/src/ips/ariane/vendor/pulp-platform/fpga-support/rtl/AsyncDpRam.sv 
#     $ROOT/src/ips/ariane/vendor/pulp-platform/fpga-support/rtl/SyncSpRamBeNx64.sv 
#     $ROOT/src/ips/ariane/vendor/pulp-platform/fpga-support/rtl/AxiToAxiLitePc.sv 
#     $ROOT/src/ips/ariane/vendor/pulp-platform/fpga-support/rtl/AxiBramLogger.sv 
#     $ROOT/src/ips/ariane/vendor/pulp-platform/fpga-support/rtl/BramLogger.sv 
#     $ROOT/src/ips/ariane/vendor/pulp-platform/fpga-support/rtl/SyncSpRamBeNx32.sv 
#     $ROOT/src/ips/ariane/vendor/pulp-platform/fpga-support/rtl/SyncSpRam.sv 
#     $ROOT/src/ips/ariane/vendor/pulp-platform/fpga-support/rtl/SyncTpRam.sv 
#     $ROOT/src/ips/ariane/vendor/pulp-platform/fpga-support/rtl/BramDwc.sv 
#     $ROOT/src/ips/ariane/vendor/pulp-platform/fpga-support/rtl/SyncDpRam.sv 
#     $ROOT/src/ips/ariane/vendor/pulp-platform/fpga-support/rtl/SyncDpRam_ind_r_w.sv 
#     $ROOT/src/ips/ariane/vendor/pulp-platform/fpga-support/rtl/TdpBramArray.sv 
#     $ROOT/src/ips/ariane/vendor/pulp-platform/fpga-support/rtl/AsyncThreePortRam.sv 
#     $ROOT/src/ips/ariane/vendor/pulp-platform/fpga-support/rtl/SyncThreePortRam.sv 
# "
WARNING: [filemgmt 56-12] File '/home/alex/Isolde/MatrixAcceleratorDemo/src/ips/ariane/vendor/pulp-platform/fpga-support/rtl/SyncSpRamBeNx64.sv' cannot be added to the project because it already exists in the project, skipping this file
# add_files -fileset constrs_1 -norecurse $ROOT/src/sdc/vivado_demo.sdc
# source $ROOT/scripts/vivado/hbm.tcl
INFO: [IP_Flow 19-234] Refreshing IP repositories
INFO: [IP_Flow 19-1704] No user IP repositories specified
INFO: [IP_Flow 19-2313] Loaded Vivado IP repository '/tools/Xilinx/Vivado/2024.1/data/ip'.
## set hbm_ram [create_ip -name hbm -vendor xilinx.com -library ip -module_name hbm_ram]
## set_property -dict [list \
##   CONFIG.USER_APB_EN {false} \
##   CONFIG.USER_AUTO_POPULATE {yes} \
##   CONFIG.USER_AXI_CLK_FREQ {450} \
##   CONFIG.USER_DEBUG_EN {FALSE} \
##   CONFIG.USER_EXAMPLE_TG {SYNTHESIZABLE} \
##   CONFIG.USER_HBM_TCK_0 {900} \
##   CONFIG.USER_MC0_BG_INTERLEAVE_EN {false} \
##   CONFIG.USER_MC0_BURST_RW_REFRESH_HOLDOFF {false} \
##   CONFIG.USER_MC0_CA_PARITY_EN {false} \
##   CONFIG.USER_MC0_DQ_PARITY_EN {false} \
##   CONFIG.USER_MC0_ECC_BYPASS {false} \
##   CONFIG.USER_MC0_ENABLE_ECC_CORRECTION {false} \
##   CONFIG.USER_MC0_EN_DATA_MASK {true} \
##   CONFIG.USER_MC0_EN_SBREF {false} \
##   CONFIG.USER_MC0_LOOKAHEAD_ACT {true} \
##   CONFIG.USER_MC0_LOOKAHEAD_PCH {true} \
##   CONFIG.USER_MC0_LOOKAHEAD_SBRF {false} \
##   CONFIG.USER_MC0_MAINTAIN_COHERENCY {true} \
##   CONFIG.USER_MC0_MANUAL_ADDR_MAP_SEL {false} \
##   CONFIG.USER_MC0_POP_EN {false} \
##   CONFIG.USER_MC0_PRE_DEF_ADDR_MAP_SEL {ROW_BANK_COLUMN} \
##   CONFIG.USER_MC0_Q_AGE_LIMIT {0x7F} \
##   CONFIG.USER_MC0_REF_TEMP_COMP {false} \
##   CONFIG.USER_MC0_REORDER_EN {false} \
##   CONFIG.USER_MC0_TEMP_CTRL_SELF_REF_INTVL {false} \
##   CONFIG.USER_MC0_TRAFFIC_OPTION {User_Defined} \
##   CONFIG.USER_MC_ENABLE_02 {FALSE} \
##   CONFIG.USER_MC_ENABLE_03 {FALSE} \
##   CONFIG.USER_MC_ENABLE_04 {FALSE} \
##   CONFIG.USER_MC_ENABLE_05 {FALSE} \
##   CONFIG.USER_MC_ENABLE_06 {FALSE} \
##   CONFIG.USER_MC_ENABLE_07 {FALSE} \
##   CONFIG.USER_SAXI_14 {false} \
##   CONFIG.USER_SAXI_15 {false} \
##   CONFIG.USER_SWITCH_ENABLE_00 {FALSE} \
##   CONFIG.USER_XSDB_INTF_EN {TRUE} \
## ] [get_ips hbm_ram]
## set riscv_loop [create_ip -name axi_memory_init -vendor xilinx.com -library ip -module_name riscv_loop]
## set_property -dict [list \
##   CONFIG.ADDR_SIZE {9} \
##   CONFIG.ADDR_WIDTH {33} \
##   CONFIG.ARUSER_WIDTH {4} \
##   CONFIG.AWUSER_WIDTH {4} \
##   CONFIG.BUSER_WIDTH {4} \
##   CONFIG.DATA_WIDTH {256} \
##   CONFIG.HAS_ACLKEN {0} \
##   CONFIG.HAS_CACHE {0} \
##   CONFIG.HAS_LOCK {0} \
##   CONFIG.HAS_PROT {0} \
##   CONFIG.HAS_QOS {0} \
##   CONFIG.HAS_REGION {0} \
##   CONFIG.ID_WIDTH {6} \
##   CONFIG.INIT_VALUE {0x0000006f0000006f0000006f0000006f0000006f0000006f0000006f0000006f} \
##   CONFIG.RUSER_WIDTH {4} \
##   CONFIG.WUSER_WIDTH {4} \
## ] [get_ips riscv_loop]
## set rama_0 [create_ip -name rama -vendor xilinx.com -library ip -module_name rama_0]
## set_property -dict [list \
##   CONFIG.ADDR_WIDTH {30} \
##   CONFIG.ID_WIDTH {6} \
## ] [get_ips rama_0]
## set axi_vip_0 [create_ip -name axi_vip -vendor xilinx.com -library ip -module_name axi_vip_0]
## set_property -dict [list \
##   CONFIG.ADDR_WIDTH {33} \
##   CONFIG.ARUSER_WIDTH {0} \
##   CONFIG.AWUSER_WIDTH {0} \
##   CONFIG.BUSER_WIDTH {0} \
##   CONFIG.DATA_WIDTH {256} \
##   CONFIG.HAS_CACHE {0} \
##   CONFIG.HAS_LOCK {0} \
##   CONFIG.HAS_PROT {0} \
##   CONFIG.HAS_QOS {0} \
##   CONFIG.HAS_REGION {0} \
##   CONFIG.HAS_SIZE {1} \
##   CONFIG.ID_WIDTH {6} \
##   CONFIG.RUSER_WIDTH {0} \
##   CONFIG.WUSER_WIDTH {0} \
## ] [get_ips axi_vip_0]
## set mem_2MB [create_ip -name blk_mem_gen -vendor xilinx.com -library ip -module_name mem_2MB]
## set_property -dict [list \
##   CONFIG.AXI_ID_Width {6} \
##   CONFIG.Coe_File [list $ROOT/src/tests/vivado/hello_world.coe] \
##   CONFIG.Interface_Type {AXI4} \
##   CONFIG.Load_Init_File {true} \
##   CONFIG.Write_Depth_A {65536} \
##   CONFIG.Write_Width_A {256} \
## ] [get_ips mem_2MB]
INFO: [IP_Flow 19-3484] Absolute path of file '/home/alex/Isolde/MatrixAcceleratorDemo/src/tests/vivado/hello_world.coe' provided. It will be converted relative to IP Instance files '../../../../../../src/tests/vivado/hello_world.coe'
## set riscv_loop_bram [create_ip -name axi_memory_init -vendor xilinx.com -library ip -module_name riscv_loop_bram]
## set_property -dict [list \
##   CONFIG.ADDR_SIZE {9} \
##   CONFIG.ADDR_WIDTH {30} \
##   CONFIG.ARUSER_WIDTH {4} \
##   CONFIG.AWUSER_WIDTH {4} \
##   CONFIG.BASE_ADDR {0x0000000000000000} \
##   CONFIG.BUSER_WIDTH {4} \
##   CONFIG.DATA_WIDTH {256} \
##   CONFIG.HAS_ACLKEN {0} \
##   CONFIG.HAS_CACHE {0} \
##   CONFIG.HAS_LOCK {0} \
##   CONFIG.HAS_PROT {0} \
##   CONFIG.HAS_QOS {0} \
##   CONFIG.HAS_REGION {0} \
##   CONFIG.ID_WIDTH {6} \
##   CONFIG.INIT_VALUE {0x0000006f0000006f0000006f0000006f0000006f0000006f0000006f0000006f} \
##   CONFIG.RUSER_WIDTH {4} \
##   CONFIG.WUSER_WIDTH {4} \
## ] [get_ips riscv_loop_bram]
# source $ROOT/scripts/vivado/pll.tcl
INFO: [Device 21-403] Loading part xcvu37p-fsvh2892-2L-e
create_ip: Time (s): cpu = 00:00:06 ; elapsed = 00:00:07 . Memory (MB): peak = 3447.781 ; gain = 1603.398 ; free physical = 13632 ; free virtual = 101872
## set pll [create_ip -name clk_wiz -vendor xilinx.com -library ip -module_name pll]
## set_property -dict [list \
##   CONFIG.AUTO_PRIMITIVE {PLL} \
##   CONFIG.CLKOUT1_DRIVES {Buffer} \
##   CONFIG.CLKOUT1_JITTER {229.362} \
##   CONFIG.CLKOUT1_PHASE_ERROR {114.212} \
##   CONFIG.CLKOUT1_REQUESTED_OUT_FREQ {10.000} \
##   CONFIG.CLKOUT2_DRIVES {Buffer} \
##   CONFIG.CLKOUT2_JITTER {200.312} \
##   CONFIG.CLKOUT2_PHASE_ERROR {114.212} \
##   CONFIG.CLKOUT2_REQUESTED_OUT_FREQ {20.000} \
##   CONFIG.CLKOUT2_USED {true} \
##   CONFIG.CLKOUT3_DRIVES {Buffer} \
##   CONFIG.CLKOUT4_DRIVES {Buffer} \
##   CONFIG.CLKOUT5_DRIVES {Buffer} \
##   CONFIG.CLKOUT6_DRIVES {Buffer} \
##   CONFIG.CLKOUT7_DRIVES {Buffer} \
##   CONFIG.CLK_OUT1_PORT {clk_out100} \
##   CONFIG.CLK_OUT2_PORT {clk_out200} \
##   CONFIG.FEEDBACK_SOURCE {FDBK_AUTO} \
##   CONFIG.MMCM_BANDWIDTH {OPTIMIZED} \
##   CONFIG.MMCM_CLKFBOUT_MULT_F {8} \
##   CONFIG.MMCM_CLKOUT0_DIVIDE_F {80} \
##   CONFIG.MMCM_CLKOUT1_DIVIDE {40} \
##   CONFIG.MMCM_COMPENSATION {AUTO} \
##   CONFIG.NUM_OUT_CLKS {2} \
##   CONFIG.OPTIMIZE_CLOCKING_STRUCTURE_EN {true} \
##   CONFIG.PRIMITIVE {Auto} \
##   CONFIG.PRIM_SOURCE {Differential_clock_capable_pin} \
##   CONFIG.RESET_PORT {resetn} \
##   CONFIG.RESET_TYPE {ACTIVE_LOW} \
##   CONFIG.USE_LOCKED {true} \
##   CONFIG.USE_RESET {true} \
## ] [get_ips pll]
# source $ROOT/scripts/vivado/uart.tcl
## set xilinx_uart [create_ip -name axi_uartlite -vendor xilinx.com -library ip -module_name xilinx_uart]
## set_property -dict [list \
##   CONFIG.C_BAUDRATE {9600} \
##   CONFIG.C_S_AXI_ACLK_FREQ_HZ_d {10} \
## ] [get_ips xilinx_uart]
# set_property top top [current_fileset]
# reorder_files -auto -disable_unused
# generate_target all [get_ips]
INFO: [IP_Flow 19-1686] Generating 'Instantiation Template' target for IP 'axi_vip_0'...
INFO: [IP_Flow 19-1686] Generating 'Synthesis' target for IP 'axi_vip_0'...
INFO: [IP_Flow 19-1686] Generating 'Simulation' target for IP 'axi_vip_0'...
INFO: [IP_Flow 19-1686] Generating 'Change Log' target for IP 'axi_vip_0'...
INFO: [IP_Flow 19-1686] Generating 'Instantiation Template' target for IP 'hbm_ram'...
INFO: [IP_Flow 19-1686] Generating 'Synthesis' target for IP 'hbm_ram'...
INFO: [IP_Flow 19-1686] Generating 'Simulation' target for IP 'hbm_ram'...
INFO: [IP_Flow 19-1686] Generating 'Change Log' target for IP 'hbm_ram'...
INFO: [IP_Flow 19-1686] Generating 'Instantiation Template' target for IP 'mem_2MB'...
INFO: [IP_Flow 19-1686] Generating 'Synthesis' target for IP 'mem_2MB'...
INFO: [IP_Flow 19-1686] Generating 'Simulation' target for IP 'mem_2MB'...
INFO: [IP_Flow 19-1686] Generating 'Miscellaneous' target for IP 'mem_2MB'...
INFO: [IP_Flow 19-1686] Generating 'Change Log' target for IP 'mem_2MB'...
INFO: [IP_Flow 19-1686] Generating 'Instantiation Template' target for IP 'pll'...
INFO: [IP_Flow 19-1686] Generating 'Synthesis' target for IP 'pll'...
INFO: [IP_Flow 19-1686] Generating 'Simulation' target for IP 'pll'...
INFO: [IP_Flow 19-1686] Generating 'Implementation' target for IP 'pll'...
INFO: [IP_Flow 19-1686] Generating 'Change Log' target for IP 'pll'...
INFO: [IP_Flow 19-1686] Generating 'Instantiation Template' target for IP 'rama_0'...
INFO: [IP_Flow 19-1686] Generating 'Synthesis' target for IP 'rama_0'...
INFO: [IP_Flow 19-1686] Generating 'Simulation' target for IP 'rama_0'...
INFO: [IP_Flow 19-5611] Unable to find an associated reset port for the interface 's_axi'. A default connection has been created.
INFO: [IP_Flow 19-5611] Unable to find an associated reset port for the interface 'm_axi'. A default connection has been created.
INFO: [IP_Flow 19-1686] Generating 'Change Log' target for IP 'rama_0'...
INFO: [IP_Flow 19-1686] Generating 'Instantiation Template' target for IP 'riscv_loop'...
INFO: [IP_Flow 19-1686] Generating 'Synthesis' target for IP 'riscv_loop'...
INFO: [IP_Flow 19-1686] Generating 'Simulation' target for IP 'riscv_loop'...
INFO: [IP_Flow 19-1686] Generating 'Change Log' target for IP 'riscv_loop'...
INFO: [IP_Flow 19-1686] Generating 'Instantiation Template' target for IP 'riscv_loop_bram'...
INFO: [IP_Flow 19-1686] Generating 'Synthesis' target for IP 'riscv_loop_bram'...
INFO: [IP_Flow 19-1686] Generating 'Simulation' target for IP 'riscv_loop_bram'...
INFO: [IP_Flow 19-1686] Generating 'Change Log' target for IP 'riscv_loop_bram'...
INFO: [IP_Flow 19-1686] Generating 'Instantiation Template' target for IP 'xilinx_uart'...
INFO: [IP_Flow 19-1686] Generating 'Synthesis' target for IP 'xilinx_uart'...
WARNING: [IP_Flow 19-4994] Overwriting existing constraint file '/home/alex/Isolde/MatrixAcceleratorDemo/runs/run_25-09-2025-145322/run_25-09-2025-145322.gen/sources_1/ip/xilinx_uart/xilinx_uart_ooc.xdc'
INFO: [IP_Flow 19-1686] Generating 'Simulation' target for IP 'xilinx_uart'...
INFO: [IP_Flow 19-1686] Generating 'Implementation' target for IP 'xilinx_uart'...
INFO: [IP_Flow 19-1686] Generating 'Change Log' target for IP 'xilinx_uart'...
# synth_ip [get_ips]
CRITICAL WARNING: [Vivado 12-5447] synth_ip is not supported in project mode, please use non-project mode.
INFO: [IP_Flow 19-234] Refreshing IP repositories
INFO: [IP_Flow 19-1704] No user IP repositories specified
INFO: [IP_Flow 19-2313] Loaded Vivado IP repository '/tools/Xilinx/Vivado/2024.1/data/ip'.
WARNING: [Vivado 12-13650] The IP file '/home/alex/Isolde/MatrixAcceleratorDemo/runs/run_25-09-2025-145322/run_25-09-2025-145322.srcs/sources_1/ip/axi_vip_0/axi_vip_0.xci' has been moved from its original location, as a result the outputs for this IP will now be generated in '/home/alex/Isolde/MatrixAcceleratorDemo/runs/run_25-09-2025-145322/run_25-09-2025-145322.gen/sources_1/ip/axi_vip_0'. Alternatively a copy of the IP can be imported into the project using one of the 'import_ip' or 'import_files' commands.
Command: synth_design -top axi_vip_0 -part xcvu37p-fsvh2892-2L-e -mode out_of_context
Starting synth_design
Attempting to get a license for feature 'Synthesis' and/or device 'xcvu37p'
INFO: [Common 17-349] Got license for feature 'Synthesis' and/or device 'xcvu37p'
INFO: [Synth 8-7079] Multithreading enabled for synth_design using a maximum of 4 processes.
INFO: [Synth 8-7078] Launching helper process for spawning children vivado processes
INFO: [Synth 8-7075] Helper process launched with PID 717127
---------------------------------------------------------------------------------
Starting RTL Elaboration : Time (s): cpu = 00:00:02 ; elapsed = 00:00:02 . Memory (MB): peak = 3914.367 ; gain = 385.645 ; free physical = 12662 ; free virtual = 100941
---------------------------------------------------------------------------------
INFO: [Synth 8-6157] synthesizing module 'axi_vip_0' [/home/alex/Isolde/MatrixAcceleratorDemo/runs/run_25-09-2025-145322/run_25-09-2025-145322.gen/sources_1/ip/axi_vip_0/synth/axi_vip_0.sv:53]
INFO: [Synth 8-6157] synthesizing module 'axi_vip_v1_1_17_top' [/home/alex/Isolde/MatrixAcceleratorDemo/runs/run_25-09-2025-145322/run_25-09-2025-145322.gen/sources_1/ip/axi_vip_0/hdl/axi_vip_v1_1_vlsyn_rfs.sv:59]
INFO: [Synth 8-6155] done synthesizing module 'axi_vip_v1_1_17_top' (0#1) [/home/alex/Isolde/MatrixAcceleratorDemo/runs/run_25-09-2025-145322/run_25-09-2025-145322.gen/sources_1/ip/axi_vip_0/hdl/axi_vip_v1_1_vlsyn_rfs.sv:59]
INFO: [Synth 8-6155] done synthesizing module 'axi_vip_0' (0#1) [/home/alex/Isolde/MatrixAcceleratorDemo/runs/run_25-09-2025-145322/run_25-09-2025-145322.gen/sources_1/ip/axi_vip_0/synth/axi_vip_0.sv:53]
WARNING: [Synth 8-7129] Port aclk in module axi_vip_v1_1_17_top is either unconnected or has no load
WARNING: [Synth 8-7129] Port aclken in module axi_vip_v1_1_17_top is either unconnected or has no load
WARNING: [Synth 8-7129] Port aresetn in module axi_vip_v1_1_17_top is either unconnected or has no load
---------------------------------------------------------------------------------
Finished RTL Elaboration : Time (s): cpu = 00:00:02 ; elapsed = 00:00:02 . Memory (MB): peak = 3998.336 ; gain = 469.613 ; free physical = 12573 ; free virtual = 100853
---------------------------------------------------------------------------------
---------------------------------------------------------------------------------
Start Handling Custom Attributes
---------------------------------------------------------------------------------
---------------------------------------------------------------------------------
Finished Handling Custom Attributes : Time (s): cpu = 00:00:02 ; elapsed = 00:00:03 . Memory (MB): peak = 3998.336 ; gain = 469.613 ; free physical = 12573 ; free virtual = 100853
---------------------------------------------------------------------------------
---------------------------------------------------------------------------------
Finished RTL Optimization Phase 1 : Time (s): cpu = 00:00:02 ; elapsed = 00:00:03 . Memory (MB): peak = 3998.336 ; gain = 469.613 ; free physical = 12573 ; free virtual = 100853
---------------------------------------------------------------------------------
Netlist sorting complete. Time (s): cpu = 00:00:00.01 ; elapsed = 00:00:00.01 . Memory (MB): peak = 3998.336 ; gain = 0.000 ; free physical = 12573 ; free virtual = 100852
INFO: [Project 1-570] Preparing netlist for logic optimization

Processing XDC Constraints
Initializing timing engine
Parsing XDC File [/home/alex/Isolde/MatrixAcceleratorDemo/runs/run_25-09-2025-145322/run_25-09-2025-145322.gen/sources_1/ip/axi_vip_0/axi_vip_0_ooc.xdc] for cell 'inst'
Finished Parsing XDC File [/home/alex/Isolde/MatrixAcceleratorDemo/runs/run_25-09-2025-145322/run_25-09-2025-145322.gen/sources_1/ip/axi_vip_0/axi_vip_0_ooc.xdc] for cell 'inst'
Completed Processing XDC Constraints

Netlist sorting complete. Time (s): cpu = 00:00:00 ; elapsed = 00:00:00 . Memory (MB): peak = 4066.391 ; gain = 0.000 ; free physical = 12559 ; free virtual = 100838
INFO: [Project 1-111] Unisim Transformation Summary:
No Unisim elements were transformed.

Constraint Validation Runtime : Time (s): cpu = 00:00:00.01 ; elapsed = 00:00:00.01 . Memory (MB): peak = 4066.391 ; gain = 0.000 ; free physical = 12559 ; free virtual = 100838
---------------------------------------------------------------------------------
Finished Constraint Validation : Time (s): cpu = 00:00:07 ; elapsed = 00:00:07 . Memory (MB): peak = 4066.391 ; gain = 537.668 ; free physical = 12492 ; free virtual = 100771
---------------------------------------------------------------------------------
---------------------------------------------------------------------------------
Start Loading Part and Timing Information
---------------------------------------------------------------------------------
Loading part: xcvu37p-fsvh2892-2L-e
INFO: [Synth 8-6742] Reading net delay rules and data
---------------------------------------------------------------------------------
Finished Loading Part and Timing Information : Time (s): cpu = 00:00:07 ; elapsed = 00:00:07 . Memory (MB): peak = 4074.395 ; gain = 545.672 ; free physical = 12492 ; free virtual = 100771
---------------------------------------------------------------------------------
---------------------------------------------------------------------------------
Start Applying 'set_property' XDC Constraints
---------------------------------------------------------------------------------
Applied set_property KEEP_HIERARCHY = SOFT for inst. (constraint file  auto generated constraint).
---------------------------------------------------------------------------------
Finished applying 'set_property' XDC Constraints : Time (s): cpu = 00:00:07 ; elapsed = 00:00:07 . Memory (MB): peak = 4074.395 ; gain = 545.672 ; free physical = 12492 ; free virtual = 100771
---------------------------------------------------------------------------------
---------------------------------------------------------------------------------
Finished RTL Optimization Phase 2 : Time (s): cpu = 00:00:07 ; elapsed = 00:00:07 . Memory (MB): peak = 4074.395 ; gain = 545.672 ; free physical = 12492 ; free virtual = 100772
---------------------------------------------------------------------------------
---------------------------------------------------------------------------------
Start RTL Component Statistics 
---------------------------------------------------------------------------------
Detailed RTL Component Info : 
---------------------------------------------------------------------------------
Finished RTL Component Statistics 
---------------------------------------------------------------------------------
---------------------------------------------------------------------------------
Start Part Resource Summary
---------------------------------------------------------------------------------
Part Resources:
DSPs: 9024 (col length:94)
BRAMs: 4032 (col length: RAMB18 288 RAMB36 144)
---------------------------------------------------------------------------------
Finished Part Resource Summary
---------------------------------------------------------------------------------
---------------------------------------------------------------------------------
Start Cross Boundary and Area Optimization
---------------------------------------------------------------------------------
WARNING: [Synth 8-7080] Parallel synthesis criteria is not met
WARNING: [Synth 8-7129] Port aclk in module axi_vip_v1_1_17_top is either unconnected or has no load
WARNING: [Synth 8-7129] Port aclken in module axi_vip_v1_1_17_top is either unconnected or has no load
WARNING: [Synth 8-7129] Port aresetn in module axi_vip_v1_1_17_top is either unconnected or has no load
---------------------------------------------------------------------------------
Finished Cross Boundary and Area Optimization : Time (s): cpu = 00:00:07 ; elapsed = 00:00:08 . Memory (MB): peak = 4074.395 ; gain = 545.672 ; free physical = 12587 ; free virtual = 100867
---------------------------------------------------------------------------------
---------------------------------------------------------------------------------
Start Applying XDC Timing Constraints
---------------------------------------------------------------------------------
---------------------------------------------------------------------------------
Finished Applying XDC Timing Constraints : Time (s): cpu = 00:00:09 ; elapsed = 00:00:09 . Memory (MB): peak = 4189.957 ; gain = 661.234 ; free physical = 12575 ; free virtual = 100855
---------------------------------------------------------------------------------
---------------------------------------------------------------------------------
Start Timing Optimization
---------------------------------------------------------------------------------
---------------------------------------------------------------------------------
Finished Timing Optimization : Time (s): cpu = 00:00:09 ; elapsed = 00:00:09 . Memory (MB): peak = 4189.957 ; gain = 661.234 ; free physical = 12575 ; free virtual = 100855
---------------------------------------------------------------------------------
---------------------------------------------------------------------------------
Start Technology Mapping
---------------------------------------------------------------------------------
---------------------------------------------------------------------------------
Finished Technology Mapping : Time (s): cpu = 00:00:09 ; elapsed = 00:00:09 . Memory (MB): peak = 4200.973 ; gain = 672.250 ; free physical = 12567 ; free virtual = 100847
---------------------------------------------------------------------------------
---------------------------------------------------------------------------------
Start IO Insertion
---------------------------------------------------------------------------------
---------------------------------------------------------------------------------
Start Flattening Before IO Insertion
---------------------------------------------------------------------------------
---------------------------------------------------------------------------------
Finished Flattening Before IO Insertion
---------------------------------------------------------------------------------
---------------------------------------------------------------------------------
Start Final Netlist Cleanup
---------------------------------------------------------------------------------
---------------------------------------------------------------------------------
Finished Final Netlist Cleanup
---------------------------------------------------------------------------------
---------------------------------------------------------------------------------
Finished IO Insertion : Time (s): cpu = 00:00:10 ; elapsed = 00:00:11 . Memory (MB): peak = 4214.848 ; gain = 686.125 ; free physical = 12553 ; free virtual = 100834
---------------------------------------------------------------------------------
---------------------------------------------------------------------------------
Start Renaming Generated Instances
---------------------------------------------------------------------------------
---------------------------------------------------------------------------------
Finished Renaming Generated Instances : Time (s): cpu = 00:00:10 ; elapsed = 00:00:11 . Memory (MB): peak = 4214.848 ; gain = 686.125 ; free physical = 12553 ; free virtual = 100834
---------------------------------------------------------------------------------
---------------------------------------------------------------------------------
Start Rebuilding User Hierarchy
---------------------------------------------------------------------------------
---------------------------------------------------------------------------------
Finished Rebuilding User Hierarchy : Time (s): cpu = 00:00:10 ; elapsed = 00:00:11 . Memory (MB): peak = 4214.848 ; gain = 686.125 ; free physical = 12553 ; free virtual = 100834
---------------------------------------------------------------------------------
---------------------------------------------------------------------------------
Start Renaming Generated Ports
---------------------------------------------------------------------------------
---------------------------------------------------------------------------------
Finished Renaming Generated Ports : Time (s): cpu = 00:00:10 ; elapsed = 00:00:11 . Memory (MB): peak = 4214.848 ; gain = 686.125 ; free physical = 12553 ; free virtual = 100834
---------------------------------------------------------------------------------
---------------------------------------------------------------------------------
Start Handling Custom Attributes
---------------------------------------------------------------------------------
---------------------------------------------------------------------------------
Finished Handling Custom Attributes : Time (s): cpu = 00:00:10 ; elapsed = 00:00:11 . Memory (MB): peak = 4214.848 ; gain = 686.125 ; free physical = 12553 ; free virtual = 100834
---------------------------------------------------------------------------------
---------------------------------------------------------------------------------
Start Renaming Generated Nets
---------------------------------------------------------------------------------
---------------------------------------------------------------------------------
Finished Renaming Generated Nets : Time (s): cpu = 00:00:10 ; elapsed = 00:00:11 . Memory (MB): peak = 4214.848 ; gain = 686.125 ; free physical = 12553 ; free virtual = 100834
---------------------------------------------------------------------------------
---------------------------------------------------------------------------------
Start Writing Synthesis Report
---------------------------------------------------------------------------------

Report BlackBoxes: 
+-+--------------+----------+
| |BlackBox name |Instances |
+-+--------------+----------+
+-+--------------+----------+

Report Cell Usage: 
+-+-----+------+
| |Cell |Count |
+-+-----+------+
+-+-----+------+
---------------------------------------------------------------------------------
Finished Writing Synthesis Report : Time (s): cpu = 00:00:10 ; elapsed = 00:00:11 . Memory (MB): peak = 4214.848 ; gain = 686.125 ; free physical = 12553 ; free virtual = 100834
---------------------------------------------------------------------------------
Synthesis finished with 0 errors, 0 critical warnings and 4 warnings.
Synthesis Optimization Runtime : Time (s): cpu = 00:00:08 ; elapsed = 00:00:08 . Memory (MB): peak = 4214.848 ; gain = 618.070 ; free physical = 12553 ; free virtual = 100834
Synthesis Optimization Complete : Time (s): cpu = 00:00:10 ; elapsed = 00:00:11 . Memory (MB): peak = 4214.855 ; gain = 686.125 ; free physical = 12553 ; free virtual = 100834
INFO: [Project 1-571] Translating synthesized netlist
Netlist sorting complete. Time (s): cpu = 00:00:00 ; elapsed = 00:00:00 . Memory (MB): peak = 4214.855 ; gain = 0.000 ; free physical = 12859 ; free virtual = 101139
INFO: [Project 1-570] Preparing netlist for logic optimization
Parsing XDC File [/home/alex/Isolde/MatrixAcceleratorDemo/runs/run_25-09-2025-145322/run_25-09-2025-145322.gen/sources_1/ip/axi_vip_0/axi_vip_0_ooc.xdc] for cell 'inst'
Finished Parsing XDC File [/home/alex/Isolde/MatrixAcceleratorDemo/runs/run_25-09-2025-145322/run_25-09-2025-145322.gen/sources_1/ip/axi_vip_0/axi_vip_0_ooc.xdc] for cell 'inst'
INFO: [Opt 31-138] Pushed 0 inverter(s) to 0 load pin(s).
Netlist sorting complete. Time (s): cpu = 00:00:00 ; elapsed = 00:00:00 . Memory (MB): peak = 4214.855 ; gain = 0.000 ; free physical = 12938 ; free virtual = 101218
INFO: [Project 1-111] Unisim Transformation Summary:
No Unisim elements were transformed.

Synth Design complete | Checksum: 53f3209e
INFO: [Common 17-83] Releasing license: Synthesis
19 Infos, 8 Warnings, 0 Critical Warnings and 0 Errors encountered.
synth_design completed successfully
synth_design: Time (s): cpu = 00:00:14 ; elapsed = 00:00:13 . Memory (MB): peak = 4214.855 ; gain = 686.133 ; free physical = 12938 ; free virtual = 101218
INFO: [Common 17-2834] synth_design peak Physical Memory [PSS] (MB): overall = 3708.725; main = 3413.337; forked = 452.484
INFO: [Common 17-2834] synth_design peak Virtual Memory [VSS] (MB): overall = 5860.270; main = 4200.977; forked = 1659.293
INFO: [Timing 38-480] Writing timing data to binary archive.
INFO: [Common 17-1381] The checkpoint '/home/alex/Isolde/MatrixAcceleratorDemo/runs/run_25-09-2025-145322/run_25-09-2025-145322.gen/sources_1/ip/axi_vip_0/axi_vip_0.dcp' has been generated.
CRITICAL WARNING: [Vivado 12-5447] synth_ip is not supported in project mode, please use non-project mode.
INFO: [IP_Flow 19-234] Refreshing IP repositories
INFO: [IP_Flow 19-1704] No user IP repositories specified
INFO: [IP_Flow 19-2313] Loaded Vivado IP repository '/tools/Xilinx/Vivado/2024.1/data/ip'.
WARNING: [Vivado 12-13650] The IP file '/home/alex/Isolde/MatrixAcceleratorDemo/runs/run_25-09-2025-145322/run_25-09-2025-145322.srcs/sources_1/ip/hbm_ram/hbm_ram.xci' has been moved from its original location, as a result the outputs for this IP will now be generated in '/home/alex/Isolde/MatrixAcceleratorDemo/runs/run_25-09-2025-145322/run_25-09-2025-145322.gen/sources_1/ip/hbm_ram'. Alternatively a copy of the IP can be imported into the project using one of the 'import_ip' or 'import_files' commands.
Command: synth_design -top hbm_ram -part xcvu37p-fsvh2892-2L-e -mode out_of_context
Starting synth_design
Attempting to get a license for feature 'Synthesis' and/or device 'xcvu37p'
INFO: [Common 17-349] Got license for feature 'Synthesis' and/or device 'xcvu37p'
INFO: [Synth 8-7079] Multithreading enabled for synth_design using a maximum of 4 processes.
---------------------------------------------------------------------------------
Starting RTL Elaboration : Time (s): cpu = 00:00:02 ; elapsed = 00:00:02 . Memory (MB): peak = 4251.191 ; gain = 8.004 ; free physical = 12707 ; free virtual = 100986
---------------------------------------------------------------------------------
INFO: [Synth 8-11241] undeclared symbol 'xsdb_apb_grant_0_s', assumed default net type 'wire' [/home/alex/Isolde/MatrixAcceleratorDemo/runs/run_25-09-2025-145322/run_25-09-2025-145322.gen/sources_1/ip/hbm_ram/hdl/hbm_v1_0_vl_rfs.sv:2319]
INFO: [Synth 8-11241] undeclared symbol 'gen_apb_wr_rd_0', assumed default net type 'wire' [/home/alex/Isolde/MatrixAcceleratorDemo/runs/run_25-09-2025-145322/run_25-09-2025-145322.gen/sources_1/ip/hbm_ram/hdl/hbm_v1_0_vl_rfs.sv:3814]
INFO: [Synth 8-11241] undeclared symbol 'xsdb_apb_grant_0_s', assumed default net type 'wire' [/home/alex/Isolde/MatrixAcceleratorDemo/runs/run_25-09-2025-145322/run_25-09-2025-145322.gen/sources_1/ip/hbm_ram/hdl/hbm_v1_0_vl_rfs.sv:3876]
INFO: [Synth 8-11241] undeclared symbol 'gen_apb_wr_rd_1', assumed default net type 'wire' [/home/alex/Isolde/MatrixAcceleratorDemo/runs/run_25-09-2025-145322/run_25-09-2025-145322.gen/sources_1/ip/hbm_ram/hdl/hbm_v1_0_vl_rfs.sv:4067]
INFO: [Synth 8-11241] undeclared symbol 'xsdb_apb_grant_1_s', assumed default net type 'wire' [/home/alex/Isolde/MatrixAcceleratorDemo/runs/run_25-09-2025-145322/run_25-09-2025-145322.gen/sources_1/ip/hbm_ram/hdl/hbm_v1_0_vl_rfs.sv:4128]
WARNING: [Synth 8-11065] parameter 'S_IDLE' becomes localparam in 'xsdb2apb' with formal parameter declaration list [/home/alex/Isolde/MatrixAcceleratorDemo/runs/run_25-09-2025-145322/run_25-09-2025-145322.gen/sources_1/ip/hbm_ram/xsdb/xsdb2apb.v:105]
WARNING: [Synth 8-11065] parameter 'S_WRITE0' becomes localparam in 'xsdb2apb' with formal parameter declaration list [/home/alex/Isolde/MatrixAcceleratorDemo/runs/run_25-09-2025-145322/run_25-09-2025-145322.gen/sources_1/ip/hbm_ram/xsdb/xsdb2apb.v:106]
WARNING: [Synth 8-11065] parameter 'S_WRITE1' becomes localparam in 'xsdb2apb' with formal parameter declaration list [/home/alex/Isolde/MatrixAcceleratorDemo/runs/run_25-09-2025-145322/run_25-09-2025-145322.gen/sources_1/ip/hbm_ram/xsdb/xsdb2apb.v:107]
WARNING: [Synth 8-11065] parameter 'S_APB_REQ' becomes localparam in 'xsdb2apb' with formal parameter declaration list [/home/alex/Isolde/MatrixAcceleratorDemo/runs/run_25-09-2025-145322/run_25-09-2025-145322.gen/sources_1/ip/hbm_ram/xsdb/xsdb2apb.v:108]
WARNING: [Synth 8-11065] parameter 'S_READ0' becomes localparam in 'xsdb2apb' with formal parameter declaration list [/home/alex/Isolde/MatrixAcceleratorDemo/runs/run_25-09-2025-145322/run_25-09-2025-145322.gen/sources_1/ip/hbm_ram/xsdb/xsdb2apb.v:110]
WARNING: [Synth 8-11065] parameter 'S_READ1' becomes localparam in 'xsdb2apb' with formal parameter declaration list [/home/alex/Isolde/MatrixAcceleratorDemo/runs/run_25-09-2025-145322/run_25-09-2025-145322.gen/sources_1/ip/hbm_ram/xsdb/xsdb2apb.v:111]
WARNING: [Synth 8-11065] parameter 'S_APB_RD0' becomes localparam in 'xsdb2apb' with formal parameter declaration list [/home/alex/Isolde/MatrixAcceleratorDemo/runs/run_25-09-2025-145322/run_25-09-2025-145322.gen/sources_1/ip/hbm_ram/xsdb/xsdb2apb.v:113]
WARNING: [Synth 8-11065] parameter 'S_APB_RD1' becomes localparam in 'xsdb2apb' with formal parameter declaration list [/home/alex/Isolde/MatrixAcceleratorDemo/runs/run_25-09-2025-145322/run_25-09-2025-145322.gen/sources_1/ip/hbm_ram/xsdb/xsdb2apb.v:114]
WARNING: [Synth 8-11065] parameter 'S_APB_RD2' becomes localparam in 'xsdb2apb' with formal parameter declaration list [/home/alex/Isolde/MatrixAcceleratorDemo/runs/run_25-09-2025-145322/run_25-09-2025-145322.gen/sources_1/ip/hbm_ram/xsdb/xsdb2apb.v:115]
WARNING: [Synth 8-11065] parameter 'S_APB_WR0' becomes localparam in 'xsdb2apb' with formal parameter declaration list [/home/alex/Isolde/MatrixAcceleratorDemo/runs/run_25-09-2025-145322/run_25-09-2025-145322.gen/sources_1/ip/hbm_ram/xsdb/xsdb2apb.v:117]
WARNING: [Synth 8-11065] parameter 'S_APB_WR1' becomes localparam in 'xsdb2apb' with formal parameter declaration list [/home/alex/Isolde/MatrixAcceleratorDemo/runs/run_25-09-2025-145322/run_25-09-2025-145322.gen/sources_1/ip/hbm_ram/xsdb/xsdb2apb.v:118]
WARNING: [Synth 8-11065] parameter 'S_ERROR' becomes localparam in 'xsdb2apb' with formal parameter declaration list [/home/alex/Isolde/MatrixAcceleratorDemo/runs/run_25-09-2025-145322/run_25-09-2025-145322.gen/sources_1/ip/hbm_ram/xsdb/xsdb2apb.v:120]
INFO: [Synth 8-6157] synthesizing module 'hbm_ram' [/home/alex/Isolde/MatrixAcceleratorDemo/runs/run_25-09-2025-145322/run_25-09-2025-145322.gen/sources_1/ip/hbm_ram/synth/hbm_ram.v:53]
INFO: [Synth 8-6157] synthesizing module 'hbm_v1_0_16' [/home/alex/Isolde/MatrixAcceleratorDemo/runs/run_25-09-2025-145322/run_25-09-2025-145322.gen/sources_1/ip/hbm_ram/hdl/rtl/hbm_v1_0_16.sv:66]
INFO: [Synth 8-6157] synthesizing module 'IBUF' [/tools/Xilinx/Vivado/2024.1/scripts/rt/data/unisim_comp.v:73643]
INFO: [Synth 8-6155] done synthesizing module 'IBUF' (0#1) [/tools/Xilinx/Vivado/2024.1/scripts/rt/data/unisim_comp.v:73643]
INFO: [Synth 8-6157] synthesizing module 'BUFG' [/tools/Xilinx/Vivado/2024.1/scripts/rt/data/unisim_comp.v:1951]
INFO: [Synth 8-6155] done synthesizing module 'BUFG' (0#1) [/tools/Xilinx/Vivado/2024.1/scripts/rt/data/unisim_comp.v:1951]
INFO: [Synth 8-6157] synthesizing module 'hbm_top' [/home/alex/Isolde/MatrixAcceleratorDemo/runs/run_25-09-2025-145322/run_25-09-2025-145322.gen/sources_1/ip/hbm_ram/hdl/hbm_v1_0_vl_rfs.sv:81]
INFO: [Synth 8-6157] synthesizing module 'xpm_memory_spram' [/tools/Xilinx/Vivado/2024.1/data/ip/xpm/xpm_memory/hdl/xpm_memory.sv:8732]
INFO: [Synth 8-6157] synthesizing module 'xpm_memory_base' [/tools/Xilinx/Vivado/2024.1/data/ip/xpm/xpm_memory/hdl/xpm_memory.sv:54]
INFO: [Synth 8-6059] Synth Info: [XPM_MEMORY 20-1] MEMORY_PRIMITIVE (0) instructs Vivado Synthesis to choose the memory primitive type. Depending on their values, other XPM_MEMORY parameters may preclude the choice of certain memory primitive types. Review XPM_MEMORY documentation and parameter values to understand any limitations, or set MEMORY_PRIMITIVE to a different value.   [/tools/Xilinx/Vivado/2024.1/data/ip/xpm/xpm_memory/hdl/xpm_memory.sv:514]
INFO: [Synth 8-3876] $readmem data file 'xpm_internal_config_file_0.mem' is read successfully [/tools/Xilinx/Vivado/2024.1/data/ip/xpm/xpm_memory/hdl/xpm_memory.sv:1201]
INFO: [Synth 8-6155] done synthesizing module 'xpm_memory_base' (0#1) [/tools/Xilinx/Vivado/2024.1/data/ip/xpm/xpm_memory/hdl/xpm_memory.sv:54]
INFO: [Synth 8-6155] done synthesizing module 'xpm_memory_spram' (0#1) [/tools/Xilinx/Vivado/2024.1/data/ip/xpm/xpm_memory/hdl/xpm_memory.sv:8732]
INFO: [Synth 8-6157] synthesizing module 'hbm_data_fetch' [/home/alex/Isolde/MatrixAcceleratorDemo/runs/run_25-09-2025-145322/run_25-09-2025-145322.gen/sources_1/ip/hbm_ram/hdl/hbm_v1_0_vl_rfs.sv:8185]
INFO: [Synth 8-6155] done synthesizing module 'hbm_data_fetch' (0#1) [/home/alex/Isolde/MatrixAcceleratorDemo/runs/run_25-09-2025-145322/run_25-09-2025-145322.gen/sources_1/ip/hbm_ram/hdl/hbm_v1_0_vl_rfs.sv:8185]
INFO: [Synth 8-6157] synthesizing module 'hbm_apb_mst' [/home/alex/Isolde/MatrixAcceleratorDemo/runs/run_25-09-2025-145322/run_25-09-2025-145322.gen/sources_1/ip/hbm_ram/hdl/hbm_v1_0_vl_rfs.sv:6820]
INFO: [Synth 8-6155] done synthesizing module 'hbm_apb_mst' (0#1) [/home/alex/Isolde/MatrixAcceleratorDemo/runs/run_25-09-2025-145322/run_25-09-2025-145322.gen/sources_1/ip/hbm_ram/hdl/hbm_v1_0_vl_rfs.sv:6820]
INFO: [Synth 8-6157] synthesizing module 'xsdb_top' [/home/alex/Isolde/MatrixAcceleratorDemo/runs/run_25-09-2025-145322/run_25-09-2025-145322.gen/sources_1/ip/hbm_ram/xsdb/xsdb_top.v:67]
INFO: [Synth 8-6157] synthesizing module 'hbm_v1_0_16_chipscope_xsdb_slave' [/home/alex/Isolde/MatrixAcceleratorDemo/runs/run_25-09-2025-145322/run_25-09-2025-145322.gen/sources_1/ip/hbm_ram/xsdb/hbm_v1_0_chipscope_xsdb_slave.sv:71]
INFO: [Synth 8-6155] done synthesizing module 'hbm_v1_0_16_chipscope_xsdb_slave' (0#1) [/home/alex/Isolde/MatrixAcceleratorDemo/runs/run_25-09-2025-145322/run_25-09-2025-145322.gen/sources_1/ip/hbm_ram/xsdb/hbm_v1_0_chipscope_xsdb_slave.sv:71]
INFO: [Synth 8-6157] synthesizing module 'xsdb2apb' [/home/alex/Isolde/MatrixAcceleratorDemo/runs/run_25-09-2025-145322/run_25-09-2025-145322.gen/sources_1/ip/hbm_ram/xsdb/xsdb2apb.v:48]
INFO: [Synth 8-6155] done synthesizing module 'xsdb2apb' (0#1) [/home/alex/Isolde/MatrixAcceleratorDemo/runs/run_25-09-2025-145322/run_25-09-2025-145322.gen/sources_1/ip/hbm_ram/xsdb/xsdb2apb.v:48]
INFO: [Synth 8-6155] done synthesizing module 'xsdb_top' (0#1) [/home/alex/Isolde/MatrixAcceleratorDemo/runs/run_25-09-2025-145322/run_25-09-2025-145322.gen/sources_1/ip/hbm_ram/xsdb/xsdb_top.v:67]
INFO: [Synth 8-6157] synthesizing module 'hbm_temp_rd' [/home/alex/Isolde/MatrixAcceleratorDemo/runs/run_25-09-2025-145322/run_25-09-2025-145322.gen/sources_1/ip/hbm_ram/hdl/hbm_v1_0_vl_rfs.sv:7336]
INFO: [Synth 8-6155] done synthesizing module 'hbm_temp_rd' (0#1) [/home/alex/Isolde/MatrixAcceleratorDemo/runs/run_25-09-2025-145322/run_25-09-2025-145322.gen/sources_1/ip/hbm_ram/hdl/hbm_v1_0_vl_rfs.sv:7336]
INFO: [Synth 8-6157] synthesizing module 'hbm_apb_arbiter' [/home/alex/Isolde/MatrixAcceleratorDemo/runs/run_25-09-2025-145322/run_25-09-2025-145322.gen/sources_1/ip/hbm_ram/hdl/hbm_v1_0_vl_rfs.sv:7829]
INFO: [Synth 8-226] default block is never used [/home/alex/Isolde/MatrixAcceleratorDemo/runs/run_25-09-2025-145322/run_25-09-2025-145322.gen/sources_1/ip/hbm_ram/hdl/hbm_v1_0_vl_rfs.sv:7981]
INFO: [Synth 8-6155] done synthesizing module 'hbm_apb_arbiter' (0#1) [/home/alex/Isolde/MatrixAcceleratorDemo/runs/run_25-09-2025-145322/run_25-09-2025-145322.gen/sources_1/ip/hbm_ram/hdl/hbm_v1_0_vl_rfs.sv:7829]
INFO: [Synth 8-6157] synthesizing module 'HBM_ONE_STACK_INTF' [/tools/Xilinx/Vivado/2024.1/scripts/rt/data/unisim_comp.v:62986]
INFO: [Synth 8-6155] done synthesizing module 'HBM_ONE_STACK_INTF' (0#1) [/tools/Xilinx/Vivado/2024.1/scripts/rt/data/unisim_comp.v:62986]
INFO: [Synth 8-6155] done synthesizing module 'hbm_top' (0#1) [/home/alex/Isolde/MatrixAcceleratorDemo/runs/run_25-09-2025-145322/run_25-09-2025-145322.gen/sources_1/ip/hbm_ram/hdl/hbm_v1_0_vl_rfs.sv:81]
INFO: [Synth 8-6155] done synthesizing module 'hbm_v1_0_16' (0#1) [/home/alex/Isolde/MatrixAcceleratorDemo/runs/run_25-09-2025-145322/run_25-09-2025-145322.gen/sources_1/ip/hbm_ram/hdl/rtl/hbm_v1_0_16.sv:66]
INFO: [Synth 8-6155] done synthesizing module 'hbm_ram' (0#1) [/home/alex/Isolde/MatrixAcceleratorDemo/runs/run_25-09-2025-145322/run_25-09-2025-145322.gen/sources_1/ip/hbm_ram/synth/hbm_ram.v:53]
WARNING: [Synth 8-6014] Unused sequential element stall_rd_r_reg was removed.  [/home/alex/Isolde/MatrixAcceleratorDemo/runs/run_25-09-2025-145322/run_25-09-2025-145322.gen/sources_1/ip/hbm_ram/hdl/hbm_v1_0_vl_rfs.sv:8377]
WARNING: [Synth 8-6014] Unused sequential element gen_apb_tran_r_reg was removed.  [/home/alex/Isolde/MatrixAcceleratorDemo/runs/run_25-09-2025-145322/run_25-09-2025-145322.gen/sources_1/ip/hbm_ram/hdl/hbm_v1_0_vl_rfs.sv:8391]
WARNING: [Synth 8-6014] Unused sequential element gen_apb_wr_rd_r_reg was removed.  [/home/alex/Isolde/MatrixAcceleratorDemo/runs/run_25-09-2025-145322/run_25-09-2025-145322.gen/sources_1/ip/hbm_ram/hdl/hbm_v1_0_vl_rfs.sv:8392]
WARNING: [Synth 8-6014] Unused sequential element gen_apb_addr_r_reg was removed.  [/home/alex/Isolde/MatrixAcceleratorDemo/runs/run_25-09-2025-145322/run_25-09-2025-145322.gen/sources_1/ip/hbm_ram/hdl/hbm_v1_0_vl_rfs.sv:8406]
WARNING: [Synth 8-6014] Unused sequential element gen_apb_data_r_reg was removed.  [/home/alex/Isolde/MatrixAcceleratorDemo/runs/run_25-09-2025-145322/run_25-09-2025-145322.gen/sources_1/ip/hbm_ram/hdl/hbm_v1_0_vl_rfs.sv:8407]
WARNING: [Synth 8-3848] Net AXI_16_DFI_AW_AERR_N in module/entity hbm_top does not have driver. [/home/alex/Isolde/MatrixAcceleratorDemo/runs/run_25-09-2025-145322/run_25-09-2025-145322.gen/sources_1/ip/hbm_ram/hdl/hbm_v1_0_vl_rfs.sv:1446]
WARNING: [Synth 8-3848] Net AXI_16_DFI_CLK_BUF in module/entity hbm_top does not have driver. [/home/alex/Isolde/MatrixAcceleratorDemo/runs/run_25-09-2025-145322/run_25-09-2025-145322.gen/sources_1/ip/hbm_ram/hdl/hbm_v1_0_vl_rfs.sv:1447]
WARNING: [Synth 8-3848] Net AXI_16_DFI_DBI_BYTE_DISABLE in module/entity hbm_top does not have driver. [/home/alex/Isolde/MatrixAcceleratorDemo/runs/run_25-09-2025-145322/run_25-09-2025-145322.gen/sources_1/ip/hbm_ram/hdl/hbm_v1_0_vl_rfs.sv:1448]
WARNING: [Synth 8-3848] Net AXI_16_DFI_DW_RDDATA_DBI in module/entity hbm_top does not have driver. [/home/alex/Isolde/MatrixAcceleratorDemo/runs/run_25-09-2025-145322/run_25-09-2025-145322.gen/sources_1/ip/hbm_ram/hdl/hbm_v1_0_vl_rfs.sv:1449]
WARNING: [Synth 8-3848] Net AXI_16_DFI_DW_RDDATA_DERR in module/entity hbm_top does not have driver. [/home/alex/Isolde/MatrixAcceleratorDemo/runs/run_25-09-2025-145322/run_25-09-2025-145322.gen/sources_1/ip/hbm_ram/hdl/hbm_v1_0_vl_rfs.sv:1450]
WARNING: [Synth 8-3848] Net AXI_16_DFI_DW_RDDATA_VALID in module/entity hbm_top does not have driver. [/home/alex/Isolde/MatrixAcceleratorDemo/runs/run_25-09-2025-145322/run_25-09-2025-145322.gen/sources_1/ip/hbm_ram/hdl/hbm_v1_0_vl_rfs.sv:1451]
WARNING: [Synth 8-3848] Net AXI_16_DFI_INIT_COMPLETE in module/entity hbm_top does not have driver. [/home/alex/Isolde/MatrixAcceleratorDemo/runs/run_25-09-2025-145322/run_25-09-2025-145322.gen/sources_1/ip/hbm_ram/hdl/hbm_v1_0_vl_rfs.sv:1452]
WARNING: [Synth 8-3848] Net AXI_16_DFI_PHYUPD_REQ in module/entity hbm_top does not have driver. [/home/alex/Isolde/MatrixAcceleratorDemo/runs/run_25-09-2025-145322/run_25-09-2025-145322.gen/sources_1/ip/hbm_ram/hdl/hbm_v1_0_vl_rfs.sv:1453]
WARNING: [Synth 8-3848] Net AXI_16_DFI_PHY_LP_STATE in module/entity hbm_top does not have driver. [/home/alex/Isolde/MatrixAcceleratorDemo/runs/run_25-09-2025-145322/run_25-09-2025-145322.gen/sources_1/ip/hbm_ram/hdl/hbm_v1_0_vl_rfs.sv:1454]
WARNING: [Synth 8-3848] Net AXI_16_DFI_RST_N_BUF in module/entity hbm_top does not have driver. [/home/alex/Isolde/MatrixAcceleratorDemo/runs/run_25-09-2025-145322/run_25-09-2025-145322.gen/sources_1/ip/hbm_ram/hdl/hbm_v1_0_vl_rfs.sv:1455]
WARNING: [Synth 8-3848] Net AXI_16_MC_STATUS in module/entity hbm_top does not have driver. [/home/alex/Isolde/MatrixAcceleratorDemo/runs/run_25-09-2025-145322/run_25-09-2025-145322.gen/sources_1/ip/hbm_ram/hdl/hbm_v1_0_vl_rfs.sv:1456]
WARNING: [Synth 8-3848] Net AXI_16_PHY_STATUS in module/entity hbm_top does not have driver. [/home/alex/Isolde/MatrixAcceleratorDemo/runs/run_25-09-2025-145322/run_25-09-2025-145322.gen/sources_1/ip/hbm_ram/hdl/hbm_v1_0_vl_rfs.sv:1457]
WARNING: [Synth 8-3848] Net AXI_17_DFI_AW_AERR_N in module/entity hbm_top does not have driver. [/home/alex/Isolde/MatrixAcceleratorDemo/runs/run_25-09-2025-145322/run_25-09-2025-145322.gen/sources_1/ip/hbm_ram/hdl/hbm_v1_0_vl_rfs.sv:1471]
WARNING: [Synth 8-3848] Net AXI_17_DFI_CLK_BUF in module/entity hbm_top does not have driver. [/home/alex/Isolde/MatrixAcceleratorDemo/runs/run_25-09-2025-145322/run_25-09-2025-145322.gen/sources_1/ip/hbm_ram/hdl/hbm_v1_0_vl_rfs.sv:1472]
WARNING: [Synth 8-3848] Net AXI_17_DFI_DBI_BYTE_DISABLE in module/entity hbm_top does not have driver. [/home/alex/Isolde/MatrixAcceleratorDemo/runs/run_25-09-2025-145322/run_25-09-2025-145322.gen/sources_1/ip/hbm_ram/hdl/hbm_v1_0_vl_rfs.sv:1473]
WARNING: [Synth 8-3848] Net AXI_17_DFI_DW_RDDATA_DBI in module/entity hbm_top does not have driver. [/home/alex/Isolde/MatrixAcceleratorDemo/runs/run_25-09-2025-145322/run_25-09-2025-145322.gen/sources_1/ip/hbm_ram/hdl/hbm_v1_0_vl_rfs.sv:1474]
WARNING: [Synth 8-3848] Net AXI_17_DFI_DW_RDDATA_DERR in module/entity hbm_top does not have driver. [/home/alex/Isolde/MatrixAcceleratorDemo/runs/run_25-09-2025-145322/run_25-09-2025-145322.gen/sources_1/ip/hbm_ram/hdl/hbm_v1_0_vl_rfs.sv:1475]
WARNING: [Synth 8-3848] Net AXI_17_DFI_DW_RDDATA_VALID in module/entity hbm_top does not have driver. [/home/alex/Isolde/MatrixAcceleratorDemo/runs/run_25-09-2025-145322/run_25-09-2025-145322.gen/sources_1/ip/hbm_ram/hdl/hbm_v1_0_vl_rfs.sv:1476]
WARNING: [Synth 8-3848] Net AXI_17_DFI_INIT_COMPLETE in module/entity hbm_top does not have driver. [/home/alex/Isolde/MatrixAcceleratorDemo/runs/run_25-09-2025-145322/run_25-09-2025-145322.gen/sources_1/ip/hbm_ram/hdl/hbm_v1_0_vl_rfs.sv:1477]
WARNING: [Synth 8-3848] Net AXI_17_DFI_PHYUPD_REQ in module/entity hbm_top does not have driver. [/home/alex/Isolde/MatrixAcceleratorDemo/runs/run_25-09-2025-145322/run_25-09-2025-145322.gen/sources_1/ip/hbm_ram/hdl/hbm_v1_0_vl_rfs.sv:1478]
WARNING: [Synth 8-3848] Net AXI_17_DFI_PHY_LP_STATE in module/entity hbm_top does not have driver. [/home/alex/Isolde/MatrixAcceleratorDemo/runs/run_25-09-2025-145322/run_25-09-2025-145322.gen/sources_1/ip/hbm_ram/hdl/hbm_v1_0_vl_rfs.sv:1479]
WARNING: [Synth 8-3848] Net AXI_17_DFI_RST_N_BUF in module/entity hbm_top does not have driver. [/home/alex/Isolde/MatrixAcceleratorDemo/runs/run_25-09-2025-145322/run_25-09-2025-145322.gen/sources_1/ip/hbm_ram/hdl/hbm_v1_0_vl_rfs.sv:1480]
WARNING: [Synth 8-3848] Net AXI_18_DFI_AW_AERR_N in module/entity hbm_top does not have driver. [/home/alex/Isolde/MatrixAcceleratorDemo/runs/run_25-09-2025-145322/run_25-09-2025-145322.gen/sources_1/ip/hbm_ram/hdl/hbm_v1_0_vl_rfs.sv:1494]
WARNING: [Synth 8-3848] Net AXI_18_DFI_CLK_BUF in module/entity hbm_top does not have driver. [/home/alex/Isolde/MatrixAcceleratorDemo/runs/run_25-09-2025-145322/run_25-09-2025-145322.gen/sources_1/ip/hbm_ram/hdl/hbm_v1_0_vl_rfs.sv:1495]
WARNING: [Synth 8-3848] Net AXI_18_DFI_DBI_BYTE_DISABLE in module/entity hbm_top does not have driver. [/home/alex/Isolde/MatrixAcceleratorDemo/runs/run_25-09-2025-145322/run_25-09-2025-145322.gen/sources_1/ip/hbm_ram/hdl/hbm_v1_0_vl_rfs.sv:1496]
WARNING: [Synth 8-3848] Net AXI_18_DFI_DW_RDDATA_DBI in module/entity hbm_top does not have driver. [/home/alex/Isolde/MatrixAcceleratorDemo/runs/run_25-09-2025-145322/run_25-09-2025-145322.gen/sources_1/ip/hbm_ram/hdl/hbm_v1_0_vl_rfs.sv:1497]
WARNING: [Synth 8-3848] Net AXI_18_DFI_DW_RDDATA_DERR in module/entity hbm_top does not have driver. [/home/alex/Isolde/MatrixAcceleratorDemo/runs/run_25-09-2025-145322/run_25-09-2025-145322.gen/sources_1/ip/hbm_ram/hdl/hbm_v1_0_vl_rfs.sv:1498]
WARNING: [Synth 8-3848] Net AXI_18_DFI_DW_RDDATA_VALID in module/entity hbm_top does not have driver. [/home/alex/Isolde/MatrixAcceleratorDemo/runs/run_25-09-2025-145322/run_25-09-2025-145322.gen/sources_1/ip/hbm_ram/hdl/hbm_v1_0_vl_rfs.sv:1499]
WARNING: [Synth 8-3848] Net AXI_18_DFI_INIT_COMPLETE in module/entity hbm_top does not have driver. [/home/alex/Isolde/MatrixAcceleratorDemo/runs/run_25-09-2025-145322/run_25-09-2025-145322.gen/sources_1/ip/hbm_ram/hdl/hbm_v1_0_vl_rfs.sv:1500]
WARNING: [Synth 8-3848] Net AXI_18_DFI_PHYUPD_REQ in module/entity hbm_top does not have driver. [/home/alex/Isolde/MatrixAcceleratorDemo/runs/run_25-09-2025-145322/run_25-09-2025-145322.gen/sources_1/ip/hbm_ram/hdl/hbm_v1_0_vl_rfs.sv:1501]
WARNING: [Synth 8-3848] Net AXI_18_DFI_PHY_LP_STATE in module/entity hbm_top does not have driver. [/home/alex/Isolde/MatrixAcceleratorDemo/runs/run_25-09-2025-145322/run_25-09-2025-145322.gen/sources_1/ip/hbm_ram/hdl/hbm_v1_0_vl_rfs.sv:1502]
WARNING: [Synth 8-3848] Net AXI_18_DFI_RST_N_BUF in module/entity hbm_top does not have driver. [/home/alex/Isolde/MatrixAcceleratorDemo/runs/run_25-09-2025-145322/run_25-09-2025-145322.gen/sources_1/ip/hbm_ram/hdl/hbm_v1_0_vl_rfs.sv:1503]
WARNING: [Synth 8-3848] Net AXI_18_MC_STATUS in module/entity hbm_top does not have driver. [/home/alex/Isolde/MatrixAcceleratorDemo/runs/run_25-09-2025-145322/run_25-09-2025-145322.gen/sources_1/ip/hbm_ram/hdl/hbm_v1_0_vl_rfs.sv:1504]
WARNING: [Synth 8-3848] Net AXI_18_PHY_STATUS in module/entity hbm_top does not have driver. [/home/alex/Isolde/MatrixAcceleratorDemo/runs/run_25-09-2025-145322/run_25-09-2025-145322.gen/sources_1/ip/hbm_ram/hdl/hbm_v1_0_vl_rfs.sv:1505]
WARNING: [Synth 8-3848] Net AXI_19_DFI_AW_AERR_N in module/entity hbm_top does not have driver. [/home/alex/Isolde/MatrixAcceleratorDemo/runs/run_25-09-2025-145322/run_25-09-2025-145322.gen/sources_1/ip/hbm_ram/hdl/hbm_v1_0_vl_rfs.sv:1519]
WARNING: [Synth 8-3848] Net AXI_19_DFI_CLK_BUF in module/entity hbm_top does not have driver. [/home/alex/Isolde/MatrixAcceleratorDemo/runs/run_25-09-2025-145322/run_25-09-2025-145322.gen/sources_1/ip/hbm_ram/hdl/hbm_v1_0_vl_rfs.sv:1520]
WARNING: [Synth 8-3848] Net AXI_19_DFI_DBI_BYTE_DISABLE in module/entity hbm_top does not have driver. [/home/alex/Isolde/MatrixAcceleratorDemo/runs/run_25-09-2025-145322/run_25-09-2025-145322.gen/sources_1/ip/hbm_ram/hdl/hbm_v1_0_vl_rfs.sv:1521]
WARNING: [Synth 8-3848] Net AXI_19_DFI_DW_RDDATA_DBI in module/entity hbm_top does not have driver. [/home/alex/Isolde/MatrixAcceleratorDemo/runs/run_25-09-2025-145322/run_25-09-2025-145322.gen/sources_1/ip/hbm_ram/hdl/hbm_v1_0_vl_rfs.sv:1522]
WARNING: [Synth 8-3848] Net AXI_19_DFI_DW_RDDATA_DERR in module/entity hbm_top does not have driver. [/home/alex/Isolde/MatrixAcceleratorDemo/runs/run_25-09-2025-145322/run_25-09-2025-145322.gen/sources_1/ip/hbm_ram/hdl/hbm_v1_0_vl_rfs.sv:1523]
WARNING: [Synth 8-3848] Net AXI_19_DFI_DW_RDDATA_VALID in module/entity hbm_top does not have driver. [/home/alex/Isolde/MatrixAcceleratorDemo/runs/run_25-09-2025-145322/run_25-09-2025-145322.gen/sources_1/ip/hbm_ram/hdl/hbm_v1_0_vl_rfs.sv:1524]
WARNING: [Synth 8-3848] Net AXI_19_DFI_INIT_COMPLETE in module/entity hbm_top does not have driver. [/home/alex/Isolde/MatrixAcceleratorDemo/runs/run_25-09-2025-145322/run_25-09-2025-145322.gen/sources_1/ip/hbm_ram/hdl/hbm_v1_0_vl_rfs.sv:1525]
WARNING: [Synth 8-3848] Net AXI_19_DFI_PHYUPD_REQ in module/entity hbm_top does not have driver. [/home/alex/Isolde/MatrixAcceleratorDemo/runs/run_25-09-2025-145322/run_25-09-2025-145322.gen/sources_1/ip/hbm_ram/hdl/hbm_v1_0_vl_rfs.sv:1526]
WARNING: [Synth 8-3848] Net AXI_19_DFI_PHY_LP_STATE in module/entity hbm_top does not have driver. [/home/alex/Isolde/MatrixAcceleratorDemo/runs/run_25-09-2025-145322/run_25-09-2025-145322.gen/sources_1/ip/hbm_ram/hdl/hbm_v1_0_vl_rfs.sv:1527]
WARNING: [Synth 8-3848] Net AXI_19_DFI_RST_N_BUF in module/entity hbm_top does not have driver. [/home/alex/Isolde/MatrixAcceleratorDemo/runs/run_25-09-2025-145322/run_25-09-2025-145322.gen/sources_1/ip/hbm_ram/hdl/hbm_v1_0_vl_rfs.sv:1528]
WARNING: [Synth 8-3848] Net AXI_20_DFI_AW_AERR_N in module/entity hbm_top does not have driver. [/home/alex/Isolde/MatrixAcceleratorDemo/runs/run_25-09-2025-145322/run_25-09-2025-145322.gen/sources_1/ip/hbm_ram/hdl/hbm_v1_0_vl_rfs.sv:1542]
WARNING: [Synth 8-3848] Net AXI_20_DFI_CLK_BUF in module/entity hbm_top does not have driver. [/home/alex/Isolde/MatrixAcceleratorDemo/runs/run_25-09-2025-145322/run_25-09-2025-145322.gen/sources_1/ip/hbm_ram/hdl/hbm_v1_0_vl_rfs.sv:1543]
WARNING: [Synth 8-3848] Net AXI_20_DFI_DBI_BYTE_DISABLE in module/entity hbm_top does not have driver. [/home/alex/Isolde/MatrixAcceleratorDemo/runs/run_25-09-2025-145322/run_25-09-2025-145322.gen/sources_1/ip/hbm_ram/hdl/hbm_v1_0_vl_rfs.sv:1544]
WARNING: [Synth 8-3848] Net AXI_20_DFI_DW_RDDATA_DBI in module/entity hbm_top does not have driver. [/home/alex/Isolde/MatrixAcceleratorDemo/runs/run_25-09-2025-145322/run_25-09-2025-145322.gen/sources_1/ip/hbm_ram/hdl/hbm_v1_0_vl_rfs.sv:1545]
WARNING: [Synth 8-3848] Net AXI_20_DFI_DW_RDDATA_DERR in module/entity hbm_top does not have driver. [/home/alex/Isolde/MatrixAcceleratorDemo/runs/run_25-09-2025-145322/run_25-09-2025-145322.gen/sources_1/ip/hbm_ram/hdl/hbm_v1_0_vl_rfs.sv:1546]
WARNING: [Synth 8-3848] Net AXI_20_DFI_DW_RDDATA_VALID in module/entity hbm_top does not have driver. [/home/alex/Isolde/MatrixAcceleratorDemo/runs/run_25-09-2025-145322/run_25-09-2025-145322.gen/sources_1/ip/hbm_ram/hdl/hbm_v1_0_vl_rfs.sv:1547]
WARNING: [Synth 8-3848] Net AXI_20_DFI_INIT_COMPLETE in module/entity hbm_top does not have driver. [/home/alex/Isolde/MatrixAcceleratorDemo/runs/run_25-09-2025-145322/run_25-09-2025-145322.gen/sources_1/ip/hbm_ram/hdl/hbm_v1_0_vl_rfs.sv:1548]
WARNING: [Synth 8-3848] Net AXI_20_DFI_PHYUPD_REQ in module/entity hbm_top does not have driver. [/home/alex/Isolde/MatrixAcceleratorDemo/runs/run_25-09-2025-145322/run_25-09-2025-145322.gen/sources_1/ip/hbm_ram/hdl/hbm_v1_0_vl_rfs.sv:1549]
WARNING: [Synth 8-3848] Net AXI_20_DFI_PHY_LP_STATE in module/entity hbm_top does not have driver. [/home/alex/Isolde/MatrixAcceleratorDemo/runs/run_25-09-2025-145322/run_25-09-2025-145322.gen/sources_1/ip/hbm_ram/hdl/hbm_v1_0_vl_rfs.sv:1550]
WARNING: [Synth 8-3848] Net AXI_20_DFI_RST_N_BUF in module/entity hbm_top does not have driver. [/home/alex/Isolde/MatrixAcceleratorDemo/runs/run_25-09-2025-145322/run_25-09-2025-145322.gen/sources_1/ip/hbm_ram/hdl/hbm_v1_0_vl_rfs.sv:1551]
WARNING: [Synth 8-3848] Net AXI_20_MC_STATUS in module/entity hbm_top does not have driver. [/home/alex/Isolde/MatrixAcceleratorDemo/runs/run_25-09-2025-145322/run_25-09-2025-145322.gen/sources_1/ip/hbm_ram/hdl/hbm_v1_0_vl_rfs.sv:1552]
WARNING: [Synth 8-3848] Net AXI_20_PHY_STATUS in module/entity hbm_top does not have driver. [/home/alex/Isolde/MatrixAcceleratorDemo/runs/run_25-09-2025-145322/run_25-09-2025-145322.gen/sources_1/ip/hbm_ram/hdl/hbm_v1_0_vl_rfs.sv:1553]
WARNING: [Synth 8-3848] Net AXI_21_DFI_AW_AERR_N in module/entity hbm_top does not have driver. [/home/alex/Isolde/MatrixAcceleratorDemo/runs/run_25-09-2025-145322/run_25-09-2025-145322.gen/sources_1/ip/hbm_ram/hdl/hbm_v1_0_vl_rfs.sv:1567]
WARNING: [Synth 8-3848] Net AXI_21_DFI_CLK_BUF in module/entity hbm_top does not have driver. [/home/alex/Isolde/MatrixAcceleratorDemo/runs/run_25-09-2025-145322/run_25-09-2025-145322.gen/sources_1/ip/hbm_ram/hdl/hbm_v1_0_vl_rfs.sv:1568]
WARNING: [Synth 8-3848] Net AXI_21_DFI_DBI_BYTE_DISABLE in module/entity hbm_top does not have driver. [/home/alex/Isolde/MatrixAcceleratorDemo/runs/run_25-09-2025-145322/run_25-09-2025-145322.gen/sources_1/ip/hbm_ram/hdl/hbm_v1_0_vl_rfs.sv:1569]
WARNING: [Synth 8-3848] Net AXI_21_DFI_DW_RDDATA_DBI in module/entity hbm_top does not have driver. [/home/alex/Isolde/MatrixAcceleratorDemo/runs/run_25-09-2025-145322/run_25-09-2025-145322.gen/sources_1/ip/hbm_ram/hdl/hbm_v1_0_vl_rfs.sv:1570]
WARNING: [Synth 8-3848] Net AXI_21_DFI_DW_RDDATA_DERR in module/entity hbm_top does not have driver. [/home/alex/Isolde/MatrixAcceleratorDemo/runs/run_25-09-2025-145322/run_25-09-2025-145322.gen/sources_1/ip/hbm_ram/hdl/hbm_v1_0_vl_rfs.sv:1571]
WARNING: [Synth 8-3848] Net AXI_21_DFI_DW_RDDATA_VALID in module/entity hbm_top does not have driver. [/home/alex/Isolde/MatrixAcceleratorDemo/runs/run_25-09-2025-145322/run_25-09-2025-145322.gen/sources_1/ip/hbm_ram/hdl/hbm_v1_0_vl_rfs.sv:1572]
WARNING: [Synth 8-3848] Net AXI_21_DFI_INIT_COMPLETE in module/entity hbm_top does not have driver. [/home/alex/Isolde/MatrixAcceleratorDemo/runs/run_25-09-2025-145322/run_25-09-2025-145322.gen/sources_1/ip/hbm_ram/hdl/hbm_v1_0_vl_rfs.sv:1573]
WARNING: [Synth 8-3848] Net AXI_21_DFI_PHYUPD_REQ in module/entity hbm_top does not have driver. [/home/alex/Isolde/MatrixAcceleratorDemo/runs/run_25-09-2025-145322/run_25-09-2025-145322.gen/sources_1/ip/hbm_ram/hdl/hbm_v1_0_vl_rfs.sv:1574]
WARNING: [Synth 8-3848] Net AXI_21_DFI_PHY_LP_STATE in module/entity hbm_top does not have driver. [/home/alex/Isolde/MatrixAcceleratorDemo/runs/run_25-09-2025-145322/run_25-09-2025-145322.gen/sources_1/ip/hbm_ram/hdl/hbm_v1_0_vl_rfs.sv:1575]
WARNING: [Synth 8-3848] Net AXI_21_DFI_RST_N_BUF in module/entity hbm_top does not have driver. [/home/alex/Isolde/MatrixAcceleratorDemo/runs/run_25-09-2025-145322/run_25-09-2025-145322.gen/sources_1/ip/hbm_ram/hdl/hbm_v1_0_vl_rfs.sv:1576]
WARNING: [Synth 8-3848] Net AXI_22_DFI_AW_AERR_N in module/entity hbm_top does not have driver. [/home/alex/Isolde/MatrixAcceleratorDemo/runs/run_25-09-2025-145322/run_25-09-2025-145322.gen/sources_1/ip/hbm_ram/hdl/hbm_v1_0_vl_rfs.sv:1590]
WARNING: [Synth 8-3848] Net AXI_22_DFI_CLK_BUF in module/entity hbm_top does not have driver. [/home/alex/Isolde/MatrixAcceleratorDemo/runs/run_25-09-2025-145322/run_25-09-2025-145322.gen/sources_1/ip/hbm_ram/hdl/hbm_v1_0_vl_rfs.sv:1591]
WARNING: [Synth 8-3848] Net AXI_22_DFI_DBI_BYTE_DISABLE in module/entity hbm_top does not have driver. [/home/alex/Isolde/MatrixAcceleratorDemo/runs/run_25-09-2025-145322/run_25-09-2025-145322.gen/sources_1/ip/hbm_ram/hdl/hbm_v1_0_vl_rfs.sv:1592]
WARNING: [Synth 8-3848] Net AXI_22_DFI_DW_RDDATA_DBI in module/entity hbm_top does not have driver. [/home/alex/Isolde/MatrixAcceleratorDemo/runs/run_25-09-2025-145322/run_25-09-2025-145322.gen/sources_1/ip/hbm_ram/hdl/hbm_v1_0_vl_rfs.sv:1593]
WARNING: [Synth 8-3848] Net AXI_22_DFI_DW_RDDATA_DERR in module/entity hbm_top does not have driver. [/home/alex/Isolde/MatrixAcceleratorDemo/runs/run_25-09-2025-145322/run_25-09-2025-145322.gen/sources_1/ip/hbm_ram/hdl/hbm_v1_0_vl_rfs.sv:1594]
WARNING: [Synth 8-3848] Net AXI_22_DFI_DW_RDDATA_VALID in module/entity hbm_top does not have driver. [/home/alex/Isolde/MatrixAcceleratorDemo/runs/run_25-09-2025-145322/run_25-09-2025-145322.gen/sources_1/ip/hbm_ram/hdl/hbm_v1_0_vl_rfs.sv:1595]
WARNING: [Synth 8-3848] Net AXI_22_DFI_INIT_COMPLETE in module/entity hbm_top does not have driver. [/home/alex/Isolde/MatrixAcceleratorDemo/runs/run_25-09-2025-145322/run_25-09-2025-145322.gen/sources_1/ip/hbm_ram/hdl/hbm_v1_0_vl_rfs.sv:1596]
WARNING: [Synth 8-3848] Net AXI_22_DFI_PHYUPD_REQ in module/entity hbm_top does not have driver. [/home/alex/Isolde/MatrixAcceleratorDemo/runs/run_25-09-2025-145322/run_25-09-2025-145322.gen/sources_1/ip/hbm_ram/hdl/hbm_v1_0_vl_rfs.sv:1597]
WARNING: [Synth 8-3848] Net AXI_22_DFI_PHY_LP_STATE in module/entity hbm_top does not have driver. [/home/alex/Isolde/MatrixAcceleratorDemo/runs/run_25-09-2025-145322/run_25-09-2025-145322.gen/sources_1/ip/hbm_ram/hdl/hbm_v1_0_vl_rfs.sv:1598]
WARNING: [Synth 8-3848] Net AXI_22_DFI_RST_N_BUF in module/entity hbm_top does not have driver. [/home/alex/Isolde/MatrixAcceleratorDemo/runs/run_25-09-2025-145322/run_25-09-2025-145322.gen/sources_1/ip/hbm_ram/hdl/hbm_v1_0_vl_rfs.sv:1599]
WARNING: [Synth 8-3848] Net AXI_22_MC_STATUS in module/entity hbm_top does not have driver. [/home/alex/Isolde/MatrixAcceleratorDemo/runs/run_25-09-2025-145322/run_25-09-2025-145322.gen/sources_1/ip/hbm_ram/hdl/hbm_v1_0_vl_rfs.sv:1600]
WARNING: [Synth 8-3848] Net AXI_22_PHY_STATUS in module/entity hbm_top does not have driver. [/home/alex/Isolde/MatrixAcceleratorDemo/runs/run_25-09-2025-145322/run_25-09-2025-145322.gen/sources_1/ip/hbm_ram/hdl/hbm_v1_0_vl_rfs.sv:1601]
WARNING: [Synth 8-3848] Net AXI_23_DFI_AW_AERR_N in module/entity hbm_top does not have driver. [/home/alex/Isolde/MatrixAcceleratorDemo/runs/run_25-09-2025-145322/run_25-09-2025-145322.gen/sources_1/ip/hbm_ram/hdl/hbm_v1_0_vl_rfs.sv:1615]
WARNING: [Synth 8-3848] Net AXI_23_DFI_CLK_BUF in module/entity hbm_top does not have driver. [/home/alex/Isolde/MatrixAcceleratorDemo/runs/run_25-09-2025-145322/run_25-09-2025-145322.gen/sources_1/ip/hbm_ram/hdl/hbm_v1_0_vl_rfs.sv:1616]
WARNING: [Synth 8-3848] Net AXI_23_DFI_DBI_BYTE_DISABLE in module/entity hbm_top does not have driver. [/home/alex/Isolde/MatrixAcceleratorDemo/runs/run_25-09-2025-145322/run_25-09-2025-145322.gen/sources_1/ip/hbm_ram/hdl/hbm_v1_0_vl_rfs.sv:1617]
WARNING: [Synth 8-3848] Net AXI_23_DFI_DW_RDDATA_DBI in module/entity hbm_top does not have driver. [/home/alex/Isolde/MatrixAcceleratorDemo/runs/run_25-09-2025-145322/run_25-09-2025-145322.gen/sources_1/ip/hbm_ram/hdl/hbm_v1_0_vl_rfs.sv:1618]
WARNING: [Synth 8-3848] Net AXI_23_DFI_DW_RDDATA_DERR in module/entity hbm_top does not have driver. [/home/alex/Isolde/MatrixAcceleratorDemo/runs/run_25-09-2025-145322/run_25-09-2025-145322.gen/sources_1/ip/hbm_ram/hdl/hbm_v1_0_vl_rfs.sv:1619]
WARNING: [Synth 8-3848] Net AXI_23_DFI_DW_RDDATA_VALID in module/entity hbm_top does not have driver. [/home/alex/Isolde/MatrixAcceleratorDemo/runs/run_25-09-2025-145322/run_25-09-2025-145322.gen/sources_1/ip/hbm_ram/hdl/hbm_v1_0_vl_rfs.sv:1620]
WARNING: [Synth 8-3848] Net AXI_23_DFI_INIT_COMPLETE in module/entity hbm_top does not have driver. [/home/alex/Isolde/MatrixAcceleratorDemo/runs/run_25-09-2025-145322/run_25-09-2025-145322.gen/sources_1/ip/hbm_ram/hdl/hbm_v1_0_vl_rfs.sv:1621]
WARNING: [Synth 8-3848] Net AXI_23_DFI_PHYUPD_REQ in module/entity hbm_top does not have driver. [/home/alex/Isolde/MatrixAcceleratorDemo/runs/run_25-09-2025-145322/run_25-09-2025-145322.gen/sources_1/ip/hbm_ram/hdl/hbm_v1_0_vl_rfs.sv:1622]
WARNING: [Synth 8-3848] Net AXI_23_DFI_PHY_LP_STATE in module/entity hbm_top does not have driver. [/home/alex/Isolde/MatrixAcceleratorDemo/runs/run_25-09-2025-145322/run_25-09-2025-145322.gen/sources_1/ip/hbm_ram/hdl/hbm_v1_0_vl_rfs.sv:1623]
WARNING: [Synth 8-3848] Net AXI_23_DFI_RST_N_BUF in module/entity hbm_top does not have driver. [/home/alex/Isolde/MatrixAcceleratorDemo/runs/run_25-09-2025-145322/run_25-09-2025-145322.gen/sources_1/ip/hbm_ram/hdl/hbm_v1_0_vl_rfs.sv:1624]
WARNING: [Synth 8-3848] Net AXI_24_DFI_AW_AERR_N in module/entity hbm_top does not have driver. [/home/alex/Isolde/MatrixAcceleratorDemo/runs/run_25-09-2025-145322/run_25-09-2025-145322.gen/sources_1/ip/hbm_ram/hdl/hbm_v1_0_vl_rfs.sv:1638]
WARNING: [Synth 8-3848] Net AXI_24_DFI_CLK_BUF in module/entity hbm_top does not have driver. [/home/alex/Isolde/MatrixAcceleratorDemo/runs/run_25-09-2025-145322/run_25-09-2025-145322.gen/sources_1/ip/hbm_ram/hdl/hbm_v1_0_vl_rfs.sv:1639]
WARNING: [Synth 8-3848] Net AXI_24_DFI_DBI_BYTE_DISABLE in module/entity hbm_top does not have driver. [/home/alex/Isolde/MatrixAcceleratorDemo/runs/run_25-09-2025-145322/run_25-09-2025-145322.gen/sources_1/ip/hbm_ram/hdl/hbm_v1_0_vl_rfs.sv:1640]
WARNING: [Synth 8-3848] Net AXI_24_DFI_DW_RDDATA_DBI in module/entity hbm_top does not have driver. [/home/alex/Isolde/MatrixAcceleratorDemo/runs/run_25-09-2025-145322/run_25-09-2025-145322.gen/sources_1/ip/hbm_ram/hdl/hbm_v1_0_vl_rfs.sv:1641]
WARNING: [Synth 8-3848] Net AXI_24_DFI_DW_RDDATA_DERR in module/entity hbm_top does not have driver. [/home/alex/Isolde/MatrixAcceleratorDemo/runs/run_25-09-2025-145322/run_25-09-2025-145322.gen/sources_1/ip/hbm_ram/hdl/hbm_v1_0_vl_rfs.sv:1642]
WARNING: [Synth 8-3848] Net AXI_24_DFI_DW_RDDATA_VALID in module/entity hbm_top does not have driver. [/home/alex/Isolde/MatrixAcceleratorDemo/runs/run_25-09-2025-145322/run_25-09-2025-145322.gen/sources_1/ip/hbm_ram/hdl/hbm_v1_0_vl_rfs.sv:1643]
WARNING: [Synth 8-3848] Net AXI_24_DFI_INIT_COMPLETE in module/entity hbm_top does not have driver. [/home/alex/Isolde/MatrixAcceleratorDemo/runs/run_25-09-2025-145322/run_25-09-2025-145322.gen/sources_1/ip/hbm_ram/hdl/hbm_v1_0_vl_rfs.sv:1644]
WARNING: [Synth 8-3848] Net AXI_24_DFI_PHYUPD_REQ in module/entity hbm_top does not have driver. [/home/alex/Isolde/MatrixAcceleratorDemo/runs/run_25-09-2025-145322/run_25-09-2025-145322.gen/sources_1/ip/hbm_ram/hdl/hbm_v1_0_vl_rfs.sv:1645]
WARNING: [Synth 8-3848] Net AXI_24_DFI_PHY_LP_STATE in module/entity hbm_top does not have driver. [/home/alex/Isolde/MatrixAcceleratorDemo/runs/run_25-09-2025-145322/run_25-09-2025-145322.gen/sources_1/ip/hbm_ram/hdl/hbm_v1_0_vl_rfs.sv:1646]
WARNING: [Synth 8-3848] Net AXI_24_DFI_RST_N_BUF in module/entity hbm_top does not have driver. [/home/alex/Isolde/MatrixAcceleratorDemo/runs/run_25-09-2025-145322/run_25-09-2025-145322.gen/sources_1/ip/hbm_ram/hdl/hbm_v1_0_vl_rfs.sv:1647]
WARNING: [Synth 8-3848] Net AXI_24_MC_STATUS in module/entity hbm_top does not have driver. [/home/alex/Isolde/MatrixAcceleratorDemo/runs/run_25-09-2025-145322/run_25-09-2025-145322.gen/sources_1/ip/hbm_ram/hdl/hbm_v1_0_vl_rfs.sv:1648]
WARNING: [Synth 8-3848] Net AXI_24_PHY_STATUS in module/entity hbm_top does not have driver. [/home/alex/Isolde/MatrixAcceleratorDemo/runs/run_25-09-2025-145322/run_25-09-2025-145322.gen/sources_1/ip/hbm_ram/hdl/hbm_v1_0_vl_rfs.sv:1649]
INFO: [Common 17-14] Message 'Synth 8-3848' appears 100 times and further instances of the messages will be disabled. Use the Tcl command set_msg_config to change the current settings.
WARNING: [Synth 8-7129] Port pslverr in module hbm_temp_rd is either unconnected or has no load
WARNING: [Synth 8-7129] Port x_clk in module xsdb2apb is either unconnected or has no load
WARNING: [Synth 8-7129] Port clkb in module xsdb_top is either unconnected or has no load
WARNING: [Synth 8-7129] Port pslverr in module hbm_apb_mst is either unconnected or has no load
WARNING: [Synth 8-7129] Port sleep in module xpm_memory_base is either unconnected or has no load
WARNING: [Synth 8-7129] Port regcea in module xpm_memory_base is either unconnected or has no load
WARNING: [Synth 8-7129] Port injectsbiterra in module xpm_memory_base is either unconnected or has no load
WARNING: [Synth 8-7129] Port injectdbiterra in module xpm_memory_base is either unconnected or has no load
WARNING: [Synth 8-7129] Port clkb in module xpm_memory_base is either unconnected or has no load
WARNING: [Synth 8-7129] Port rstb in module xpm_memory_base is either unconnected or has no load
WARNING: [Synth 8-7129] Port enb in module xpm_memory_base is either unconnected or has no load
WARNING: [Synth 8-7129] Port regceb in module xpm_memory_base is either unconnected or has no load
WARNING: [Synth 8-7129] Port web[0] in module xpm_memory_base is either unconnected or has no load
WARNING: [Synth 8-7129] Port addrb[10] in module xpm_memory_base is either unconnected or has no load
WARNING: [Synth 8-7129] Port addrb[9] in module xpm_memory_base is either unconnected or has no load
WARNING: [Synth 8-7129] Port addrb[8] in module xpm_memory_base is either unconnected or has no load
WARNING: [Synth 8-7129] Port addrb[7] in module xpm_memory_base is either unconnected or has no load
WARNING: [Synth 8-7129] Port addrb[6] in module xpm_memory_base is either unconnected or has no load
WARNING: [Synth 8-7129] Port addrb[5] in module xpm_memory_base is either unconnected or has no load
WARNING: [Synth 8-7129] Port addrb[4] in module xpm_memory_base is either unconnected or has no load
WARNING: [Synth 8-7129] Port addrb[3] in module xpm_memory_base is either unconnected or has no load
WARNING: [Synth 8-7129] Port addrb[2] in module xpm_memory_base is either unconnected or has no load
WARNING: [Synth 8-7129] Port addrb[1] in module xpm_memory_base is either unconnected or has no load
WARNING: [Synth 8-7129] Port addrb[0] in module xpm_memory_base is either unconnected or has no load
WARNING: [Synth 8-7129] Port dinb[31] in module xpm_memory_base is either unconnected or has no load
WARNING: [Synth 8-7129] Port dinb[30] in module xpm_memory_base is either unconnected or has no load
WARNING: [Synth 8-7129] Port dinb[29] in module xpm_memory_base is either unconnected or has no load
WARNING: [Synth 8-7129] Port dinb[28] in module xpm_memory_base is either unconnected or has no load
WARNING: [Synth 8-7129] Port dinb[27] in module xpm_memory_base is either unconnected or has no load
WARNING: [Synth 8-7129] Port dinb[26] in module xpm_memory_base is either unconnected or has no load
WARNING: [Synth 8-7129] Port dinb[25] in module xpm_memory_base is either unconnected or has no load
WARNING: [Synth 8-7129] Port dinb[24] in module xpm_memory_base is either unconnected or has no load
WARNING: [Synth 8-7129] Port dinb[23] in module xpm_memory_base is either unconnected or has no load
WARNING: [Synth 8-7129] Port dinb[22] in module xpm_memory_base is either unconnected or has no load
WARNING: [Synth 8-7129] Port dinb[21] in module xpm_memory_base is either unconnected or has no load
WARNING: [Synth 8-7129] Port dinb[20] in module xpm_memory_base is either unconnected or has no load
WARNING: [Synth 8-7129] Port dinb[19] in module xpm_memory_base is either unconnected or has no load
WARNING: [Synth 8-7129] Port dinb[18] in module xpm_memory_base is either unconnected or has no load
WARNING: [Synth 8-7129] Port dinb[17] in module xpm_memory_base is either unconnected or has no load
WARNING: [Synth 8-7129] Port dinb[16] in module xpm_memory_base is either unconnected or has no load
WARNING: [Synth 8-7129] Port dinb[15] in module xpm_memory_base is either unconnected or has no load
WARNING: [Synth 8-7129] Port dinb[14] in module xpm_memory_base is either unconnected or has no load
WARNING: [Synth 8-7129] Port dinb[13] in module xpm_memory_base is either unconnected or has no load
WARNING: [Synth 8-7129] Port dinb[12] in module xpm_memory_base is either unconnected or has no load
WARNING: [Synth 8-7129] Port dinb[11] in module xpm_memory_base is either unconnected or has no load
WARNING: [Synth 8-7129] Port dinb[10] in module xpm_memory_base is either unconnected or has no load
WARNING: [Synth 8-7129] Port dinb[9] in module xpm_memory_base is either unconnected or has no load
WARNING: [Synth 8-7129] Port dinb[8] in module xpm_memory_base is either unconnected or has no load
WARNING: [Synth 8-7129] Port dinb[7] in module xpm_memory_base is either unconnected or has no load
WARNING: [Synth 8-7129] Port dinb[6] in module xpm_memory_base is either unconnected or has no load
WARNING: [Synth 8-7129] Port dinb[5] in module xpm_memory_base is either unconnected or has no load
WARNING: [Synth 8-7129] Port dinb[4] in module xpm_memory_base is either unconnected or has no load
WARNING: [Synth 8-7129] Port dinb[3] in module xpm_memory_base is either unconnected or has no load
WARNING: [Synth 8-7129] Port dinb[2] in module xpm_memory_base is either unconnected or has no load
WARNING: [Synth 8-7129] Port dinb[1] in module xpm_memory_base is either unconnected or has no load
WARNING: [Synth 8-7129] Port dinb[0] in module xpm_memory_base is either unconnected or has no load
WARNING: [Synth 8-7129] Port injectsbiterrb in module xpm_memory_base is either unconnected or has no load
WARNING: [Synth 8-7129] Port injectdbiterrb in module xpm_memory_base is either unconnected or has no load
WARNING: [Synth 8-7129] Port AXI_16_DFI_AW_AERR_N[1] in module hbm_top is either unconnected or has no load
WARNING: [Synth 8-7129] Port AXI_16_DFI_AW_AERR_N[0] in module hbm_top is either unconnected or has no load
WARNING: [Synth 8-7129] Port AXI_16_DFI_CLK_BUF in module hbm_top is either unconnected or has no load
WARNING: [Synth 8-7129] Port AXI_16_DFI_DBI_BYTE_DISABLE[7] in module hbm_top is either unconnected or has no load
WARNING: [Synth 8-7129] Port AXI_16_DFI_DBI_BYTE_DISABLE[6] in module hbm_top is either unconnected or has no load
WARNING: [Synth 8-7129] Port AXI_16_DFI_DBI_BYTE_DISABLE[5] in module hbm_top is either unconnected or has no load
WARNING: [Synth 8-7129] Port AXI_16_DFI_DBI_BYTE_DISABLE[4] in module hbm_top is either unconnected or has no load
WARNING: [Synth 8-7129] Port AXI_16_DFI_DBI_BYTE_DISABLE[3] in module hbm_top is either unconnected or has no load
WARNING: [Synth 8-7129] Port AXI_16_DFI_DBI_BYTE_DISABLE[2] in module hbm_top is either unconnected or has no load
WARNING: [Synth 8-7129] Port AXI_16_DFI_DBI_BYTE_DISABLE[1] in module hbm_top is either unconnected or has no load
WARNING: [Synth 8-7129] Port AXI_16_DFI_DBI_BYTE_DISABLE[0] in module hbm_top is either unconnected or has no load
WARNING: [Synth 8-7129] Port AXI_16_DFI_DW_RDDATA_DBI[20] in module hbm_top is either unconnected or has no load
WARNING: [Synth 8-7129] Port AXI_16_DFI_DW_RDDATA_DBI[19] in module hbm_top is either unconnected or has no load
WARNING: [Synth 8-7129] Port AXI_16_DFI_DW_RDDATA_DBI[18] in module hbm_top is either unconnected or has no load
WARNING: [Synth 8-7129] Port AXI_16_DFI_DW_RDDATA_DBI[17] in module hbm_top is either unconnected or has no load
WARNING: [Synth 8-7129] Port AXI_16_DFI_DW_RDDATA_DBI[16] in module hbm_top is either unconnected or has no load
WARNING: [Synth 8-7129] Port AXI_16_DFI_DW_RDDATA_DBI[15] in module hbm_top is either unconnected or has no load
WARNING: [Synth 8-7129] Port AXI_16_DFI_DW_RDDATA_DBI[14] in module hbm_top is either unconnected or has no load
WARNING: [Synth 8-7129] Port AXI_16_DFI_DW_RDDATA_DBI[13] in module hbm_top is either unconnected or has no load
WARNING: [Synth 8-7129] Port AXI_16_DFI_DW_RDDATA_DBI[12] in module hbm_top is either unconnected or has no load
WARNING: [Synth 8-7129] Port AXI_16_DFI_DW_RDDATA_DBI[11] in module hbm_top is either unconnected or has no load
WARNING: [Synth 8-7129] Port AXI_16_DFI_DW_RDDATA_DBI[10] in module hbm_top is either unconnected or has no load
WARNING: [Synth 8-7129] Port AXI_16_DFI_DW_RDDATA_DBI[9] in module hbm_top is either unconnected or has no load
WARNING: [Synth 8-7129] Port AXI_16_DFI_DW_RDDATA_DBI[8] in module hbm_top is either unconnected or has no load
WARNING: [Synth 8-7129] Port AXI_16_DFI_DW_RDDATA_DBI[7] in module hbm_top is either unconnected or has no load
WARNING: [Synth 8-7129] Port AXI_16_DFI_DW_RDDATA_DBI[6] in module hbm_top is either unconnected or has no load
WARNING: [Synth 8-7129] Port AXI_16_DFI_DW_RDDATA_DBI[5] in module hbm_top is either unconnected or has no load
WARNING: [Synth 8-7129] Port AXI_16_DFI_DW_RDDATA_DBI[4] in module hbm_top is either unconnected or has no load
WARNING: [Synth 8-7129] Port AXI_16_DFI_DW_RDDATA_DBI[3] in module hbm_top is either unconnected or has no load
WARNING: [Synth 8-7129] Port AXI_16_DFI_DW_RDDATA_DBI[2] in module hbm_top is either unconnected or has no load
WARNING: [Synth 8-7129] Port AXI_16_DFI_DW_RDDATA_DBI[1] in module hbm_top is either unconnected or has no load
WARNING: [Synth 8-7129] Port AXI_16_DFI_DW_RDDATA_DBI[0] in module hbm_top is either unconnected or has no load
WARNING: [Synth 8-7129] Port AXI_16_DFI_DW_RDDATA_DERR[7] in module hbm_top is either unconnected or has no load
WARNING: [Synth 8-7129] Port AXI_16_DFI_DW_RDDATA_DERR[6] in module hbm_top is either unconnected or has no load
WARNING: [Synth 8-7129] Port AXI_16_DFI_DW_RDDATA_DERR[5] in module hbm_top is either unconnected or has no load
WARNING: [Synth 8-7129] Port AXI_16_DFI_DW_RDDATA_DERR[4] in module hbm_top is either unconnected or has no load
WARNING: [Synth 8-7129] Port AXI_16_DFI_DW_RDDATA_DERR[3] in module hbm_top is either unconnected or has no load
WARNING: [Synth 8-7129] Port AXI_16_DFI_DW_RDDATA_DERR[2] in module hbm_top is either unconnected or has no load
WARNING: [Synth 8-7129] Port AXI_16_DFI_DW_RDDATA_DERR[1] in module hbm_top is either unconnected or has no load
WARNING: [Synth 8-7129] Port AXI_16_DFI_DW_RDDATA_DERR[0] in module hbm_top is either unconnected or has no load
WARNING: [Synth 8-7129] Port AXI_16_DFI_DW_RDDATA_VALID[1] in module hbm_top is either unconnected or has no load
WARNING: [Synth 8-7129] Port AXI_16_DFI_DW_RDDATA_VALID[0] in module hbm_top is either unconnected or has no load
INFO: [Common 17-14] Message 'Synth 8-7129' appears 100 times and further instances of the messages will be disabled. Use the Tcl command set_msg_config to change the current settings.
---------------------------------------------------------------------------------
Finished RTL Elaboration : Time (s): cpu = 00:00:03 ; elapsed = 00:00:03 . Memory (MB): peak = 4251.191 ; gain = 8.004 ; free physical = 12708 ; free virtual = 100988
---------------------------------------------------------------------------------
---------------------------------------------------------------------------------
Start Handling Custom Attributes
---------------------------------------------------------------------------------
---------------------------------------------------------------------------------
Finished Handling Custom Attributes : Time (s): cpu = 00:00:03 ; elapsed = 00:00:03 . Memory (MB): peak = 4251.191 ; gain = 8.004 ; free physical = 12708 ; free virtual = 100988
---------------------------------------------------------------------------------
---------------------------------------------------------------------------------
Finished RTL Optimization Phase 1 : Time (s): cpu = 00:00:03 ; elapsed = 00:00:03 . Memory (MB): peak = 4251.191 ; gain = 8.004 ; free physical = 12708 ; free virtual = 100988
---------------------------------------------------------------------------------
Netlist sorting complete. Time (s): cpu = 00:00:00.07 ; elapsed = 00:00:00.08 . Memory (MB): peak = 4251.191 ; gain = 0.000 ; free physical = 12708 ; free virtual = 100988
INFO: [Netlist 29-17] Analyzing 3 Unisim elements for replacement
INFO: [Netlist 29-28] Unisim Transformation completed in 0 CPU seconds
INFO: [Project 1-570] Preparing netlist for logic optimization

Processing XDC Constraints
Initializing timing engine
Parsing XDC File [/home/alex/Isolde/MatrixAcceleratorDemo/runs/run_25-09-2025-145322/run_25-09-2025-145322.gen/sources_1/ip/hbm_ram/hdl/par/hbm_ram_ooc.xdc] for cell 'inst'
Finished Parsing XDC File [/home/alex/Isolde/MatrixAcceleratorDemo/runs/run_25-09-2025-145322/run_25-09-2025-145322.gen/sources_1/ip/hbm_ram/hdl/par/hbm_ram_ooc.xdc] for cell 'inst'
Parsing XDC File [/home/alex/Isolde/MatrixAcceleratorDemo/runs/run_25-09-2025-145322/run_25-09-2025-145322.gen/sources_1/ip/hbm_ram/hdl/par/hbm_ip.xdc] for cell 'inst'
Finished Parsing XDC File [/home/alex/Isolde/MatrixAcceleratorDemo/runs/run_25-09-2025-145322/run_25-09-2025-145322.gen/sources_1/ip/hbm_ram/hdl/par/hbm_ip.xdc] for cell 'inst'
Completed Processing XDC Constraints

Netlist sorting complete. Time (s): cpu = 00:00:00.01 ; elapsed = 00:00:00 . Memory (MB): peak = 4285.004 ; gain = 0.000 ; free physical = 12687 ; free virtual = 100967
INFO: [Project 1-111] Unisim Transformation Summary:
  A total of 3 instances were transformed.
  BUFG => BUFGCE: 1 instance 
  HBM_ONE_STACK_INTF => HBM_ONE_STACK_INTF (HBM_REF_CLK, HBM_SNGLBLI_INTF_APB, HBM_SNGLBLI_INTF_AXI(x16)): 1 instance 
  IBUF => IBUF (IBUFCTRL, INBUF): 1 instance 

Constraint Validation Runtime : Time (s): cpu = 00:00:00.03 ; elapsed = 00:00:00.03 . Memory (MB): peak = 4285.004 ; gain = 0.000 ; free physical = 12687 ; free virtual = 100967
---------------------------------------------------------------------------------
Finished Constraint Validation : Time (s): cpu = 00:00:08 ; elapsed = 00:00:09 . Memory (MB): peak = 4285.004 ; gain = 41.816 ; free physical = 12581 ; free virtual = 100861
---------------------------------------------------------------------------------
---------------------------------------------------------------------------------
Start Loading Part and Timing Information
---------------------------------------------------------------------------------
Loading part: xcvu37p-fsvh2892-2L-e
INFO: [Synth 8-6742] Reading net delay rules and data
---------------------------------------------------------------------------------
Finished Loading Part and Timing Information : Time (s): cpu = 00:00:08 ; elapsed = 00:00:09 . Memory (MB): peak = 4285.004 ; gain = 41.816 ; free physical = 12581 ; free virtual = 100861
---------------------------------------------------------------------------------
---------------------------------------------------------------------------------
Start Applying 'set_property' XDC Constraints
---------------------------------------------------------------------------------
Applied set_property KEEP_HIERARCHY = SOFT for inst. (constraint file  auto generated constraint).
---------------------------------------------------------------------------------
Finished applying 'set_property' XDC Constraints : Time (s): cpu = 00:00:08 ; elapsed = 00:00:09 . Memory (MB): peak = 4285.004 ; gain = 41.816 ; free physical = 12581 ; free virtual = 100861
---------------------------------------------------------------------------------
INFO: [Synth 8-802] inferred FSM for state register 'curr_state_reg' in module 'hbm_apb_mst'
INFO: [Synth 8-802] inferred FSM for state register 'main_fsm_curr_state_reg' in module 'hbm_temp_rd'
INFO: [Synth 8-802] inferred FSM for state register 'apb_fsm_curr_state_reg' in module 'hbm_temp_rd'
---------------------------------------------------------------------------------------------------
                   State |                     New Encoding |                Previous Encoding 
---------------------------------------------------------------------------------------------------
*
                  C_IDLE |                              001 |                              001
                 C_SETUP |                              010 |                              010
                C_ACCESS |                              100 |                              100
---------------------------------------------------------------------------------------------------
INFO: [Synth 8-3898] No Re-encoding of one hot register 'curr_state_reg' in module 'hbm_apb_mst'
INFO: [Synth 8-6904] The RAM "xsdb2apb:/scratchpad_reg" of size (depth=8 x width=16) is automatically implemented using LUTRAM. BRAM implementation would be inefficient 
---------------------------------------------------------------------------------------------------
                   State |                     New Encoding |                Previous Encoding 
---------------------------------------------------------------------------------------------------
*
              C_APB_IDLE |                              001 |                              001
             C_APB_SETUP |                              010 |                              010
            C_APB_ACCESS |                              100 |                              100
---------------------------------------------------------------------------------------------------
INFO: [Synth 8-3898] No Re-encoding of one hot register 'apb_fsm_curr_state_reg' in module 'hbm_temp_rd'
---------------------------------------------------------------------------------------------------
                   State |                     New Encoding |                Previous Encoding 
---------------------------------------------------------------------------------------------------
*
                  C_IDLE |                           000001 |                           000001
           C_WAIT_INTRVL |                           000010 |                           000010
           C_APB_ACC_REQ |                           000100 |                           000100
     C_SEND_TEMP_ACC_CMD |                           001000 |                           001000
  C_POLL_TEMP_ACC_CMD_ST |                           010000 |                           010000
             C_READ_TEMP |                           100000 |                           100000
---------------------------------------------------------------------------------------------------
INFO: [Synth 8-3898] No Re-encoding of one hot register 'main_fsm_curr_state_reg' in module 'hbm_temp_rd'
---------------------------------------------------------------------------------
Finished RTL Optimization Phase 2 : Time (s): cpu = 00:00:09 ; elapsed = 00:00:09 . Memory (MB): peak = 4285.004 ; gain = 41.816 ; free physical = 12579 ; free virtual = 100861
---------------------------------------------------------------------------------
---------------------------------------------------------------------------------
Start RTL Component Statistics 
---------------------------------------------------------------------------------
Detailed RTL Component Info : 
+---Adders : 
	   2 Input   11 Bit       Adders := 1     
	   2 Input    8 Bit       Adders := 1     
	   2 Input    2 Bit       Adders := 2     
+---Registers : 
	              128 Bit    Registers := 1     
	               32 Bit    Registers := 12    
	               22 Bit    Registers := 10    
	               17 Bit    Registers := 1     
	               16 Bit    Registers := 9     
	               11 Bit    Registers := 1     
	                8 Bit    Registers := 1     
	                7 Bit    Registers := 1     
	                5 Bit    Registers := 1     
	                2 Bit    Registers := 2     
	                1 Bit    Registers := 53    
+---RAMs : 
	              64K Bit	(2048 X 32 bit)          RAMs := 1     
	              128 Bit	(8 X 16 bit)          RAMs := 1     
+---Muxes : 
	   2 Input   32 Bit        Muxes := 15    
	  13 Input   32 Bit        Muxes := 2     
	   4 Input   32 Bit        Muxes := 1     
	   5 Input   24 Bit        Muxes := 1     
	   2 Input   22 Bit        Muxes := 11    
	   5 Input   22 Bit        Muxes := 1     
	   4 Input   22 Bit        Muxes := 1     
	   2 Input   16 Bit        Muxes := 6     
	  13 Input   16 Bit        Muxes := 2     
	  29 Input   16 Bit        Muxes := 1     
	   2 Input   13 Bit        Muxes := 1     
	   3 Input   12 Bit        Muxes := 1     
	   2 Input   10 Bit        Muxes := 1     
	   3 Input   10 Bit        Muxes := 1     
	  13 Input    8 Bit        Muxes := 1     
	   2 Input    8 Bit        Muxes := 2     
	   2 Input    6 Bit        Muxes := 5     
	   7 Input    6 Bit        Muxes := 2     
	   2 Input    5 Bit        Muxes := 2     
	   2 Input    4 Bit        Muxes := 2     
	   5 Input    3 Bit        Muxes := 2     
	   4 Input    3 Bit        Muxes := 4     
	   2 Input    3 Bit        Muxes := 11    
	   3 Input    3 Bit        Muxes := 1     
	   2 Input    2 Bit        Muxes := 9     
	   5 Input    2 Bit        Muxes := 1     
	   2 Input    1 Bit        Muxes := 85    
	   5 Input    1 Bit        Muxes := 1     
	  13 Input    1 Bit        Muxes := 21    
	   3 Input    1 Bit        Muxes := 5     
	   4 Input    1 Bit        Muxes := 6     
---------------------------------------------------------------------------------
Finished RTL Component Statistics 
---------------------------------------------------------------------------------
---------------------------------------------------------------------------------
Start Part Resource Summary
---------------------------------------------------------------------------------
Part Resources:
DSPs: 9024 (col length:94)
BRAMs: 4032 (col length: RAMB18 288 RAMB36 144)
---------------------------------------------------------------------------------
Finished Part Resource Summary
---------------------------------------------------------------------------------
---------------------------------------------------------------------------------
Start Cross Boundary and Area Optimization
---------------------------------------------------------------------------------
WARNING: [Synth 8-7080] Parallel synthesis criteria is not met
INFO: [Synth 8-6904] The RAM "inst/\ONE_STACK.u_hbm_top /\ONE_STACK_HBM.u_xsdb_top_0 /xsdb2adb_u0/scratchpad_reg" of size (depth=8 x width=16) is automatically implemented using LUTRAM. BRAM implementation would be inefficient 
INFO: [Synth 8-6904] The RAM "inst/ONE_STACK.u_hbm_top/ONE_STACK_HBM.u_xsdb_top_0/xsdb2adb_u0/scratchpad_reg" of size (depth=8 x width=16) is automatically implemented using LUTRAM. BRAM implementation would be inefficient 
---------------------------------------------------------------------------------
Finished Cross Boundary and Area Optimization : Time (s): cpu = 00:00:12 ; elapsed = 00:00:12 . Memory (MB): peak = 4285.004 ; gain = 41.816 ; free physical = 12554 ; free virtual = 100835
---------------------------------------------------------------------------------
---------------------------------------------------------------------------------
Start ROM, RAM, DSP, Shift Register and Retiming Reporting
---------------------------------------------------------------------------------

Block RAM: Preliminary Mapping Report (see note below)
+-----------------+----------------------------------+------------------------+---+---+------------------------+---+---+------------------+--------+--------+-----------------+
|Module Name      | RTL Object                       | PORT A (Depth x Width) | W | R | PORT B (Depth x Width) | W | R | Ports driving FF | RAMB18 | RAMB36 | Cascade Heights | 
+-----------------+----------------------------------+------------------------+---+---+------------------------+---+---+------------------+--------+--------+-----------------+
|xpm_memory_base: | gen_wr_a.gen_word_narrow.mem_reg | 2 K x 32(READ_FIRST)   | W | R |                        |   |   | Port A           | 0      | 2      | 1,1             | 
+-----------------+----------------------------------+------------------------+---+---+------------------------+---+---+------------------+--------+--------+-----------------+

Note: The table above is a preliminary report that shows the Block RAMs at the current stage of the synthesis flow. Some Block RAMs may be reimplemented as non Block RAM primitives later in the synthesis flow. Multiple instantiated Block RAMs are reported only once. 

Distributed RAM: Preliminary Mapping Report (see note below)
+------------+---------------------------------------------------------------------------+-----------+----------------------+----------------+
|Module Name | RTL Object                                                                | Inference | Size (Depth x Width) | Primitives     | 
+------------+---------------------------------------------------------------------------+-----------+----------------------+----------------+
|inst        | ONE_STACK.u_hbm_top/ONE_STACK_HBM.u_xsdb_top_0/xsdb2adb_u0/scratchpad_reg | Implied   | 8 x 16               | RAM16X1S x 16  | 
+------------+---------------------------------------------------------------------------+-----------+----------------------+----------------+

Note: The table above is a preliminary report that shows the Distributed RAMs at the current stage of the synthesis flow. Some Distributed RAMs may be reimplemented as non Distributed RAM primitives later in the synthesis flow. Multiple instantiated RAMs are reported only once.
---------------------------------------------------------------------------------
Finished ROM, RAM, DSP, Shift Register and Retiming Reporting
---------------------------------------------------------------------------------
---------------------------------------------------------------------------------
Start Applying XDC Timing Constraints
---------------------------------------------------------------------------------
---------------------------------------------------------------------------------
Finished Applying XDC Timing Constraints : Time (s): cpu = 00:00:13 ; elapsed = 00:00:13 . Memory (MB): peak = 4313.691 ; gain = 70.504 ; free physical = 12544 ; free virtual = 100826
---------------------------------------------------------------------------------
---------------------------------------------------------------------------------
Start Timing Optimization
---------------------------------------------------------------------------------
---------------------------------------------------------------------------------
Finished Timing Optimization : Time (s): cpu = 00:00:13 ; elapsed = 00:00:13 . Memory (MB): peak = 4341.699 ; gain = 98.512 ; free physical = 12514 ; free virtual = 100795
---------------------------------------------------------------------------------
---------------------------------------------------------------------------------
Start ROM, RAM, DSP, Shift Register and Retiming Reporting
---------------------------------------------------------------------------------

Block RAM: Final Mapping Report
+-----------------+----------------------------------+------------------------+---+---+------------------------+---+---+------------------+--------+--------+-----------------+
|Module Name      | RTL Object                       | PORT A (Depth x Width) | W | R | PORT B (Depth x Width) | W | R | Ports driving FF | RAMB18 | RAMB36 | Cascade Heights | 
+-----------------+----------------------------------+------------------------+---+---+------------------------+---+---+------------------+--------+--------+-----------------+
|xpm_memory_base: | gen_wr_a.gen_word_narrow.mem_reg | 2 K x 32(READ_FIRST)   | W | R |                        |   |   | Port A           | 0      | 2      | 1,1             | 
+-----------------+----------------------------------+------------------------+---+---+------------------------+---+---+------------------+--------+--------+-----------------+


Distributed RAM: Final Mapping Report
+------------+---------------------------------------------------------------------------+-----------+----------------------+----------------+
|Module Name | RTL Object                                                                | Inference | Size (Depth x Width) | Primitives     | 
+------------+---------------------------------------------------------------------------+-----------+----------------------+----------------+
|inst        | ONE_STACK.u_hbm_top/ONE_STACK_HBM.u_xsdb_top_0/xsdb2adb_u0/scratchpad_reg | Implied   | 8 x 16               | RAM16X1S x 16  | 
+------------+---------------------------------------------------------------------------+-----------+----------------------+----------------+

---------------------------------------------------------------------------------
Finished ROM, RAM, DSP, Shift Register and Retiming Reporting
---------------------------------------------------------------------------------
---------------------------------------------------------------------------------
Start Technology Mapping
---------------------------------------------------------------------------------
INFO: [Synth 8-7052] The timing for the instance inst/ONE_STACK.u_hbm_top/ONE_STACK_HBM.xpm_memory_spram_inst_0/xpm_memory_base_inst/gen_wr_a.gen_word_narrow.mem_reg_bram_0 (implemented as a Block RAM) might be sub-optimal as no optional output register could be merged into the ram block. Providing additional output register may help in improving timing.
INFO: [Synth 8-7052] The timing for the instance inst/ONE_STACK.u_hbm_top/ONE_STACK_HBM.xpm_memory_spram_inst_0/xpm_memory_base_inst/gen_wr_a.gen_word_narrow.mem_reg_bram_1 (implemented as a Block RAM) might be sub-optimal as no optional output register could be merged into the ram block. Providing additional output register may help in improving timing.
---------------------------------------------------------------------------------
Finished Technology Mapping : Time (s): cpu = 00:00:16 ; elapsed = 00:00:17 . Memory (MB): peak = 4373.730 ; gain = 130.543 ; free physical = 12492 ; free virtual = 100773
---------------------------------------------------------------------------------
---------------------------------------------------------------------------------
Start IO Insertion
---------------------------------------------------------------------------------
---------------------------------------------------------------------------------
Start Flattening Before IO Insertion
---------------------------------------------------------------------------------
---------------------------------------------------------------------------------
Finished Flattening Before IO Insertion
---------------------------------------------------------------------------------
---------------------------------------------------------------------------------
Start Final Netlist Cleanup
---------------------------------------------------------------------------------
---------------------------------------------------------------------------------
Finished Final Netlist Cleanup
---------------------------------------------------------------------------------
INFO: [Synth 8-3295] tying undriven pin ONE_STACK.u_hbm_top/sl_oport1_inferred:in0[16] to constant 0
INFO: [Synth 8-3295] tying undriven pin ONE_STACK.u_hbm_top/sl_oport1_inferred:in0[15] to constant 0
INFO: [Synth 8-3295] tying undriven pin ONE_STACK.u_hbm_top/sl_oport1_inferred:in0[14] to constant 0
INFO: [Synth 8-3295] tying undriven pin ONE_STACK.u_hbm_top/sl_oport1_inferred:in0[13] to constant 0
INFO: [Synth 8-3295] tying undriven pin ONE_STACK.u_hbm_top/sl_oport1_inferred:in0[12] to constant 0
INFO: [Synth 8-3295] tying undriven pin ONE_STACK.u_hbm_top/sl_oport1_inferred:in0[11] to constant 0
INFO: [Synth 8-3295] tying undriven pin ONE_STACK.u_hbm_top/sl_oport1_inferred:in0[10] to constant 0
INFO: [Synth 8-3295] tying undriven pin ONE_STACK.u_hbm_top/sl_oport1_inferred:in0[9] to constant 0
INFO: [Synth 8-3295] tying undriven pin ONE_STACK.u_hbm_top/sl_oport1_inferred:in0[8] to constant 0
INFO: [Synth 8-3295] tying undriven pin ONE_STACK.u_hbm_top/sl_oport1_inferred:in0[7] to constant 0
INFO: [Synth 8-3295] tying undriven pin ONE_STACK.u_hbm_top/sl_oport1_inferred:in0[6] to constant 0
INFO: [Synth 8-3295] tying undriven pin ONE_STACK.u_hbm_top/sl_oport1_inferred:in0[5] to constant 0
INFO: [Synth 8-3295] tying undriven pin ONE_STACK.u_hbm_top/sl_oport1_inferred:in0[4] to constant 0
INFO: [Synth 8-3295] tying undriven pin ONE_STACK.u_hbm_top/sl_oport1_inferred:in0[3] to constant 0
INFO: [Synth 8-3295] tying undriven pin ONE_STACK.u_hbm_top/sl_oport1_inferred:in0[2] to constant 0
INFO: [Synth 8-3295] tying undriven pin ONE_STACK.u_hbm_top/sl_oport1_inferred:in0[1] to constant 0
INFO: [Synth 8-3295] tying undriven pin ONE_STACK.u_hbm_top/sl_oport1_inferred:in0[0] to constant 0
---------------------------------------------------------------------------------
Finished IO Insertion : Time (s): cpu = 00:00:19 ; elapsed = 00:00:19 . Memory (MB): peak = 4373.730 ; gain = 130.543 ; free physical = 12389 ; free virtual = 100670
---------------------------------------------------------------------------------
---------------------------------------------------------------------------------
Start Renaming Generated Instances
---------------------------------------------------------------------------------
---------------------------------------------------------------------------------
Finished Renaming Generated Instances : Time (s): cpu = 00:00:19 ; elapsed = 00:00:19 . Memory (MB): peak = 4373.730 ; gain = 130.543 ; free physical = 12389 ; free virtual = 100670
---------------------------------------------------------------------------------
---------------------------------------------------------------------------------
Start Rebuilding User Hierarchy
---------------------------------------------------------------------------------
---------------------------------------------------------------------------------
Finished Rebuilding User Hierarchy : Time (s): cpu = 00:00:19 ; elapsed = 00:00:19 . Memory (MB): peak = 4373.730 ; gain = 130.543 ; free physical = 12389 ; free virtual = 100670
---------------------------------------------------------------------------------
---------------------------------------------------------------------------------
Start Renaming Generated Ports
---------------------------------------------------------------------------------
---------------------------------------------------------------------------------
Finished Renaming Generated Ports : Time (s): cpu = 00:00:19 ; elapsed = 00:00:19 . Memory (MB): peak = 4373.730 ; gain = 130.543 ; free physical = 12389 ; free virtual = 100670
---------------------------------------------------------------------------------
---------------------------------------------------------------------------------
Start Handling Custom Attributes
---------------------------------------------------------------------------------
---------------------------------------------------------------------------------
Finished Handling Custom Attributes : Time (s): cpu = 00:00:19 ; elapsed = 00:00:19 . Memory (MB): peak = 4373.730 ; gain = 130.543 ; free physical = 12389 ; free virtual = 100670
---------------------------------------------------------------------------------
---------------------------------------------------------------------------------
Start Renaming Generated Nets
---------------------------------------------------------------------------------
---------------------------------------------------------------------------------
Finished Renaming Generated Nets : Time (s): cpu = 00:00:19 ; elapsed = 00:00:19 . Memory (MB): peak = 4373.730 ; gain = 130.543 ; free physical = 12389 ; free virtual = 100670
---------------------------------------------------------------------------------
---------------------------------------------------------------------------------
Start Writing Synthesis Report
---------------------------------------------------------------------------------

Report BlackBoxes: 
+-+--------------+----------+
| |BlackBox name |Instances |
+-+--------------+----------+
+-+--------------+----------+

Report Cell Usage: 
+------+-------------------+------+
|      |Cell               |Count |
+------+-------------------+------+
|1     |BUFG               |     1|
|2     |CARRY8             |    10|
|3     |HBM_ONE_STACK_INTF |     1|
|4     |LUT1               |    21|
|5     |LUT2               |   149|
|6     |LUT3               |   102|
|7     |LUT4               |   123|
|8     |LUT5               |   260|
|9     |LUT6               |   275|
|10    |RAM16X1S           |    16|
|11    |RAMB36E2           |     2|
|13    |FDCE               |   422|
|14    |FDPE               |     3|
|15    |FDRE               |   399|
|16    |IBUF               |     1|
+------+-------------------+------+
---------------------------------------------------------------------------------
Finished Writing Synthesis Report : Time (s): cpu = 00:00:19 ; elapsed = 00:00:19 . Memory (MB): peak = 4373.730 ; gain = 130.543 ; free physical = 12389 ; free virtual = 100670
---------------------------------------------------------------------------------
Synthesis finished with 0 errors, 0 critical warnings and 31455 warnings.
Synthesis Optimization Runtime : Time (s): cpu = 00:00:16 ; elapsed = 00:00:16 . Memory (MB): peak = 4373.730 ; gain = 96.730 ; free physical = 12389 ; free virtual = 100670
Synthesis Optimization Complete : Time (s): cpu = 00:00:19 ; elapsed = 00:00:19 . Memory (MB): peak = 4373.738 ; gain = 130.543 ; free physical = 12389 ; free virtual = 100670
INFO: [Project 1-571] Translating synthesized netlist
Netlist sorting complete. Time (s): cpu = 00:00:00.07 ; elapsed = 00:00:00.07 . Memory (MB): peak = 4373.738 ; gain = 0.000 ; free physical = 12740 ; free virtual = 101021
INFO: [Netlist 29-17] Analyzing 29 Unisim elements for replacement
INFO: [Netlist 29-28] Unisim Transformation completed in 0 CPU seconds
INFO: [Project 1-570] Preparing netlist for logic optimization
Parsing XDC File [/home/alex/Isolde/MatrixAcceleratorDemo/runs/run_25-09-2025-145322/run_25-09-2025-145322.gen/sources_1/ip/hbm_ram/hdl/par/hbm_ram_ooc.xdc] for cell 'inst'
Finished Parsing XDC File [/home/alex/Isolde/MatrixAcceleratorDemo/runs/run_25-09-2025-145322/run_25-09-2025-145322.gen/sources_1/ip/hbm_ram/hdl/par/hbm_ram_ooc.xdc] for cell 'inst'
Parsing XDC File [/home/alex/Isolde/MatrixAcceleratorDemo/runs/run_25-09-2025-145322/run_25-09-2025-145322.gen/sources_1/ip/hbm_ram/hdl/par/hbm_ip.xdc] for cell 'inst'
Finished Parsing XDC File [/home/alex/Isolde/MatrixAcceleratorDemo/runs/run_25-09-2025-145322/run_25-09-2025-145322.gen/sources_1/ip/hbm_ram/hdl/par/hbm_ip.xdc] for cell 'inst'
INFO: [Opt 31-138] Pushed 0 inverter(s) to 0 load pin(s).
Netlist sorting complete. Time (s): cpu = 00:00:00 ; elapsed = 00:00:00 . Memory (MB): peak = 4373.738 ; gain = 0.000 ; free physical = 12742 ; free virtual = 101023
INFO: [Project 1-111] Unisim Transformation Summary:
  A total of 19 instances were transformed.
  BUFG => BUFGCE: 1 instance 
  HBM_ONE_STACK_INTF => HBM_ONE_STACK_INTF (HBM_REF_CLK, HBM_SNGLBLI_INTF_APB, HBM_SNGLBLI_INTF_AXI(x16)): 1 instance 
  IBUF => IBUF (IBUFCTRL, INBUF): 1 instance 
  RAM16X1S => RAM32X1S (RAMS32): 16 instances

Synth Design complete | Checksum: 4e2371cd
INFO: [Common 17-83] Releasing license: Synthesis
85 Infos, 219 Warnings, 0 Critical Warnings and 0 Errors encountered.
synth_design completed successfully
synth_design: Time (s): cpu = 00:00:24 ; elapsed = 00:00:23 . Memory (MB): peak = 4373.738 ; gain = 130.551 ; free physical = 12742 ; free virtual = 101023
INFO: [Common 17-2834] synth_design peak Physical Memory [PSS] (MB): overall = 3745.305; main = 3527.733; forked = 451.887
INFO: [Common 17-2834] synth_design peak Virtual Memory [VSS] (MB): overall = 5944.301; main = 4346.047; forked = 1659.293
INFO: [Coretcl 2-1174] Renamed 11 cell refs.
INFO: [Timing 38-480] Writing timing data to binary archive.
Write ShapeDB Complete: Time (s): cpu = 00:00:00 ; elapsed = 00:00:00.01 . Memory (MB): peak = 4378.059 ; gain = 0.000 ; free physical = 12742 ; free virtual = 101023
INFO: [Common 17-1381] The checkpoint '/home/alex/Isolde/MatrixAcceleratorDemo/runs/run_25-09-2025-145322/run_25-09-2025-145322.gen/sources_1/ip/hbm_ram/hbm_ram.dcp' has been generated.
CRITICAL WARNING: [Vivado 12-5447] synth_ip is not supported in project mode, please use non-project mode.
INFO: [IP_Flow 19-234] Refreshing IP repositories
INFO: [IP_Flow 19-1704] No user IP repositories specified
INFO: [IP_Flow 19-2313] Loaded Vivado IP repository '/tools/Xilinx/Vivado/2024.1/data/ip'.
WARNING: [Vivado 12-13650] The IP file '/home/alex/Isolde/MatrixAcceleratorDemo/runs/run_25-09-2025-145322/run_25-09-2025-145322.srcs/sources_1/ip/mem_2MB/mem_2MB.xci' has been moved from its original location, as a result the outputs for this IP will now be generated in '/home/alex/Isolde/MatrixAcceleratorDemo/runs/run_25-09-2025-145322/run_25-09-2025-145322.gen/sources_1/ip/mem_2MB'. Alternatively a copy of the IP can be imported into the project using one of the 'import_ip' or 'import_files' commands.
Command: synth_design -top mem_2MB -part xcvu37p-fsvh2892-2L-e -mode out_of_context
Starting synth_design
Attempting to get a license for feature 'Synthesis' and/or device 'xcvu37p'
INFO: [Common 17-349] Got license for feature 'Synthesis' and/or device 'xcvu37p'
INFO: [Synth 8-7079] Multithreading enabled for synth_design using a maximum of 4 processes.
---------------------------------------------------------------------------------
Starting RTL Elaboration : Time (s): cpu = 00:00:02 ; elapsed = 00:00:03 . Memory (MB): peak = 4394.066 ; gain = 0.000 ; free physical = 12371 ; free virtual = 100656
---------------------------------------------------------------------------------
INFO: [Synth 8-256] done synthesizing module 'mem_2MB' (0#1) [/home/alex/Isolde/MatrixAcceleratorDemo/runs/run_25-09-2025-145322/run_25-09-2025-145322.gen/sources_1/ip/mem_2MB/synth/mem_2MB.vhd:97]
WARNING: [Synth 8-7129] Port CLKB in module blk_mem_output_block is either unconnected or has no load
WARNING: [Synth 8-7129] Port DOUTA_I[255] in module blk_mem_output_block is either unconnected or has no load
WARNING: [Synth 8-7129] Port DOUTA_I[254] in module blk_mem_output_block is either unconnected or has no load
WARNING: [Synth 8-7129] Port DOUTA_I[253] in module blk_mem_output_block is either unconnected or has no load
WARNING: [Synth 8-7129] Port DOUTA_I[252] in module blk_mem_output_block is either unconnected or has no load
WARNING: [Synth 8-7129] Port DOUTA_I[251] in module blk_mem_output_block is either unconnected or has no load
WARNING: [Synth 8-7129] Port DOUTA_I[250] in module blk_mem_output_block is either unconnected or has no load
WARNING: [Synth 8-7129] Port DOUTA_I[249] in module blk_mem_output_block is either unconnected or has no load
WARNING: [Synth 8-7129] Port DOUTA_I[248] in module blk_mem_output_block is either unconnected or has no load
WARNING: [Synth 8-7129] Port DOUTA_I[247] in module blk_mem_output_block is either unconnected or has no load
WARNING: [Synth 8-7129] Port DOUTA_I[246] in module blk_mem_output_block is either unconnected or has no load
WARNING: [Synth 8-7129] Port DOUTA_I[245] in module blk_mem_output_block is either unconnected or has no load
WARNING: [Synth 8-7129] Port DOUTA_I[244] in module blk_mem_output_block is either unconnected or has no load
WARNING: [Synth 8-7129] Port DOUTA_I[243] in module blk_mem_output_block is either unconnected or has no load
WARNING: [Synth 8-7129] Port DOUTA_I[242] in module blk_mem_output_block is either unconnected or has no load
WARNING: [Synth 8-7129] Port DOUTA_I[241] in module blk_mem_output_block is either unconnected or has no load
WARNING: [Synth 8-7129] Port DOUTA_I[240] in module blk_mem_output_block is either unconnected or has no load
WARNING: [Synth 8-7129] Port DOUTA_I[239] in module blk_mem_output_block is either unconnected or has no load
WARNING: [Synth 8-7129] Port DOUTA_I[238] in module blk_mem_output_block is either unconnected or has no load
WARNING: [Synth 8-7129] Port DOUTA_I[237] in module blk_mem_output_block is either unconnected or has no load
WARNING: [Synth 8-7129] Port DOUTA_I[236] in module blk_mem_output_block is either unconnected or has no load
WARNING: [Synth 8-7129] Port DOUTA_I[235] in module blk_mem_output_block is either unconnected or has no load
WARNING: [Synth 8-7129] Port DOUTA_I[234] in module blk_mem_output_block is either unconnected or has no load
WARNING: [Synth 8-7129] Port DOUTA_I[233] in module blk_mem_output_block is either unconnected or has no load
WARNING: [Synth 8-7129] Port DOUTA_I[232] in module blk_mem_output_block is either unconnected or has no load
WARNING: [Synth 8-7129] Port DOUTA_I[231] in module blk_mem_output_block is either unconnected or has no load
WARNING: [Synth 8-7129] Port DOUTA_I[230] in module blk_mem_output_block is either unconnected or has no load
WARNING: [Synth 8-7129] Port DOUTA_I[229] in module blk_mem_output_block is either unconnected or has no load
WARNING: [Synth 8-7129] Port DOUTA_I[228] in module blk_mem_output_block is either unconnected or has no load
WARNING: [Synth 8-7129] Port DOUTA_I[227] in module blk_mem_output_block is either unconnected or has no load
WARNING: [Synth 8-7129] Port DOUTA_I[226] in module blk_mem_output_block is either unconnected or has no load
WARNING: [Synth 8-7129] Port DOUTA_I[225] in module blk_mem_output_block is either unconnected or has no load
WARNING: [Synth 8-7129] Port DOUTA_I[224] in module blk_mem_output_block is either unconnected or has no load
WARNING: [Synth 8-7129] Port DOUTA_I[223] in module blk_mem_output_block is either unconnected or has no load
WARNING: [Synth 8-7129] Port DOUTA_I[222] in module blk_mem_output_block is either unconnected or has no load
WARNING: [Synth 8-7129] Port DOUTA_I[221] in module blk_mem_output_block is either unconnected or has no load
WARNING: [Synth 8-7129] Port DOUTA_I[220] in module blk_mem_output_block is either unconnected or has no load
WARNING: [Synth 8-7129] Port DOUTA_I[219] in module blk_mem_output_block is either unconnected or has no load
WARNING: [Synth 8-7129] Port DOUTA_I[218] in module blk_mem_output_block is either unconnected or has no load
WARNING: [Synth 8-7129] Port DOUTA_I[217] in module blk_mem_output_block is either unconnected or has no load
WARNING: [Synth 8-7129] Port DOUTA_I[216] in module blk_mem_output_block is either unconnected or has no load
WARNING: [Synth 8-7129] Port DOUTA_I[215] in module blk_mem_output_block is either unconnected or has no load
WARNING: [Synth 8-7129] Port DOUTA_I[214] in module blk_mem_output_block is either unconnected or has no load
WARNING: [Synth 8-7129] Port DOUTA_I[213] in module blk_mem_output_block is either unconnected or has no load
WARNING: [Synth 8-7129] Port DOUTA_I[212] in module blk_mem_output_block is either unconnected or has no load
WARNING: [Synth 8-7129] Port DOUTA_I[211] in module blk_mem_output_block is either unconnected or has no load
WARNING: [Synth 8-7129] Port DOUTA_I[210] in module blk_mem_output_block is either unconnected or has no load
WARNING: [Synth 8-7129] Port DOUTA_I[209] in module blk_mem_output_block is either unconnected or has no load
WARNING: [Synth 8-7129] Port DOUTA_I[208] in module blk_mem_output_block is either unconnected or has no load
WARNING: [Synth 8-7129] Port DOUTA_I[207] in module blk_mem_output_block is either unconnected or has no load
WARNING: [Synth 8-7129] Port DOUTA_I[206] in module blk_mem_output_block is either unconnected or has no load
WARNING: [Synth 8-7129] Port DOUTA_I[205] in module blk_mem_output_block is either unconnected or has no load
WARNING: [Synth 8-7129] Port DOUTA_I[204] in module blk_mem_output_block is either unconnected or has no load
WARNING: [Synth 8-7129] Port DOUTA_I[203] in module blk_mem_output_block is either unconnected or has no load
WARNING: [Synth 8-7129] Port DOUTA_I[202] in module blk_mem_output_block is either unconnected or has no load
WARNING: [Synth 8-7129] Port DOUTA_I[201] in module blk_mem_output_block is either unconnected or has no load
WARNING: [Synth 8-7129] Port DOUTA_I[200] in module blk_mem_output_block is either unconnected or has no load
WARNING: [Synth 8-7129] Port DOUTA_I[199] in module blk_mem_output_block is either unconnected or has no load
WARNING: [Synth 8-7129] Port DOUTA_I[198] in module blk_mem_output_block is either unconnected or has no load
WARNING: [Synth 8-7129] Port DOUTA_I[197] in module blk_mem_output_block is either unconnected or has no load
WARNING: [Synth 8-7129] Port DOUTA_I[196] in module blk_mem_output_block is either unconnected or has no load
WARNING: [Synth 8-7129] Port DOUTA_I[195] in module blk_mem_output_block is either unconnected or has no load
WARNING: [Synth 8-7129] Port DOUTA_I[194] in module blk_mem_output_block is either unconnected or has no load
WARNING: [Synth 8-7129] Port DOUTA_I[193] in module blk_mem_output_block is either unconnected or has no load
WARNING: [Synth 8-7129] Port DOUTA_I[192] in module blk_mem_output_block is either unconnected or has no load
WARNING: [Synth 8-7129] Port DOUTA_I[191] in module blk_mem_output_block is either unconnected or has no load
WARNING: [Synth 8-7129] Port DOUTA_I[190] in module blk_mem_output_block is either unconnected or has no load
WARNING: [Synth 8-7129] Port DOUTA_I[189] in module blk_mem_output_block is either unconnected or has no load
WARNING: [Synth 8-7129] Port DOUTA_I[188] in module blk_mem_output_block is either unconnected or has no load
WARNING: [Synth 8-7129] Port DOUTA_I[187] in module blk_mem_output_block is either unconnected or has no load
WARNING: [Synth 8-7129] Port DOUTA_I[186] in module blk_mem_output_block is either unconnected or has no load
WARNING: [Synth 8-7129] Port DOUTA_I[185] in module blk_mem_output_block is either unconnected or has no load
WARNING: [Synth 8-7129] Port DOUTA_I[184] in module blk_mem_output_block is either unconnected or has no load
WARNING: [Synth 8-7129] Port DOUTA_I[183] in module blk_mem_output_block is either unconnected or has no load
WARNING: [Synth 8-7129] Port DOUTA_I[182] in module blk_mem_output_block is either unconnected or has no load
WARNING: [Synth 8-7129] Port DOUTA_I[181] in module blk_mem_output_block is either unconnected or has no load
WARNING: [Synth 8-7129] Port DOUTA_I[180] in module blk_mem_output_block is either unconnected or has no load
WARNING: [Synth 8-7129] Port DOUTA_I[179] in module blk_mem_output_block is either unconnected or has no load
WARNING: [Synth 8-7129] Port DOUTA_I[178] in module blk_mem_output_block is either unconnected or has no load
WARNING: [Synth 8-7129] Port DOUTA_I[177] in module blk_mem_output_block is either unconnected or has no load
WARNING: [Synth 8-7129] Port DOUTA_I[176] in module blk_mem_output_block is either unconnected or has no load
WARNING: [Synth 8-7129] Port DOUTA_I[175] in module blk_mem_output_block is either unconnected or has no load
WARNING: [Synth 8-7129] Port DOUTA_I[174] in module blk_mem_output_block is either unconnected or has no load
WARNING: [Synth 8-7129] Port DOUTA_I[173] in module blk_mem_output_block is either unconnected or has no load
WARNING: [Synth 8-7129] Port DOUTA_I[172] in module blk_mem_output_block is either unconnected or has no load
WARNING: [Synth 8-7129] Port DOUTA_I[171] in module blk_mem_output_block is either unconnected or has no load
WARNING: [Synth 8-7129] Port DOUTA_I[170] in module blk_mem_output_block is either unconnected or has no load
WARNING: [Synth 8-7129] Port DOUTA_I[169] in module blk_mem_output_block is either unconnected or has no load
WARNING: [Synth 8-7129] Port DOUTA_I[168] in module blk_mem_output_block is either unconnected or has no load
WARNING: [Synth 8-7129] Port DOUTA_I[167] in module blk_mem_output_block is either unconnected or has no load
WARNING: [Synth 8-7129] Port DOUTA_I[166] in module blk_mem_output_block is either unconnected or has no load
WARNING: [Synth 8-7129] Port DOUTA_I[165] in module blk_mem_output_block is either unconnected or has no load
WARNING: [Synth 8-7129] Port DOUTA_I[164] in module blk_mem_output_block is either unconnected or has no load
WARNING: [Synth 8-7129] Port DOUTA_I[163] in module blk_mem_output_block is either unconnected or has no load
WARNING: [Synth 8-7129] Port DOUTA_I[162] in module blk_mem_output_block is either unconnected or has no load
WARNING: [Synth 8-7129] Port DOUTA_I[161] in module blk_mem_output_block is either unconnected or has no load
WARNING: [Synth 8-7129] Port DOUTA_I[160] in module blk_mem_output_block is either unconnected or has no load
WARNING: [Synth 8-7129] Port DOUTA_I[159] in module blk_mem_output_block is either unconnected or has no load
WARNING: [Synth 8-7129] Port DOUTA_I[158] in module blk_mem_output_block is either unconnected or has no load
WARNING: [Synth 8-7129] Port DOUTA_I[157] in module blk_mem_output_block is either unconnected or has no load
INFO: [Common 17-14] Message 'Synth 8-7129' appears 100 times and further instances of the messages will be disabled. Use the Tcl command set_msg_config to change the current settings.
---------------------------------------------------------------------------------
Finished RTL Elaboration : Time (s): cpu = 00:00:42 ; elapsed = 00:00:43 . Memory (MB): peak = 6320.930 ; gain = 1926.863 ; free physical = 1353 ; free virtual = 89642
---------------------------------------------------------------------------------
---------------------------------------------------------------------------------
Start Handling Custom Attributes
---------------------------------------------------------------------------------
---------------------------------------------------------------------------------
Finished Handling Custom Attributes : Time (s): cpu = 00:00:43 ; elapsed = 00:00:44 . Memory (MB): peak = 6320.930 ; gain = 1926.863 ; free physical = 1353 ; free virtual = 89642
---------------------------------------------------------------------------------
---------------------------------------------------------------------------------
Finished RTL Optimization Phase 1 : Time (s): cpu = 00:00:43 ; elapsed = 00:00:44 . Memory (MB): peak = 6320.930 ; gain = 1926.863 ; free physical = 1353 ; free virtual = 89642
---------------------------------------------------------------------------------
Netlist sorting complete. Time (s): cpu = 00:00:00.23 ; elapsed = 00:00:00.23 . Memory (MB): peak = 6320.930 ; gain = 0.000 ; free physical = 1349 ; free virtual = 89637
INFO: [Project 1-570] Preparing netlist for logic optimization

Processing XDC Constraints
Initializing timing engine
Parsing XDC File [/home/alex/Isolde/MatrixAcceleratorDemo/runs/run_25-09-2025-145322/run_25-09-2025-145322.gen/sources_1/ip/mem_2MB/mem_2MB_ooc.xdc] for cell 'U0'
Finished Parsing XDC File [/home/alex/Isolde/MatrixAcceleratorDemo/runs/run_25-09-2025-145322/run_25-09-2025-145322.gen/sources_1/ip/mem_2MB/mem_2MB_ooc.xdc] for cell 'U0'
Completed Processing XDC Constraints

Netlist sorting complete. Time (s): cpu = 00:00:00 ; elapsed = 00:00:00 . Memory (MB): peak = 6345.824 ; gain = 0.000 ; free physical = 1347 ; free virtual = 89636
INFO: [Project 1-111] Unisim Transformation Summary:
No Unisim elements were transformed.

Constraint Validation Runtime : Time (s): cpu = 00:00:00.4 ; elapsed = 00:00:00.25 . Memory (MB): peak = 6345.824 ; gain = 0.000 ; free physical = 1450 ; free virtual = 89739
---------------------------------------------------------------------------------
Finished Constraint Validation : Time (s): cpu = 00:00:52 ; elapsed = 00:00:53 . Memory (MB): peak = 6345.824 ; gain = 1951.758 ; free physical = 1598 ; free virtual = 89887
---------------------------------------------------------------------------------
---------------------------------------------------------------------------------
Start Loading Part and Timing Information
---------------------------------------------------------------------------------
Loading part: xcvu37p-fsvh2892-2L-e
INFO: [Synth 8-6742] Reading net delay rules and data
---------------------------------------------------------------------------------
Finished Loading Part and Timing Information : Time (s): cpu = 00:00:52 ; elapsed = 00:00:53 . Memory (MB): peak = 6345.824 ; gain = 1951.758 ; free physical = 1598 ; free virtual = 89887
---------------------------------------------------------------------------------
---------------------------------------------------------------------------------
Start Applying 'set_property' XDC Constraints
---------------------------------------------------------------------------------
Applied set_property KEEP_HIERARCHY = SOFT for U0. (constraint file  auto generated constraint).
---------------------------------------------------------------------------------
Finished applying 'set_property' XDC Constraints : Time (s): cpu = 00:00:52 ; elapsed = 00:00:53 . Memory (MB): peak = 6345.824 ; gain = 1951.758 ; free physical = 1600 ; free virtual = 89889
---------------------------------------------------------------------------------
INFO: [Synth 8-802] inferred FSM for state register 'gaxi_full_sm.present_state_reg' in module 'blk_mem_axi_write_fsm'
INFO: [Synth 8-802] inferred FSM for state register 'gaxi_full_sm.present_state_reg' in module 'blk_mem_axi_read_fsm'
---------------------------------------------------------------------------------------------------
                   State |                     New Encoding |                Previous Encoding 
---------------------------------------------------------------------------------------------------
             wait_wraddr |                               00 |                               00
                   os_wr |                               01 |                               10
              reg_wraddr |                               10 |                               01
                  wr_mem |                               11 |                               11
---------------------------------------------------------------------------------------------------
INFO: [Synth 8-3354] encoded FSM with state register 'gaxi_full_sm.present_state_reg' using encoding 'sequential' in module 'blk_mem_axi_write_fsm'
---------------------------------------------------------------------------------------------------
                   State |                     New Encoding |                Previous Encoding 
---------------------------------------------------------------------------------------------------
             wait_rdaddr |                               00 |                               00
                  rd_mem |                               01 |                               11
              reg_rdaddr |                               10 |                               01
                   os_rd |                               11 |                               10
---------------------------------------------------------------------------------------------------
INFO: [Synth 8-3354] encoded FSM with state register 'gaxi_full_sm.present_state_reg' using encoding 'sequential' in module 'blk_mem_axi_read_fsm'
---------------------------------------------------------------------------------
Finished RTL Optimization Phase 2 : Time (s): cpu = 00:00:54 ; elapsed = 00:00:55 . Memory (MB): peak = 6345.824 ; gain = 1951.758 ; free physical = 1596 ; free virtual = 89892
---------------------------------------------------------------------------------
---------------------------------------------------------------------------------
Start RTL Component Statistics 
---------------------------------------------------------------------------------
Detailed RTL Component Info : 
+---Adders : 
	   2 Input   16 Bit       Adders := 2     
	   2 Input    8 Bit       Adders := 3     
	   2 Input    6 Bit       Adders := 3     
	   2 Input    3 Bit       Adders := 1     
	   2 Input    2 Bit       Adders := 2     
+---XORs : 
	   2 Input      1 Bit         XORs := 1024  
+---Registers : 
	               21 Bit    Registers := 4     
	               16 Bit    Registers := 2     
	                8 Bit    Registers := 2     
	                6 Bit    Registers := 5     
	                5 Bit    Registers := 1026  
	                3 Bit    Registers := 1     
	                2 Bit    Registers := 1     
	                1 Bit    Registers := 4106  
+---Muxes : 
	   2 Input   21 Bit        Muxes := 5     
	   3 Input   21 Bit        Muxes := 2     
	   2 Input   16 Bit        Muxes := 2     
	   2 Input   10 Bit        Muxes := 6     
	   2 Input    8 Bit        Muxes := 3     
	   6 Input    6 Bit        Muxes := 2     
	   2 Input    6 Bit        Muxes := 7     
	   7 Input    6 Bit        Muxes := 2     
	   4 Input    2 Bit        Muxes := 4     
	   2 Input    2 Bit        Muxes := 11    
	   2 Input    1 Bit        Muxes := 60    
	   3 Input    1 Bit        Muxes := 5     
	   4 Input    1 Bit        Muxes := 7     
---------------------------------------------------------------------------------
Finished RTL Component Statistics 
---------------------------------------------------------------------------------
---------------------------------------------------------------------------------
Start Part Resource Summary
---------------------------------------------------------------------------------
Part Resources:
DSPs: 9024 (col length:94)
BRAMs: 4032 (col length: RAMB18 288 RAMB36 144)
---------------------------------------------------------------------------------
Finished Part Resource Summary
---------------------------------------------------------------------------------
---------------------------------------------------------------------------------
Start Cross Boundary and Area Optimization
---------------------------------------------------------------------------------
WARNING: [Synth 8-7080] Parallel synthesis criteria is not met
---------------------------------------------------------------------------------
Finished Cross Boundary and Area Optimization : Time (s): cpu = 00:01:04 ; elapsed = 00:01:05 . Memory (MB): peak = 6345.824 ; gain = 1951.758 ; free physical = 1599 ; free virtual = 89894
---------------------------------------------------------------------------------
---------------------------------------------------------------------------------
Start ROM, RAM, DSP, Shift Register and Retiming Reporting
---------------------------------------------------------------------------------

Distributed RAM: Preliminary Mapping Report (see note below)
+------------+---------------------------------------------------------------------------+-----------+----------------------+---------------+
|Module Name | RTL Object                                                                | Inference | Size (Depth x Width) | Primitives    | 
+------------+---------------------------------------------------------------------------+-----------+----------------------+---------------+
|U0          | inst_blk_mem_gen/gnbram.gaxibmg.axi_wr_fsm/gaxi_bid_gen.axi_bid_array_reg | Implied   | 4 x 6                | RAM32M16 x 1  | 
+------------+---------------------------------------------------------------------------+-----------+----------------------+---------------+

Note: The table above is a preliminary report that shows the Distributed RAMs at the current stage of the synthesis flow. Some Distributed RAMs may be reimplemented as non Distributed RAM primitives later in the synthesis flow. Multiple instantiated RAMs are reported only once.
---------------------------------------------------------------------------------
Finished ROM, RAM, DSP, Shift Register and Retiming Reporting
---------------------------------------------------------------------------------
---------------------------------------------------------------------------------
Start Applying XDC Timing Constraints
---------------------------------------------------------------------------------
---------------------------------------------------------------------------------
Finished Applying XDC Timing Constraints : Time (s): cpu = 00:01:06 ; elapsed = 00:01:08 . Memory (MB): peak = 6373.512 ; gain = 1979.445 ; free physical = 1602 ; free virtual = 89898
---------------------------------------------------------------------------------
---------------------------------------------------------------------------------
Start Timing Optimization
---------------------------------------------------------------------------------
---------------------------------------------------------------------------------
Finished Timing Optimization : Time (s): cpu = 00:01:09 ; elapsed = 00:01:10 . Memory (MB): peak = 6373.512 ; gain = 1979.445 ; free physical = 1576 ; free virtual = 89871
---------------------------------------------------------------------------------
---------------------------------------------------------------------------------
Start ROM, RAM, DSP, Shift Register and Retiming Reporting
---------------------------------------------------------------------------------

Distributed RAM: Final Mapping Report
+------------+---------------------------------------------------------------------------+-----------+----------------------+---------------+
|Module Name | RTL Object                                                                | Inference | Size (Depth x Width) | Primitives    | 
+------------+---------------------------------------------------------------------------+-----------+----------------------+---------------+
|U0          | inst_blk_mem_gen/gnbram.gaxibmg.axi_wr_fsm/gaxi_bid_gen.axi_bid_array_reg | Implied   | 4 x 6                | RAM32M16 x 1  | 
+------------+---------------------------------------------------------------------------+-----------+----------------------+---------------+

---------------------------------------------------------------------------------
Finished ROM, RAM, DSP, Shift Register and Retiming Reporting
---------------------------------------------------------------------------------
---------------------------------------------------------------------------------
Start Technology Mapping
---------------------------------------------------------------------------------
---------------------------------------------------------------------------------
Finished Technology Mapping : Time (s): cpu = 00:01:11 ; elapsed = 00:01:12 . Memory (MB): peak = 6373.512 ; gain = 1979.445 ; free physical = 1577 ; free virtual = 89872
---------------------------------------------------------------------------------
---------------------------------------------------------------------------------
Start IO Insertion
---------------------------------------------------------------------------------
---------------------------------------------------------------------------------
Start Flattening Before IO Insertion
---------------------------------------------------------------------------------
---------------------------------------------------------------------------------
Finished Flattening Before IO Insertion
---------------------------------------------------------------------------------
---------------------------------------------------------------------------------
Start Final Netlist Cleanup
---------------------------------------------------------------------------------
---------------------------------------------------------------------------------
Finished Final Netlist Cleanup
---------------------------------------------------------------------------------
---------------------------------------------------------------------------------
Finished IO Insertion : Time (s): cpu = 00:01:13 ; elapsed = 00:01:15 . Memory (MB): peak = 6373.512 ; gain = 1979.445 ; free physical = 1519 ; free virtual = 89814
---------------------------------------------------------------------------------
---------------------------------------------------------------------------------
Start Renaming Generated Instances
---------------------------------------------------------------------------------
---------------------------------------------------------------------------------
Finished Renaming Generated Instances : Time (s): cpu = 00:01:13 ; elapsed = 00:01:15 . Memory (MB): peak = 6373.512 ; gain = 1979.445 ; free physical = 1519 ; free virtual = 89814
---------------------------------------------------------------------------------
---------------------------------------------------------------------------------
Start Rebuilding User Hierarchy
---------------------------------------------------------------------------------
---------------------------------------------------------------------------------
Finished Rebuilding User Hierarchy : Time (s): cpu = 00:01:15 ; elapsed = 00:01:16 . Memory (MB): peak = 6373.512 ; gain = 1979.445 ; free physical = 1523 ; free virtual = 89819
---------------------------------------------------------------------------------
---------------------------------------------------------------------------------
Start Renaming Generated Ports
---------------------------------------------------------------------------------
---------------------------------------------------------------------------------
Finished Renaming Generated Ports : Time (s): cpu = 00:01:15 ; elapsed = 00:01:16 . Memory (MB): peak = 6373.512 ; gain = 1979.445 ; free physical = 1523 ; free virtual = 89819
---------------------------------------------------------------------------------
---------------------------------------------------------------------------------
Start Handling Custom Attributes
---------------------------------------------------------------------------------
---------------------------------------------------------------------------------
Finished Handling Custom Attributes : Time (s): cpu = 00:01:15 ; elapsed = 00:01:16 . Memory (MB): peak = 6373.512 ; gain = 1979.445 ; free physical = 1525 ; free virtual = 89820
---------------------------------------------------------------------------------
---------------------------------------------------------------------------------
Start Renaming Generated Nets
---------------------------------------------------------------------------------
---------------------------------------------------------------------------------
Finished Renaming Generated Nets : Time (s): cpu = 00:01:15 ; elapsed = 00:01:16 . Memory (MB): peak = 6373.512 ; gain = 1979.445 ; free physical = 1525 ; free virtual = 89821
---------------------------------------------------------------------------------
---------------------------------------------------------------------------------
Start ROM, RAM, DSP, Shift Register and Retiming Reporting
---------------------------------------------------------------------------------

Static Shift Register Report:
+-------------------+-----------------------------------------------------------------------------------------------------------------+--------+-------+--------------+--------------------+-------------------+--------+---------+
|Module Name        | RTL Name                                                                                                        | Length | Width | Reset Signal | Pull out first Reg | Pull out last Reg | SRL16E | SRLC32E | 
+-------------------+-----------------------------------------------------------------------------------------------------------------+--------+-------+--------------+--------------------+-------------------+--------+---------+
|blk_mem_gen_v8_4_8 | inst_blk_mem_gen/gnbram.gaxibmg.axi_blk_mem_gen/valid.cstr/ramloop[0].ram.r/SAFETY_CKT_GEN.RSTA_SHFT_REG_reg[4] | 4      | 1024  | NO           | NO                 | YES               | 1024   | 0       | 
+-------------------+-----------------------------------------------------------------------------------------------------------------+--------+-------+--------------+--------------------+-------------------+--------+---------+

---------------------------------------------------------------------------------
Finished ROM, RAM, DSP, Shift Register and Retiming Reporting
---------------------------------------------------------------------------------
---------------------------------------------------------------------------------
Start Writing Synthesis Report
---------------------------------------------------------------------------------

Report BlackBoxes: 
+-+--------------+----------+
| |BlackBox name |Instances |
+-+--------------+----------+
+-+--------------+----------+

Report Cell Usage: 
+------+---------+------+
|      |Cell     |Count |
+------+---------+------+
|1     |CARRY8   |     4|
|2     |LUT1     |     3|
|3     |LUT2     |  1545|
|4     |LUT3     |   945|
|5     |LUT4     |   545|
|6     |LUT5     |   446|
|7     |LUT6     |  2319|
|8     |MUXF7    |   515|
|9     |MUXF8    |   256|
|10    |RAM32M   |     1|
|11    |RAMB36E2 |   512|
|44    |SRL16E   |  1024|
|45    |FDRE     |  5768|
|46    |FDSE     |   521|
+------+---------+------+
---------------------------------------------------------------------------------
Finished Writing Synthesis Report : Time (s): cpu = 00:01:15 ; elapsed = 00:01:16 . Memory (MB): peak = 6373.512 ; gain = 1979.445 ; free physical = 1526 ; free virtual = 89822
---------------------------------------------------------------------------------
Synthesis finished with 0 errors, 0 critical warnings and 940 warnings.
Synthesis Optimization Runtime : Time (s): cpu = 00:01:10 ; elapsed = 00:01:14 . Memory (MB): peak = 6377.422 ; gain = 1958.461 ; free physical = 10836 ; free virtual = 99131
Synthesis Optimization Complete : Time (s): cpu = 00:01:16 ; elapsed = 00:01:20 . Memory (MB): peak = 6377.422 ; gain = 1983.355 ; free physical = 10836 ; free virtual = 99131
INFO: [Project 1-571] Translating synthesized netlist
Netlist sorting complete. Time (s): cpu = 00:00:00.16 ; elapsed = 00:00:00.16 . Memory (MB): peak = 6377.422 ; gain = 0.000 ; free physical = 10918 ; free virtual = 99213
INFO: [Netlist 29-17] Analyzing 776 Unisim elements for replacement
INFO: [Netlist 29-28] Unisim Transformation completed in 0 CPU seconds
INFO: [Project 1-570] Preparing netlist for logic optimization
Parsing XDC File [/home/alex/Isolde/MatrixAcceleratorDemo/runs/run_25-09-2025-145322/run_25-09-2025-145322.gen/sources_1/ip/mem_2MB/mem_2MB_ooc.xdc] for cell 'U0'
Finished Parsing XDC File [/home/alex/Isolde/MatrixAcceleratorDemo/runs/run_25-09-2025-145322/run_25-09-2025-145322.gen/sources_1/ip/mem_2MB/mem_2MB_ooc.xdc] for cell 'U0'
INFO: [Opt 31-138] Pushed 0 inverter(s) to 0 load pin(s).
Netlist sorting complete. Time (s): cpu = 00:00:00 ; elapsed = 00:00:00 . Memory (MB): peak = 6377.422 ; gain = 0.000 ; free physical = 10921 ; free virtual = 99217
INFO: [Project 1-111] Unisim Transformation Summary:
  A total of 1 instances were transformed.
  RAM32M => RAM32M (RAMD32(x6), RAMS32(x2)): 1 instance 

Synth Design complete | Checksum: a44fe060
INFO: [Common 17-83] Releasing license: Synthesis
23 Infos, 102 Warnings, 0 Critical Warnings and 0 Errors encountered.
synth_design completed successfully
synth_design: Time (s): cpu = 00:01:22 ; elapsed = 00:01:25 . Memory (MB): peak = 6377.422 ; gain = 1983.355 ; free physical = 10921 ; free virtual = 99216
INFO: [Common 17-2834] synth_design peak Physical Memory [PSS] (MB): overall = 14806.175; main = 5470.590; forked = 9710.498
INFO: [Common 17-2834] synth_design peak Virtual Memory [VSS] (MB): overall = 23503.645; main = 6373.516; forked = 17130.129
INFO: [Coretcl 2-1174] Renamed 1033 cell refs.
INFO: [Timing 38-480] Writing timing data to binary archive.
Write ShapeDB Complete: Time (s): cpu = 00:00:00.01 ; elapsed = 00:00:00 . Memory (MB): peak = 6377.422 ; gain = 0.000 ; free physical = 10920 ; free virtual = 99216
INFO: [Common 17-1381] The checkpoint '/home/alex/Isolde/MatrixAcceleratorDemo/runs/run_25-09-2025-145322/run_25-09-2025-145322.gen/sources_1/ip/mem_2MB/mem_2MB.dcp' has been generated.
CRITICAL WARNING: [Vivado 12-5447] synth_ip is not supported in project mode, please use non-project mode.
INFO: [IP_Flow 19-234] Refreshing IP repositories
INFO: [IP_Flow 19-1704] No user IP repositories specified
INFO: [IP_Flow 19-2313] Loaded Vivado IP repository '/tools/Xilinx/Vivado/2024.1/data/ip'.
WARNING: [Vivado 12-13650] The IP file '/home/alex/Isolde/MatrixAcceleratorDemo/runs/run_25-09-2025-145322/run_25-09-2025-145322.srcs/sources_1/ip/pll/pll.xci' has been moved from its original location, as a result the outputs for this IP will now be generated in '/home/alex/Isolde/MatrixAcceleratorDemo/runs/run_25-09-2025-145322/run_25-09-2025-145322.gen/sources_1/ip/pll'. Alternatively a copy of the IP can be imported into the project using one of the 'import_ip' or 'import_files' commands.
Command: synth_design -top pll -part xcvu37p-fsvh2892-2L-e -mode out_of_context
Starting synth_design
Attempting to get a license for feature 'Synthesis' and/or device 'xcvu37p'
INFO: [Common 17-349] Got license for feature 'Synthesis' and/or device 'xcvu37p'
INFO: [Synth 8-7079] Multithreading enabled for synth_design using a maximum of 4 processes.
---------------------------------------------------------------------------------
Starting RTL Elaboration : Time (s): cpu = 00:00:02 ; elapsed = 00:00:02 . Memory (MB): peak = 6393.840 ; gain = 0.000 ; free physical = 10292 ; free virtual = 98631
---------------------------------------------------------------------------------
INFO: [Synth 8-6157] synthesizing module 'pll' [/home/alex/Isolde/MatrixAcceleratorDemo/runs/run_25-09-2025-145322/run_25-09-2025-145322.gen/sources_1/ip/pll/pll.v:66]
INFO: [Synth 8-6157] synthesizing module 'pll_clk_wiz' [/home/alex/Isolde/MatrixAcceleratorDemo/runs/run_25-09-2025-145322/run_25-09-2025-145322.gen/sources_1/ip/pll/pll_clk_wiz.v:66]
INFO: [Synth 8-6157] synthesizing module 'IBUFDS' [/tools/Xilinx/Vivado/2024.1/scripts/rt/data/unisim_comp.v:73658]
INFO: [Synth 8-6155] done synthesizing module 'IBUFDS' (0#1) [/tools/Xilinx/Vivado/2024.1/scripts/rt/data/unisim_comp.v:73658]
INFO: [Synth 8-6157] synthesizing module 'PLLE4_ADV' [/tools/Xilinx/Vivado/2024.1/scripts/rt/data/unisim_comp.v:114993]
	Parameter CLKFBOUT_MULT bound to: 8 - type: integer 
	Parameter CLKFBOUT_PHASE bound to: 0.000000 - type: double 
	Parameter CLKIN_PERIOD bound to: 10.000000 - type: double 
	Parameter CLKOUT0_DIVIDE bound to: 80 - type: integer 
	Parameter CLKOUT0_DUTY_CYCLE bound to: 0.500000 - type: double 
	Parameter CLKOUT0_PHASE bound to: 0.000000 - type: double 
	Parameter CLKOUT1_DIVIDE bound to: 40 - type: integer 
	Parameter CLKOUT1_DUTY_CYCLE bound to: 0.500000 - type: double 
	Parameter CLKOUT1_PHASE bound to: 0.000000 - type: double 
	Parameter COMPENSATION bound to: AUTO - type: string 
	Parameter DIVCLK_DIVIDE bound to: 1 - type: integer 
	Parameter STARTUP_WAIT bound to: FALSE - type: string 
INFO: [Synth 8-6155] done synthesizing module 'PLLE4_ADV' (0#1) [/tools/Xilinx/Vivado/2024.1/scripts/rt/data/unisim_comp.v:114993]
INFO: [Synth 8-6157] synthesizing module 'BUFG' [/tools/Xilinx/Vivado/2024.1/scripts/rt/data/unisim_comp.v:1951]
INFO: [Synth 8-6155] done synthesizing module 'BUFG' (0#1) [/tools/Xilinx/Vivado/2024.1/scripts/rt/data/unisim_comp.v:1951]
INFO: [Synth 8-6155] done synthesizing module 'pll_clk_wiz' (0#1) [/home/alex/Isolde/MatrixAcceleratorDemo/runs/run_25-09-2025-145322/run_25-09-2025-145322.gen/sources_1/ip/pll/pll_clk_wiz.v:66]
INFO: [Synth 8-6155] done synthesizing module 'pll' (0#1) [/home/alex/Isolde/MatrixAcceleratorDemo/runs/run_25-09-2025-145322/run_25-09-2025-145322.gen/sources_1/ip/pll/pll.v:66]
---------------------------------------------------------------------------------
Finished RTL Elaboration : Time (s): cpu = 00:00:03 ; elapsed = 00:00:03 . Memory (MB): peak = 6393.840 ; gain = 0.000 ; free physical = 10245 ; free virtual = 98580
---------------------------------------------------------------------------------
---------------------------------------------------------------------------------
Start Handling Custom Attributes
---------------------------------------------------------------------------------
---------------------------------------------------------------------------------
Finished Handling Custom Attributes : Time (s): cpu = 00:00:03 ; elapsed = 00:00:03 . Memory (MB): peak = 6393.840 ; gain = 0.000 ; free physical = 10245 ; free virtual = 98580
---------------------------------------------------------------------------------
---------------------------------------------------------------------------------
Finished RTL Optimization Phase 1 : Time (s): cpu = 00:00:03 ; elapsed = 00:00:03 . Memory (MB): peak = 6393.840 ; gain = 0.000 ; free physical = 10245 ; free virtual = 98580
---------------------------------------------------------------------------------
Netlist sorting complete. Time (s): cpu = 00:00:00 ; elapsed = 00:00:00 . Memory (MB): peak = 6393.840 ; gain = 0.000 ; free physical = 10245 ; free virtual = 98580
INFO: [Netlist 29-17] Analyzing 4 Unisim elements for replacement
INFO: [Netlist 29-28] Unisim Transformation completed in 0 CPU seconds
INFO: [Project 1-570] Preparing netlist for logic optimization

Processing XDC Constraints
Initializing timing engine
Parsing XDC File [/home/alex/Isolde/MatrixAcceleratorDemo/runs/run_25-09-2025-145322/run_25-09-2025-145322.gen/sources_1/ip/pll/pll_ooc.xdc] for cell 'inst'
Finished Parsing XDC File [/home/alex/Isolde/MatrixAcceleratorDemo/runs/run_25-09-2025-145322/run_25-09-2025-145322.gen/sources_1/ip/pll/pll_ooc.xdc] for cell 'inst'
Parsing XDC File [/home/alex/Isolde/MatrixAcceleratorDemo/runs/run_25-09-2025-145322/run_25-09-2025-145322.gen/sources_1/ip/pll/pll_board.xdc] for cell 'inst'
Finished Parsing XDC File [/home/alex/Isolde/MatrixAcceleratorDemo/runs/run_25-09-2025-145322/run_25-09-2025-145322.gen/sources_1/ip/pll/pll_board.xdc] for cell 'inst'
Parsing XDC File [/home/alex/Isolde/MatrixAcceleratorDemo/runs/run_25-09-2025-145322/run_25-09-2025-145322.gen/sources_1/ip/pll/pll.xdc] for cell 'inst'
Finished Parsing XDC File [/home/alex/Isolde/MatrixAcceleratorDemo/runs/run_25-09-2025-145322/run_25-09-2025-145322.gen/sources_1/ip/pll/pll.xdc] for cell 'inst'
INFO: [Project 1-236] Implementation specific constraints were found while reading constraint file [/home/alex/Isolde/MatrixAcceleratorDemo/runs/run_25-09-2025-145322/run_25-09-2025-145322.gen/sources_1/ip/pll/pll.xdc]. These constraints will be ignored for synthesis but will be used in implementation. Impacted constraints are listed in the file [.Xil/pll_propImpl.xdc].
Resolution: To avoid this warning, move constraints listed in [.Xil/pll_propImpl.xdc] to another XDC file and exclude this new file from synthesis with the used_in_synthesis property (File Properties dialog in GUI) and re-run elaboration/synthesis.
INFO: [Timing 38-2] Deriving generated clocks
Completed Processing XDC Constraints

Netlist sorting complete. Time (s): cpu = 00:00:00 ; elapsed = 00:00:00 . Memory (MB): peak = 6393.840 ; gain = 0.000 ; free physical = 10237 ; free virtual = 98573
INFO: [Project 1-111] Unisim Transformation Summary:
  A total of 3 instances were transformed.
  BUFG => BUFGCE: 2 instances
  IBUFDS => IBUFDS (DIFFINBUF, IBUFCTRL): 1 instance 

Constraint Validation Runtime : Time (s): cpu = 00:00:00 ; elapsed = 00:00:00.01 . Memory (MB): peak = 6393.840 ; gain = 0.000 ; free physical = 10237 ; free virtual = 98573
---------------------------------------------------------------------------------
Finished Constraint Validation : Time (s): cpu = 00:00:08 ; elapsed = 00:00:08 . Memory (MB): peak = 6393.840 ; gain = 0.000 ; free physical = 10343 ; free virtual = 98679
---------------------------------------------------------------------------------
---------------------------------------------------------------------------------
Start Loading Part and Timing Information
---------------------------------------------------------------------------------
Loading part: xcvu37p-fsvh2892-2L-e
INFO: [Synth 8-6742] Reading net delay rules and data
---------------------------------------------------------------------------------
Finished Loading Part and Timing Information : Time (s): cpu = 00:00:08 ; elapsed = 00:00:08 . Memory (MB): peak = 6393.840 ; gain = 0.000 ; free physical = 10343 ; free virtual = 98679
---------------------------------------------------------------------------------
---------------------------------------------------------------------------------
Start Applying 'set_property' XDC Constraints
---------------------------------------------------------------------------------
Applied set_property KEEP_HIERARCHY = SOFT for inst. (constraint file  auto generated constraint).
---------------------------------------------------------------------------------
Finished applying 'set_property' XDC Constraints : Time (s): cpu = 00:00:08 ; elapsed = 00:00:08 . Memory (MB): peak = 6393.840 ; gain = 0.000 ; free physical = 10343 ; free virtual = 98679
---------------------------------------------------------------------------------
---------------------------------------------------------------------------------
Finished RTL Optimization Phase 2 : Time (s): cpu = 00:00:08 ; elapsed = 00:00:08 . Memory (MB): peak = 6393.840 ; gain = 0.000 ; free physical = 10381 ; free virtual = 98718
---------------------------------------------------------------------------------
---------------------------------------------------------------------------------
Start RTL Component Statistics 
---------------------------------------------------------------------------------
Detailed RTL Component Info : 
---------------------------------------------------------------------------------
Finished RTL Component Statistics 
---------------------------------------------------------------------------------
---------------------------------------------------------------------------------
Start Part Resource Summary
---------------------------------------------------------------------------------
Part Resources:
DSPs: 9024 (col length:94)
BRAMs: 4032 (col length: RAMB18 288 RAMB36 144)
---------------------------------------------------------------------------------
Finished Part Resource Summary
---------------------------------------------------------------------------------
---------------------------------------------------------------------------------
Start Cross Boundary and Area Optimization
---------------------------------------------------------------------------------
WARNING: [Synth 8-7080] Parallel synthesis criteria is not met
---------------------------------------------------------------------------------
Finished Cross Boundary and Area Optimization : Time (s): cpu = 00:00:09 ; elapsed = 00:00:09 . Memory (MB): peak = 6393.840 ; gain = 0.000 ; free physical = 10381 ; free virtual = 98718
---------------------------------------------------------------------------------
---------------------------------------------------------------------------------
Start Applying XDC Timing Constraints
---------------------------------------------------------------------------------
---------------------------------------------------------------------------------
Finished Applying XDC Timing Constraints : Time (s): cpu = 00:00:10 ; elapsed = 00:00:10 . Memory (MB): peak = 6421.527 ; gain = 27.688 ; free physical = 10342 ; free virtual = 98679
---------------------------------------------------------------------------------
---------------------------------------------------------------------------------
Start Timing Optimization
---------------------------------------------------------------------------------
---------------------------------------------------------------------------------
Finished Timing Optimization : Time (s): cpu = 00:00:10 ; elapsed = 00:00:10 . Memory (MB): peak = 6421.527 ; gain = 27.688 ; free physical = 10342 ; free virtual = 98679
---------------------------------------------------------------------------------
---------------------------------------------------------------------------------
Start Technology Mapping
---------------------------------------------------------------------------------
---------------------------------------------------------------------------------
Finished Technology Mapping : Time (s): cpu = 00:00:10 ; elapsed = 00:00:10 . Memory (MB): peak = 6421.527 ; gain = 27.688 ; free physical = 10342 ; free virtual = 98679
---------------------------------------------------------------------------------
---------------------------------------------------------------------------------
Start IO Insertion
---------------------------------------------------------------------------------
---------------------------------------------------------------------------------
Start Flattening Before IO Insertion
---------------------------------------------------------------------------------
---------------------------------------------------------------------------------
Finished Flattening Before IO Insertion
---------------------------------------------------------------------------------
---------------------------------------------------------------------------------
Start Final Netlist Cleanup
---------------------------------------------------------------------------------
---------------------------------------------------------------------------------
Finished Final Netlist Cleanup
---------------------------------------------------------------------------------
---------------------------------------------------------------------------------
Finished IO Insertion : Time (s): cpu = 00:00:12 ; elapsed = 00:00:12 . Memory (MB): peak = 6421.527 ; gain = 27.688 ; free physical = 10295 ; free virtual = 98632
---------------------------------------------------------------------------------
---------------------------------------------------------------------------------
Start Renaming Generated Instances
---------------------------------------------------------------------------------
---------------------------------------------------------------------------------
Finished Renaming Generated Instances : Time (s): cpu = 00:00:12 ; elapsed = 00:00:12 . Memory (MB): peak = 6421.527 ; gain = 27.688 ; free physical = 10295 ; free virtual = 98632
---------------------------------------------------------------------------------
---------------------------------------------------------------------------------
Start Rebuilding User Hierarchy
---------------------------------------------------------------------------------
---------------------------------------------------------------------------------
Finished Rebuilding User Hierarchy : Time (s): cpu = 00:00:12 ; elapsed = 00:00:12 . Memory (MB): peak = 6421.527 ; gain = 27.688 ; free physical = 10295 ; free virtual = 98632
---------------------------------------------------------------------------------
---------------------------------------------------------------------------------
Start Renaming Generated Ports
---------------------------------------------------------------------------------
---------------------------------------------------------------------------------
Finished Renaming Generated Ports : Time (s): cpu = 00:00:12 ; elapsed = 00:00:12 . Memory (MB): peak = 6421.527 ; gain = 27.688 ; free physical = 10295 ; free virtual = 98632
---------------------------------------------------------------------------------
---------------------------------------------------------------------------------
Start Handling Custom Attributes
---------------------------------------------------------------------------------
---------------------------------------------------------------------------------
Finished Handling Custom Attributes : Time (s): cpu = 00:00:12 ; elapsed = 00:00:12 . Memory (MB): peak = 6421.527 ; gain = 27.688 ; free physical = 10295 ; free virtual = 98632
---------------------------------------------------------------------------------
---------------------------------------------------------------------------------
Start Renaming Generated Nets
---------------------------------------------------------------------------------
---------------------------------------------------------------------------------
Finished Renaming Generated Nets : Time (s): cpu = 00:00:12 ; elapsed = 00:00:12 . Memory (MB): peak = 6421.527 ; gain = 27.688 ; free physical = 10295 ; free virtual = 98632
---------------------------------------------------------------------------------
---------------------------------------------------------------------------------
Start Writing Synthesis Report
---------------------------------------------------------------------------------

Report BlackBoxes: 
+-+--------------+----------+
| |BlackBox name |Instances |
+-+--------------+----------+
+-+--------------+----------+

Report Cell Usage: 
+------+----------+------+
|      |Cell      |Count |
+------+----------+------+
|1     |BUFG      |     2|
|2     |LUT1      |     1|
|3     |PLLE4_ADV |     1|
|4     |IBUFDS    |     1|
+------+----------+------+
---------------------------------------------------------------------------------
Finished Writing Synthesis Report : Time (s): cpu = 00:00:12 ; elapsed = 00:00:12 . Memory (MB): peak = 6421.527 ; gain = 27.688 ; free physical = 10295 ; free virtual = 98632
---------------------------------------------------------------------------------
Synthesis finished with 0 errors, 0 critical warnings and 1 warnings.
Synthesis Optimization Runtime : Time (s): cpu = 00:00:10 ; elapsed = 00:00:10 . Memory (MB): peak = 6421.527 ; gain = 27.688 ; free physical = 10294 ; free virtual = 98631
Synthesis Optimization Complete : Time (s): cpu = 00:00:12 ; elapsed = 00:00:12 . Memory (MB): peak = 6421.535 ; gain = 27.688 ; free physical = 10294 ; free virtual = 98631
INFO: [Project 1-571] Translating synthesized netlist
Netlist sorting complete. Time (s): cpu = 00:00:00 ; elapsed = 00:00:00 . Memory (MB): peak = 6421.535 ; gain = 0.000 ; free physical = 10596 ; free virtual = 98933
INFO: [Netlist 29-17] Analyzing 4 Unisim elements for replacement
INFO: [Netlist 29-28] Unisim Transformation completed in 0 CPU seconds
INFO: [Project 1-570] Preparing netlist for logic optimization
Parsing XDC File [/home/alex/Isolde/MatrixAcceleratorDemo/runs/run_25-09-2025-145322/run_25-09-2025-145322.gen/sources_1/ip/pll/pll_ooc.xdc] for cell 'inst'
Finished Parsing XDC File [/home/alex/Isolde/MatrixAcceleratorDemo/runs/run_25-09-2025-145322/run_25-09-2025-145322.gen/sources_1/ip/pll/pll_ooc.xdc] for cell 'inst'
Parsing XDC File [/home/alex/Isolde/MatrixAcceleratorDemo/runs/run_25-09-2025-145322/run_25-09-2025-145322.gen/sources_1/ip/pll/pll_board.xdc] for cell 'inst'
Finished Parsing XDC File [/home/alex/Isolde/MatrixAcceleratorDemo/runs/run_25-09-2025-145322/run_25-09-2025-145322.gen/sources_1/ip/pll/pll_board.xdc] for cell 'inst'
Parsing XDC File [/home/alex/Isolde/MatrixAcceleratorDemo/runs/run_25-09-2025-145322/run_25-09-2025-145322.gen/sources_1/ip/pll/pll.xdc] for cell 'inst'
INFO: [Timing 38-35] Done setting XDC timing constraints. [/home/alex/Isolde/MatrixAcceleratorDemo/runs/run_25-09-2025-145322/run_25-09-2025-145322.gen/sources_1/ip/pll/pll.xdc:54]
INFO: [Timing 38-2] Deriving generated clocks [/home/alex/Isolde/MatrixAcceleratorDemo/runs/run_25-09-2025-145322/run_25-09-2025-145322.gen/sources_1/ip/pll/pll.xdc:54]
Finished Parsing XDC File [/home/alex/Isolde/MatrixAcceleratorDemo/runs/run_25-09-2025-145322/run_25-09-2025-145322.gen/sources_1/ip/pll/pll.xdc] for cell 'inst'
INFO: [Opt 31-138] Pushed 0 inverter(s) to 0 load pin(s).
INFO: [Opt 31-326] The CLKFBOUT to CLKFBIN net for instance inst/plle4_adv_inst with COMPENSATION=INTERNAL is optimized away to aid design routability
Netlist sorting complete. Time (s): cpu = 00:00:00 ; elapsed = 00:00:00 . Memory (MB): peak = 6421.535 ; gain = 0.000 ; free physical = 10603 ; free virtual = 98939
INFO: [Project 1-111] Unisim Transformation Summary:
  A total of 3 instances were transformed.
  BUFG => BUFGCE: 2 instances
  IBUFDS => IBUFDS (DIFFINBUF, IBUFCTRL): 1 instance 

Synth Design complete | Checksum: 76e5e4f
INFO: [Common 17-83] Releasing license: Synthesis
32 Infos, 2 Warnings, 0 Critical Warnings and 0 Errors encountered.
synth_design completed successfully
synth_design: Time (s): cpu = 00:00:18 ; elapsed = 00:00:17 . Memory (MB): peak = 6421.535 ; gain = 27.695 ; free physical = 10603 ; free virtual = 98939
INFO: [Common 17-2834] synth_design peak Physical Memory [PSS] (MB): overall = 5791.429; main = 5478.133; forked = 455.165
INFO: [Common 17-2834] synth_design peak Virtual Memory [VSS] (MB): overall = 8080.820; main = 6421.531; forked = 1659.289
INFO: [Timing 38-480] Writing timing data to binary archive.
Write ShapeDB Complete: Time (s): cpu = 00:00:00 ; elapsed = 00:00:00 . Memory (MB): peak = 6429.531 ; gain = 0.000 ; free physical = 10599 ; free virtual = 98936
INFO: [Common 17-1381] The checkpoint '/home/alex/Isolde/MatrixAcceleratorDemo/runs/run_25-09-2025-145322/run_25-09-2025-145322.gen/sources_1/ip/pll/pll.dcp' has been generated.
CRITICAL WARNING: [Vivado 12-5447] synth_ip is not supported in project mode, please use non-project mode.
INFO: [IP_Flow 19-234] Refreshing IP repositories
INFO: [IP_Flow 19-1704] No user IP repositories specified
INFO: [IP_Flow 19-2313] Loaded Vivado IP repository '/tools/Xilinx/Vivado/2024.1/data/ip'.
WARNING: [Vivado 12-13650] The IP file '/home/alex/Isolde/MatrixAcceleratorDemo/runs/run_25-09-2025-145322/run_25-09-2025-145322.srcs/sources_1/ip/rama_0/rama_0.xci' has been moved from its original location, as a result the outputs for this IP will now be generated in '/home/alex/Isolde/MatrixAcceleratorDemo/runs/run_25-09-2025-145322/run_25-09-2025-145322.gen/sources_1/ip/rama_0'. Alternatively a copy of the IP can be imported into the project using one of the 'import_ip' or 'import_files' commands.
Command: synth_design -top rama_0 -part xcvu37p-fsvh2892-2L-e -mode out_of_context
Starting synth_design
Attempting to get a license for feature 'Synthesis' and/or device 'xcvu37p'
INFO: [Common 17-349] Got license for feature 'Synthesis' and/or device 'xcvu37p'
INFO: [Synth 8-7079] Multithreading enabled for synth_design using a maximum of 4 processes.
---------------------------------------------------------------------------------
Starting RTL Elaboration : Time (s): cpu = 00:00:03 ; elapsed = 00:00:03 . Memory (MB): peak = 6429.531 ; gain = 0.000 ; free physical = 10319 ; free virtual = 98655
---------------------------------------------------------------------------------
INFO: [Synth 8-638] synthesizing module 'rama_0' [/home/alex/Isolde/MatrixAcceleratorDemo/runs/run_25-09-2025-145322/run_25-09-2025-145322.gen/sources_1/ip/rama_0/synth/rama_0.vhd:121]
	Parameter ID_WIDTH bound to: 6 - type: integer 
	Parameter G_AXI_DATA_WIDTH bound to: 256 - type: integer 
	Parameter ADDR_WIDTH bound to: 30 - type: integer 
	Parameter ADDR_WIDTH_MEM bound to: 33 - type: integer 
	Parameter G_AXI_WRAP_TRANS bound to: 0 - type: integer 
	Parameter G_AXI_LITE bound to: 0 - type: integer 
	Parameter G_FRAGMENT_SIZE_BYTES bound to: 128 - type: integer 
	Parameter G_MEM_COUNT bound to: 4 - type: integer 
	Parameter G_MEM_INTERLEAVE_TYPE bound to: none - type: string 
	Parameter G_REORDER_QUEUE_DEPTH bound to: 128 - type: integer 
	Parameter G_TRANS_QUEUE_FIFO_MEM_TYPE bound to: distributed - type: string 
	Parameter G_REORDER_MEMTYPE bound to: block - type: string 
	Parameter G_AXI_L_DATA_WIDTH bound to: 32 - type: integer 
	Parameter G_AXI_L_ADDR_WIDTH bound to: 6 - type: integer 
INFO: [Synth 8-3491] module 'rama' declared at '/home/alex/Isolde/MatrixAcceleratorDemo/runs/run_25-09-2025-145322/run_25-09-2025-145322.gen/sources_1/ip/rama_0/hdl/rtl/rama.vhd:80' bound to instance 'U0' of component 'rama' [/home/alex/Isolde/MatrixAcceleratorDemo/runs/run_25-09-2025-145322/run_25-09-2025-145322.gen/sources_1/ip/rama_0/synth/rama_0.vhd:298]
INFO: [Synth 8-6157] synthesizing module 'xpm_fifo_sync' [/tools/Xilinx/Vivado/2024.1/data/ip/xpm/xpm_fifo/hdl/xpm_fifo.sv:1975]
INFO: [Synth 8-6157] synthesizing module 'xpm_fifo_base' [/tools/Xilinx/Vivado/2024.1/data/ip/xpm/xpm_fifo/hdl/xpm_fifo.sv:53]
INFO: [Synth 8-6157] synthesizing module 'xpm_memory_base' [/tools/Xilinx/Vivado/2024.1/data/ip/xpm/xpm_memory/hdl/xpm_memory.sv:54]
INFO: [Synth 8-6155] done synthesizing module 'xpm_memory_base' (0#1) [/tools/Xilinx/Vivado/2024.1/data/ip/xpm/xpm_memory/hdl/xpm_memory.sv:54]
INFO: [Synth 8-6157] synthesizing module 'xpm_fifo_rst' [/tools/Xilinx/Vivado/2024.1/data/ip/xpm/xpm_fifo/hdl/xpm_fifo.sv:1639]
INFO: [Synth 8-6155] done synthesizing module 'xpm_fifo_rst' (0#1) [/tools/Xilinx/Vivado/2024.1/data/ip/xpm/xpm_fifo/hdl/xpm_fifo.sv:1639]
INFO: [Synth 8-6157] synthesizing module 'xpm_fifo_reg_bit' [/tools/Xilinx/Vivado/2024.1/data/ip/xpm/xpm_fifo/hdl/xpm_fifo.sv:1927]
INFO: [Synth 8-6155] done synthesizing module 'xpm_fifo_reg_bit' (0#1) [/tools/Xilinx/Vivado/2024.1/data/ip/xpm/xpm_fifo/hdl/xpm_fifo.sv:1927]
INFO: [Synth 8-6157] synthesizing module 'xpm_counter_updn' [/tools/Xilinx/Vivado/2024.1/data/ip/xpm/xpm_fifo/hdl/xpm_fifo.sv:1879]
INFO: [Synth 8-6155] done synthesizing module 'xpm_counter_updn' (0#1) [/tools/Xilinx/Vivado/2024.1/data/ip/xpm/xpm_fifo/hdl/xpm_fifo.sv:1879]
INFO: [Synth 8-6157] synthesizing module 'xpm_counter_updn__parameterized0' [/tools/Xilinx/Vivado/2024.1/data/ip/xpm/xpm_fifo/hdl/xpm_fifo.sv:1879]
INFO: [Synth 8-6155] done synthesizing module 'xpm_counter_updn__parameterized0' (0#1) [/tools/Xilinx/Vivado/2024.1/data/ip/xpm/xpm_fifo/hdl/xpm_fifo.sv:1879]
INFO: [Synth 8-6157] synthesizing module 'xpm_counter_updn__parameterized1' [/tools/Xilinx/Vivado/2024.1/data/ip/xpm/xpm_fifo/hdl/xpm_fifo.sv:1879]
INFO: [Synth 8-6155] done synthesizing module 'xpm_counter_updn__parameterized1' (0#1) [/tools/Xilinx/Vivado/2024.1/data/ip/xpm/xpm_fifo/hdl/xpm_fifo.sv:1879]
INFO: [Synth 8-6155] done synthesizing module 'xpm_fifo_base' (0#1) [/tools/Xilinx/Vivado/2024.1/data/ip/xpm/xpm_fifo/hdl/xpm_fifo.sv:53]
INFO: [Synth 8-6155] done synthesizing module 'xpm_fifo_sync' (0#1) [/tools/Xilinx/Vivado/2024.1/data/ip/xpm/xpm_fifo/hdl/xpm_fifo.sv:1975]
INFO: [Synth 8-6157] synthesizing module 'xpm_memory_sdpram' [/tools/Xilinx/Vivado/2024.1/data/ip/xpm/xpm_memory/hdl/xpm_memory.sv:8556]
INFO: [Synth 8-6157] synthesizing module 'xpm_memory_base__parameterized0' [/tools/Xilinx/Vivado/2024.1/data/ip/xpm/xpm_memory/hdl/xpm_memory.sv:54]
INFO: [Synth 8-6059] Synth Info: [XPM_MEMORY 20-2] MEMORY_INIT_FILE (none), MEMORY_INIT_PARAM together specify no memory initialization. Initial memory contents will be all 0's.   [/tools/Xilinx/Vivado/2024.1/data/ip/xpm/xpm_memory/hdl/xpm_memory.sv:516]
INFO: [Synth 8-6155] done synthesizing module 'xpm_memory_base__parameterized0' (0#1) [/tools/Xilinx/Vivado/2024.1/data/ip/xpm/xpm_memory/hdl/xpm_memory.sv:54]
INFO: [Synth 8-6155] done synthesizing module 'xpm_memory_sdpram' (0#1) [/tools/Xilinx/Vivado/2024.1/data/ip/xpm/xpm_memory/hdl/xpm_memory.sv:8556]
INFO: [Synth 8-6157] synthesizing module 'xpm_fifo_sync__parameterized1' [/tools/Xilinx/Vivado/2024.1/data/ip/xpm/xpm_fifo/hdl/xpm_fifo.sv:1975]
INFO: [Synth 8-6157] synthesizing module 'xpm_fifo_base__parameterized0' [/tools/Xilinx/Vivado/2024.1/data/ip/xpm/xpm_fifo/hdl/xpm_fifo.sv:53]
INFO: [Synth 8-6157] synthesizing module 'xpm_memory_base__parameterized1' [/tools/Xilinx/Vivado/2024.1/data/ip/xpm/xpm_memory/hdl/xpm_memory.sv:54]
INFO: [Synth 8-6155] done synthesizing module 'xpm_memory_base__parameterized1' (0#1) [/tools/Xilinx/Vivado/2024.1/data/ip/xpm/xpm_memory/hdl/xpm_memory.sv:54]
INFO: [Synth 8-6155] done synthesizing module 'xpm_fifo_base__parameterized0' (0#1) [/tools/Xilinx/Vivado/2024.1/data/ip/xpm/xpm_fifo/hdl/xpm_fifo.sv:53]
INFO: [Synth 8-6155] done synthesizing module 'xpm_fifo_sync__parameterized1' (0#1) [/tools/Xilinx/Vivado/2024.1/data/ip/xpm/xpm_fifo/hdl/xpm_fifo.sv:1975]
INFO: [Synth 8-6157] synthesizing module 'xpm_memory_sdpram__parameterized1' [/tools/Xilinx/Vivado/2024.1/data/ip/xpm/xpm_memory/hdl/xpm_memory.sv:8556]
INFO: [Synth 8-6157] synthesizing module 'xpm_memory_base__parameterized2' [/tools/Xilinx/Vivado/2024.1/data/ip/xpm/xpm_memory/hdl/xpm_memory.sv:54]
INFO: [Synth 8-6059] Synth Info: [XPM_MEMORY 20-2] MEMORY_INIT_FILE (none), MEMORY_INIT_PARAM together specify no memory initialization. Initial memory contents will be all 0's.   [/tools/Xilinx/Vivado/2024.1/data/ip/xpm/xpm_memory/hdl/xpm_memory.sv:516]
INFO: [Synth 8-6155] done synthesizing module 'xpm_memory_base__parameterized2' (0#1) [/tools/Xilinx/Vivado/2024.1/data/ip/xpm/xpm_memory/hdl/xpm_memory.sv:54]
INFO: [Synth 8-6155] done synthesizing module 'xpm_memory_sdpram__parameterized1' (0#1) [/tools/Xilinx/Vivado/2024.1/data/ip/xpm/xpm_memory/hdl/xpm_memory.sv:8556]
INFO: [Synth 8-256] done synthesizing module 'rama_0' (0#1) [/home/alex/Isolde/MatrixAcceleratorDemo/runs/run_25-09-2025-145322/run_25-09-2025-145322.gen/sources_1/ip/rama_0/synth/rama_0.vhd:121]
WARNING: [Synth 8-6014] Unused sequential element gen_rd_b.gen_doutb_pipe.enb_pipe_reg[0] was removed.  [/tools/Xilinx/Vivado/2024.1/data/ip/xpm/xpm_memory/hdl/xpm_memory.sv:3077]
WARNING: [Synth 8-6014] Unused sequential element gen_rd_b.gen_doutb_pipe.enb_pipe_reg[0] was removed.  [/tools/Xilinx/Vivado/2024.1/data/ip/xpm/xpm_memory/hdl/xpm_memory.sv:3077]
WARNING: [Synth 8-7129] Port m_axi_aclk in module axi4s_to_axi4full is either unconnected or has no load
WARNING: [Synth 8-7129] Port m_axi_aresetn in module axi4s_to_axi4full is either unconnected or has no load
WARNING: [Synth 8-7129] Port s_axis_wr_addr_data[axaddr][33] in module axi4s_to_axi4full is either unconnected or has no load
WARNING: [Synth 8-7129] Port s_axis_wr_addr_data[axburst][1] in module axi4s_to_axi4full is either unconnected or has no load
WARNING: [Synth 8-7129] Port s_axis_wr_addr_data[axburst][0] in module axi4s_to_axi4full is either unconnected or has no load
WARNING: [Synth 8-7129] Port s_axis_wr_addr_data[axlen][7] in module axi4s_to_axi4full is either unconnected or has no load
WARNING: [Synth 8-7129] Port s_axis_wr_addr_data[axlen][6] in module axi4s_to_axi4full is either unconnected or has no load
WARNING: [Synth 8-7129] Port s_axis_wr_addr_data[axlen][5] in module axi4s_to_axi4full is either unconnected or has no load
WARNING: [Synth 8-7129] Port s_axis_wr_addr_data[axlen][4] in module axi4s_to_axi4full is either unconnected or has no load
WARNING: [Synth 8-7129] Port s_axis_wr_addr_data[axid_pre][5] in module axi4s_to_axi4full is either unconnected or has no load
WARNING: [Synth 8-7129] Port s_axis_wr_addr_data[axid_pre][4] in module axi4s_to_axi4full is either unconnected or has no load
WARNING: [Synth 8-7129] Port s_axis_wr_addr_data[axid_pre][3] in module axi4s_to_axi4full is either unconnected or has no load
WARNING: [Synth 8-7129] Port s_axis_wr_addr_data[axid_pre][2] in module axi4s_to_axi4full is either unconnected or has no load
WARNING: [Synth 8-7129] Port s_axis_wr_addr_data[axid_pre][1] in module axi4s_to_axi4full is either unconnected or has no load
WARNING: [Synth 8-7129] Port s_axis_wr_addr_data[axid_pre][0] in module axi4s_to_axi4full is either unconnected or has no load
WARNING: [Synth 8-7129] Port s_axis_wr_addr_data[fraglast] in module axi4s_to_axi4full is either unconnected or has no load
WARNING: [Synth 8-7129] Port s_axis_wr_addr_data[fragerr] in module axi4s_to_axi4full is either unconnected or has no load
WARNING: [Synth 8-7129] Port s_axis_rd_req_data[axaddr][33] in module axi4s_to_axi4full is either unconnected or has no load
WARNING: [Synth 8-7129] Port s_axis_rd_req_data[axburst][1] in module axi4s_to_axi4full is either unconnected or has no load
WARNING: [Synth 8-7129] Port s_axis_rd_req_data[axburst][0] in module axi4s_to_axi4full is either unconnected or has no load
WARNING: [Synth 8-7129] Port s_axis_rd_req_data[axlen][7] in module axi4s_to_axi4full is either unconnected or has no load
WARNING: [Synth 8-7129] Port s_axis_rd_req_data[axlen][6] in module axi4s_to_axi4full is either unconnected or has no load
WARNING: [Synth 8-7129] Port s_axis_rd_req_data[axlen][5] in module axi4s_to_axi4full is either unconnected or has no load
WARNING: [Synth 8-7129] Port s_axis_rd_req_data[axlen][4] in module axi4s_to_axi4full is either unconnected or has no load
WARNING: [Synth 8-7129] Port s_axis_rd_req_data[axid_pre][5] in module axi4s_to_axi4full is either unconnected or has no load
WARNING: [Synth 8-7129] Port s_axis_rd_req_data[axid_pre][4] in module axi4s_to_axi4full is either unconnected or has no load
WARNING: [Synth 8-7129] Port s_axis_rd_req_data[axid_pre][3] in module axi4s_to_axi4full is either unconnected or has no load
WARNING: [Synth 8-7129] Port s_axis_rd_req_data[axid_pre][2] in module axi4s_to_axi4full is either unconnected or has no load
WARNING: [Synth 8-7129] Port s_axis_rd_req_data[axid_pre][1] in module axi4s_to_axi4full is either unconnected or has no load
WARNING: [Synth 8-7129] Port s_axis_rd_req_data[axid_pre][0] in module axi4s_to_axi4full is either unconnected or has no load
WARNING: [Synth 8-7129] Port s_axis_rd_req_data[fraglast] in module axi4s_to_axi4full is either unconnected or has no load
WARNING: [Synth 8-7129] Port s_axis_rd_req_data[fragerr] in module axi4s_to_axi4full is either unconnected or has no load
WARNING: [Synth 8-7129] Port sleep in module xpm_memory_base__parameterized2 is either unconnected or has no load
WARNING: [Synth 8-7129] Port rsta in module xpm_memory_base__parameterized2 is either unconnected or has no load
WARNING: [Synth 8-7129] Port regcea in module xpm_memory_base__parameterized2 is either unconnected or has no load
WARNING: [Synth 8-7129] Port injectsbiterra in module xpm_memory_base__parameterized2 is either unconnected or has no load
WARNING: [Synth 8-7129] Port injectdbiterra in module xpm_memory_base__parameterized2 is either unconnected or has no load
WARNING: [Synth 8-7129] Port clkb in module xpm_memory_base__parameterized2 is either unconnected or has no load
WARNING: [Synth 8-7129] Port web[0] in module xpm_memory_base__parameterized2 is either unconnected or has no load
WARNING: [Synth 8-7129] Port dinb[2] in module xpm_memory_base__parameterized2 is either unconnected or has no load
WARNING: [Synth 8-7129] Port dinb[1] in module xpm_memory_base__parameterized2 is either unconnected or has no load
WARNING: [Synth 8-7129] Port dinb[0] in module xpm_memory_base__parameterized2 is either unconnected or has no load
WARNING: [Synth 8-7129] Port injectsbiterrb in module xpm_memory_base__parameterized2 is either unconnected or has no load
WARNING: [Synth 8-7129] Port injectdbiterrb in module xpm_memory_base__parameterized2 is either unconnected or has no load
WARNING: [Synth 8-7129] Port rd_clk in module xpm_fifo_rst is either unconnected or has no load
WARNING: [Synth 8-7129] Port sleep in module xpm_memory_base__parameterized1 is either unconnected or has no load
WARNING: [Synth 8-7129] Port rsta in module xpm_memory_base__parameterized1 is either unconnected or has no load
WARNING: [Synth 8-7129] Port regcea in module xpm_memory_base__parameterized1 is either unconnected or has no load
WARNING: [Synth 8-7129] Port injectsbiterra in module xpm_memory_base__parameterized1 is either unconnected or has no load
WARNING: [Synth 8-7129] Port injectdbiterra in module xpm_memory_base__parameterized1 is either unconnected or has no load
WARNING: [Synth 8-7129] Port clkb in module xpm_memory_base__parameterized1 is either unconnected or has no load
WARNING: [Synth 8-7129] Port regceb in module xpm_memory_base__parameterized1 is either unconnected or has no load
WARNING: [Synth 8-7129] Port web[0] in module xpm_memory_base__parameterized1 is either unconnected or has no load
WARNING: [Synth 8-7129] Port dinb[7] in module xpm_memory_base__parameterized1 is either unconnected or has no load
WARNING: [Synth 8-7129] Port dinb[6] in module xpm_memory_base__parameterized1 is either unconnected or has no load
WARNING: [Synth 8-7129] Port dinb[5] in module xpm_memory_base__parameterized1 is either unconnected or has no load
WARNING: [Synth 8-7129] Port dinb[4] in module xpm_memory_base__parameterized1 is either unconnected or has no load
WARNING: [Synth 8-7129] Port dinb[3] in module xpm_memory_base__parameterized1 is either unconnected or has no load
WARNING: [Synth 8-7129] Port dinb[2] in module xpm_memory_base__parameterized1 is either unconnected or has no load
WARNING: [Synth 8-7129] Port dinb[1] in module xpm_memory_base__parameterized1 is either unconnected or has no load
WARNING: [Synth 8-7129] Port dinb[0] in module xpm_memory_base__parameterized1 is either unconnected or has no load
WARNING: [Synth 8-7129] Port injectsbiterrb in module xpm_memory_base__parameterized1 is either unconnected or has no load
WARNING: [Synth 8-7129] Port injectdbiterrb in module xpm_memory_base__parameterized1 is either unconnected or has no load
WARNING: [Synth 8-7129] Port s_axis_wr_addr_store_data[axaddr][33] in module rama_write_reorder_trans_queue is either unconnected or has no load
WARNING: [Synth 8-7129] Port s_axis_wr_addr_store_data[axaddr][32] in module rama_write_reorder_trans_queue is either unconnected or has no load
WARNING: [Synth 8-7129] Port s_axis_wr_addr_store_data[axaddr][31] in module rama_write_reorder_trans_queue is either unconnected or has no load
WARNING: [Synth 8-7129] Port s_axis_wr_addr_store_data[axaddr][30] in module rama_write_reorder_trans_queue is either unconnected or has no load
WARNING: [Synth 8-7129] Port s_axis_wr_addr_store_data[axaddr][29] in module rama_write_reorder_trans_queue is either unconnected or has no load
WARNING: [Synth 8-7129] Port s_axis_wr_addr_store_data[axaddr][28] in module rama_write_reorder_trans_queue is either unconnected or has no load
WARNING: [Synth 8-7129] Port s_axis_wr_addr_store_data[axaddr][27] in module rama_write_reorder_trans_queue is either unconnected or has no load
WARNING: [Synth 8-7129] Port s_axis_wr_addr_store_data[axaddr][26] in module rama_write_reorder_trans_queue is either unconnected or has no load
WARNING: [Synth 8-7129] Port s_axis_wr_addr_store_data[axaddr][25] in module rama_write_reorder_trans_queue is either unconnected or has no load
WARNING: [Synth 8-7129] Port s_axis_wr_addr_store_data[axaddr][24] in module rama_write_reorder_trans_queue is either unconnected or has no load
WARNING: [Synth 8-7129] Port s_axis_wr_addr_store_data[axaddr][23] in module rama_write_reorder_trans_queue is either unconnected or has no load
WARNING: [Synth 8-7129] Port s_axis_wr_addr_store_data[axaddr][22] in module rama_write_reorder_trans_queue is either unconnected or has no load
WARNING: [Synth 8-7129] Port s_axis_wr_addr_store_data[axaddr][21] in module rama_write_reorder_trans_queue is either unconnected or has no load
WARNING: [Synth 8-7129] Port s_axis_wr_addr_store_data[axaddr][20] in module rama_write_reorder_trans_queue is either unconnected or has no load
WARNING: [Synth 8-7129] Port s_axis_wr_addr_store_data[axaddr][19] in module rama_write_reorder_trans_queue is either unconnected or has no load
WARNING: [Synth 8-7129] Port s_axis_wr_addr_store_data[axaddr][18] in module rama_write_reorder_trans_queue is either unconnected or has no load
WARNING: [Synth 8-7129] Port s_axis_wr_addr_store_data[axaddr][17] in module rama_write_reorder_trans_queue is either unconnected or has no load
WARNING: [Synth 8-7129] Port s_axis_wr_addr_store_data[axaddr][16] in module rama_write_reorder_trans_queue is either unconnected or has no load
WARNING: [Synth 8-7129] Port s_axis_wr_addr_store_data[axaddr][15] in module rama_write_reorder_trans_queue is either unconnected or has no load
WARNING: [Synth 8-7129] Port s_axis_wr_addr_store_data[axaddr][14] in module rama_write_reorder_trans_queue is either unconnected or has no load
WARNING: [Synth 8-7129] Port s_axis_wr_addr_store_data[axaddr][13] in module rama_write_reorder_trans_queue is either unconnected or has no load
WARNING: [Synth 8-7129] Port s_axis_wr_addr_store_data[axaddr][12] in module rama_write_reorder_trans_queue is either unconnected or has no load
WARNING: [Synth 8-7129] Port s_axis_wr_addr_store_data[axaddr][11] in module rama_write_reorder_trans_queue is either unconnected or has no load
WARNING: [Synth 8-7129] Port s_axis_wr_addr_store_data[axaddr][10] in module rama_write_reorder_trans_queue is either unconnected or has no load
WARNING: [Synth 8-7129] Port s_axis_wr_addr_store_data[axaddr][9] in module rama_write_reorder_trans_queue is either unconnected or has no load
WARNING: [Synth 8-7129] Port s_axis_wr_addr_store_data[axaddr][8] in module rama_write_reorder_trans_queue is either unconnected or has no load
WARNING: [Synth 8-7129] Port s_axis_wr_addr_store_data[axaddr][7] in module rama_write_reorder_trans_queue is either unconnected or has no load
WARNING: [Synth 8-7129] Port s_axis_wr_addr_store_data[axaddr][6] in module rama_write_reorder_trans_queue is either unconnected or has no load
WARNING: [Synth 8-7129] Port s_axis_wr_addr_store_data[axaddr][5] in module rama_write_reorder_trans_queue is either unconnected or has no load
WARNING: [Synth 8-7129] Port s_axis_wr_addr_store_data[axaddr][4] in module rama_write_reorder_trans_queue is either unconnected or has no load
WARNING: [Synth 8-7129] Port s_axis_wr_addr_store_data[axaddr][3] in module rama_write_reorder_trans_queue is either unconnected or has no load
WARNING: [Synth 8-7129] Port s_axis_wr_addr_store_data[axaddr][2] in module rama_write_reorder_trans_queue is either unconnected or has no load
WARNING: [Synth 8-7129] Port s_axis_wr_addr_store_data[axaddr][1] in module rama_write_reorder_trans_queue is either unconnected or has no load
WARNING: [Synth 8-7129] Port s_axis_wr_addr_store_data[axaddr][0] in module rama_write_reorder_trans_queue is either unconnected or has no load
WARNING: [Synth 8-7129] Port s_axis_wr_addr_store_data[axburst][1] in module rama_write_reorder_trans_queue is either unconnected or has no load
WARNING: [Synth 8-7129] Port s_axis_wr_addr_store_data[axburst][0] in module rama_write_reorder_trans_queue is either unconnected or has no load
WARNING: [Synth 8-7129] Port s_axis_wr_addr_store_data[axlen][7] in module rama_write_reorder_trans_queue is either unconnected or has no load
INFO: [Common 17-14] Message 'Synth 8-7129' appears 100 times and further instances of the messages will be disabled. Use the Tcl command set_msg_config to change the current settings.
---------------------------------------------------------------------------------
Finished RTL Elaboration : Time (s): cpu = 00:00:04 ; elapsed = 00:00:04 . Memory (MB): peak = 6429.531 ; gain = 0.000 ; free physical = 10299 ; free virtual = 98636
---------------------------------------------------------------------------------
---------------------------------------------------------------------------------
Start Handling Custom Attributes
---------------------------------------------------------------------------------
---------------------------------------------------------------------------------
Finished Handling Custom Attributes : Time (s): cpu = 00:00:04 ; elapsed = 00:00:04 . Memory (MB): peak = 6429.531 ; gain = 0.000 ; free physical = 10302 ; free virtual = 98639
---------------------------------------------------------------------------------
---------------------------------------------------------------------------------
Finished RTL Optimization Phase 1 : Time (s): cpu = 00:00:04 ; elapsed = 00:00:04 . Memory (MB): peak = 6429.531 ; gain = 0.000 ; free physical = 10302 ; free virtual = 98639
---------------------------------------------------------------------------------
Netlist sorting complete. Time (s): cpu = 00:00:00.04 ; elapsed = 00:00:00.05 . Memory (MB): peak = 6429.531 ; gain = 0.000 ; free physical = 10302 ; free virtual = 98639
INFO: [Project 1-570] Preparing netlist for logic optimization

Processing XDC Constraints
Initializing timing engine
Parsing XDC File [/home/alex/Isolde/MatrixAcceleratorDemo/runs/run_25-09-2025-145322/run_25-09-2025-145322.gen/sources_1/ip/rama_0/rama_0_ooc.xdc] for cell 'U0'
Finished Parsing XDC File [/home/alex/Isolde/MatrixAcceleratorDemo/runs/run_25-09-2025-145322/run_25-09-2025-145322.gen/sources_1/ip/rama_0/rama_0_ooc.xdc] for cell 'U0'
Parsing XDC File [/home/alex/Isolde/MatrixAcceleratorDemo/runs/run_25-09-2025-145322/run_25-09-2025-145322.gen/sources_1/ip/rama_0/rama_0.xdc] for cell 'U0'
Finished Parsing XDC File [/home/alex/Isolde/MatrixAcceleratorDemo/runs/run_25-09-2025-145322/run_25-09-2025-145322.gen/sources_1/ip/rama_0/rama_0.xdc] for cell 'U0'
INFO: [Project 1-236] Implementation specific constraints were found while reading constraint file [/tools/Xilinx/Vivado/2024.1/data/ip/xpm/xpm_fifo/tcl/xpm_fifo_rst.tcl]. These constraints will be ignored for synthesis but will be used in implementation. Impacted constraints are listed in the file [.Xil/rama_0_propImpl.xdc].
Resolution: To avoid this warning, move constraints listed in [.Xil/rama_0_propImpl.xdc] to another XDC file and exclude this new file from synthesis with the used_in_synthesis property (File Properties dialog in GUI) and re-run elaboration/synthesis.
INFO: [Project 1-236] Implementation specific constraints were found while reading constraint file [/tools/Xilinx/Vivado/2024.1/data/ip/xpm/xpm_memory/tcl/xpm_memory_xdc.tcl]. These constraints will be ignored for synthesis but will be used in implementation. Impacted constraints are listed in the file [.Xil/rama_0_propImpl.xdc].
Resolution: To avoid this warning, move constraints listed in [.Xil/rama_0_propImpl.xdc] to another XDC file and exclude this new file from synthesis with the used_in_synthesis property (File Properties dialog in GUI) and re-run elaboration/synthesis.
INFO: [Project 1-1714] 4 XPM XDC files have been applied to the design.
Completed Processing XDC Constraints

Netlist sorting complete. Time (s): cpu = 00:00:00 ; elapsed = 00:00:00 . Memory (MB): peak = 6429.531 ; gain = 0.000 ; free physical = 10306 ; free virtual = 98642
INFO: [Project 1-111] Unisim Transformation Summary:
No Unisim elements were transformed.

Constraint Validation Runtime : Time (s): cpu = 00:00:00.1 ; elapsed = 00:00:00.05 . Memory (MB): peak = 6429.531 ; gain = 0.000 ; free physical = 10305 ; free virtual = 98642
---------------------------------------------------------------------------------
Finished Constraint Validation : Time (s): cpu = 00:00:10 ; elapsed = 00:00:10 . Memory (MB): peak = 6429.531 ; gain = 0.000 ; free physical = 10092 ; free virtual = 98429
---------------------------------------------------------------------------------
---------------------------------------------------------------------------------
Start Loading Part and Timing Information
---------------------------------------------------------------------------------
Loading part: xcvu37p-fsvh2892-2L-e
INFO: [Synth 8-6742] Reading net delay rules and data
---------------------------------------------------------------------------------
Finished Loading Part and Timing Information : Time (s): cpu = 00:00:10 ; elapsed = 00:00:10 . Memory (MB): peak = 6429.531 ; gain = 0.000 ; free physical = 10092 ; free virtual = 98429
---------------------------------------------------------------------------------
---------------------------------------------------------------------------------
Start Applying 'set_property' XDC Constraints
---------------------------------------------------------------------------------
Applied set_property KEEP_HIERARCHY = SOFT for U0. (constraint file  auto generated constraint).
Applied set_property KEEP_HIERARCHY = SOFT for U0/rama_read_core_inst/rama_read_reorder_core_inst/rama_read_reorder_trans_queue_inst/xpm_fifo_sync_inst. (constraint file  auto generated constraint).
Applied set_property KEEP_HIERARCHY = SOFT for U0/rama_write_core_inst/rama_write_reorder_core_inst/rama_write_reorder_trans_queue_inst/xpm_fifo_sync_inst. (constraint file  auto generated constraint).
Applied set_property KEEP_HIERARCHY = SOFT for U0/rama_read_core_inst/rama_read_reorder_core_inst/rama_read_reorder_mem_inst/xpm_memory_sdpram_inst. (constraint file  auto generated constraint).
Applied set_property KEEP_HIERARCHY = SOFT for U0/rama_write_core_inst/rama_write_reorder_core_inst/rama_write_reorder_mem_inst/xpm_memory_sdpram_inst. (constraint file  auto generated constraint).
---------------------------------------------------------------------------------
Finished applying 'set_property' XDC Constraints : Time (s): cpu = 00:00:10 ; elapsed = 00:00:10 . Memory (MB): peak = 6429.531 ; gain = 0.000 ; free physical = 10092 ; free virtual = 98429
---------------------------------------------------------------------------------
INFO: [Synth 8-802] inferred FSM for state register 'slave_wr_addr_sm_reg' in module 'axi4full_to_axi4s_frag_write'
INFO: [Synth 8-802] inferred FSM for state register 'slave_wr_data_sm_reg' in module 'axi4full_to_axi4s_frag_write'
INFO: [Synth 8-802] inferred FSM for state register 'slave_rd_req_sm_reg' in module 'axi4full_to_axi4s_frag_read'
INFO: [Synth 8-802] inferred FSM for state register 'curr_master_wr_data_sm_reg' in module 'rama_read_reorder_ctl'
INFO: [Synth 8-802] inferred FSM for state register 'curr_master_wr_data_sm_reg' in module 'rama_write_reorder_ctl'
INFO: [Synth 8-6904] The RAM "axi4full_to_axi4s_frag_write:/axis_wr_data_buffer_reg[1][wlast]" of size (depth=2 x width=1) is automatically implemented using LUTRAM. BRAM implementation would be inefficient 
---------------------------------------------------------------------------------------------------
                   State |                     New Encoding |                Previous Encoding 
---------------------------------------------------------------------------------------------------
                  iSTATE |                             0001 |                               00
*
              state_idle |                             0010 |                               01
             state_avail |                             0100 |                               10
              state_full |                             1000 |                               11
---------------------------------------------------------------------------------------------------
INFO: [Synth 8-3354] encoded FSM with state register 'slave_wr_data_sm_reg' using encoding 'one-hot' in module 'axi4full_to_axi4s_frag_write'
---------------------------------------------------------------------------------------------------
                   State |                     New Encoding |                Previous Encoding 
---------------------------------------------------------------------------------------------------
                  iSTATE |                               00 |                               00
*
              state_idle |                               01 |                               01
             state_avail |                               10 |                               10
              state_full |                               11 |                               11
---------------------------------------------------------------------------------------------------
INFO: [Synth 8-3354] encoded FSM with state register 'slave_wr_addr_sm_reg' using encoding 'sequential' in module 'axi4full_to_axi4s_frag_write'
INFO: [Synth 8-6904] The RAM "axi4full_to_axi4s_frag_write:/axis_wr_data_buffer_reg[1][wdata]" of size (depth=2 x width=256) is automatically implemented using LUTRAM. BRAM implementation would be inefficient 
INFO: [Synth 8-6904] The RAM "axi4full_to_axi4s_frag_write:/axis_wr_data_buffer_reg[1][wstrb]" of size (depth=2 x width=32) is automatically implemented using LUTRAM. BRAM implementation would be inefficient 
---------------------------------------------------------------------------------------------------
                   State |                     New Encoding |                Previous Encoding 
---------------------------------------------------------------------------------------------------
                  iSTATE |                               00 |                               00
*
              state_idle |                               01 |                               01
             state_avail |                               10 |                               10
              state_full |                               11 |                               11
---------------------------------------------------------------------------------------------------
INFO: [Synth 8-3354] encoded FSM with state register 'slave_rd_req_sm_reg' using encoding 'sequential' in module 'axi4full_to_axi4s_frag_read'
---------------------------------------------------------------------------------------------------
                   State |                     New Encoding |                Previous Encoding 
---------------------------------------------------------------------------------------------------
                  iSTATE |                              000 |                              000
*
              state_idle |                              001 |                              001
           state_latency |                              010 |                              010
             state_avail |                              011 |                              011
              state_full |                              100 |                              100
---------------------------------------------------------------------------------------------------
INFO: [Synth 8-3354] encoded FSM with state register 'curr_master_wr_data_sm_reg' using encoding 'sequential' in module 'rama_read_reorder_ctl'
INFO: [Synth 8-6904] The RAM "rama_read_reorder_ctl:/axis_id_buffer_reg" of size (depth=2 x width=6) is automatically implemented using LUTRAM. BRAM implementation would be inefficient 
INFO: [Synth 8-6904] The RAM "rama_read_reorder_ctl:/axis_wr_data_buffer_reg" of size (depth=2 x width=258) is automatically implemented using LUTRAM. BRAM implementation would be inefficient 
---------------------------------------------------------------------------------------------------
                   State |                     New Encoding |                Previous Encoding 
---------------------------------------------------------------------------------------------------
                  iSTATE |                              000 |                              000
*
              state_idle |                              001 |                              001
           state_latency |                              010 |                              010
             state_avail |                              011 |                              011
              state_full |                              100 |                              100
---------------------------------------------------------------------------------------------------
INFO: [Synth 8-3354] encoded FSM with state register 'curr_master_wr_data_sm_reg' using encoding 'sequential' in module 'rama_write_reorder_ctl'
INFO: [Synth 8-6904] The RAM "rama_write_reorder_ctl:/axis_id_buffer_reg" of size (depth=2 x width=6) is automatically implemented using LUTRAM. BRAM implementation would be inefficient 
INFO: [Synth 8-6904] The RAM "rama_write_reorder_ctl:/axis_wr_data_buffer_reg" of size (depth=2 x width=2) is automatically implemented using LUTRAM. BRAM implementation would be inefficient 
---------------------------------------------------------------------------------
Finished RTL Optimization Phase 2 : Time (s): cpu = 00:00:11 ; elapsed = 00:00:11 . Memory (MB): peak = 6429.531 ; gain = 0.000 ; free physical = 10091 ; free virtual = 98430
---------------------------------------------------------------------------------
---------------------------------------------------------------------------------
Start RTL Component Statistics 
---------------------------------------------------------------------------------
Detailed RTL Component Info : 
+---Adders : 
	   2 Input   34 Bit       Adders := 2     
	   2 Input    9 Bit       Adders := 1     
	   2 Input    8 Bit       Adders := 6     
	   3 Input    8 Bit       Adders := 5     
	   4 Input    8 Bit       Adders := 4     
	   4 Input    7 Bit       Adders := 6     
	   3 Input    7 Bit       Adders := 2     
	   2 Input    6 Bit       Adders := 4     
	   2 Input    4 Bit       Adders := 6     
	   2 Input    3 Bit       Adders := 3     
	   2 Input    2 Bit       Adders := 6     
+---XORs : 
	   2 Input      1 Bit         XORs := 2     
+---Registers : 
	              259 Bit    Registers := 2     
	              258 Bit    Registers := 1     
	              256 Bit    Registers := 5     
	               64 Bit    Registers := 1     
	               34 Bit    Registers := 9     
	               32 Bit    Registers := 1     
	               10 Bit    Registers := 18    
	                9 Bit    Registers := 3     
	                8 Bit    Registers := 36    
	                7 Bit    Registers := 10    
	                6 Bit    Registers := 31    
	                5 Bit    Registers := 1     
	                4 Bit    Registers := 6     
	                3 Bit    Registers := 83    
	                2 Bit    Registers := 167   
	                1 Bit    Registers := 104   
+---RAMs : 
	             129K Bit	(512 X 259 bit)          RAMs := 1     
	              516 Bit	(2 X 258 bit)          RAMs := 1     
	              512 Bit	(2 X 256 bit)          RAMs := 1     
	               64 Bit	(2 X 32 bit)          RAMs := 1     
	               12 Bit	(2 X 6 bit)          RAMs := 2     
	                4 Bit	(2 X 2 bit)          RAMs := 1     
	                2 Bit	(2 X 1 bit)          RAMs := 1     
+---Muxes : 
	   2 Input   64 Bit        Muxes := 2     
	   2 Input   34 Bit        Muxes := 4     
	   3 Input   34 Bit        Muxes := 1     
	   2 Input    9 Bit        Muxes := 1     
	   2 Input    8 Bit        Muxes := 6     
	   2 Input    6 Bit        Muxes := 3     
	   2 Input    5 Bit        Muxes := 1     
	   4 Input    4 Bit        Muxes := 1     
	   2 Input    4 Bit        Muxes := 20    
	   2 Input    3 Bit        Muxes := 15    
	   5 Input    3 Bit        Muxes := 2     
	   2 Input    2 Bit        Muxes := 15    
	   4 Input    2 Bit        Muxes := 2     
	   2 Input    1 Bit        Muxes := 212   
	   4 Input    1 Bit        Muxes := 15    
	   5 Input    1 Bit        Muxes := 10    
---------------------------------------------------------------------------------
Finished RTL Component Statistics 
---------------------------------------------------------------------------------
---------------------------------------------------------------------------------
Start Part Resource Summary
---------------------------------------------------------------------------------
Part Resources:
DSPs: 9024 (col length:94)
BRAMs: 4032 (col length: RAMB18 288 RAMB36 144)
---------------------------------------------------------------------------------
Finished Part Resource Summary
---------------------------------------------------------------------------------
---------------------------------------------------------------------------------
Start Cross Boundary and Area Optimization
---------------------------------------------------------------------------------
WARNING: [Synth 8-7080] Parallel synthesis criteria is not met
INFO: [Synth 8-6904] The RAM "U0/\rama_read_core_inst/rama_read_reorder_core_inst/rama_read_reorder_ctl_inst /axis_id_buffer_reg" of size (depth=2 x width=6) is automatically implemented using LUTRAM. BRAM implementation would be inefficient 
INFO: [Synth 8-6904] The RAM "U0/\rama_read_core_inst/rama_read_reorder_core_inst/rama_read_reorder_ctl_inst /axis_wr_data_buffer_reg" of size (depth=2 x width=258) is automatically implemented using LUTRAM. BRAM implementation would be inefficient 
INFO: [Synth 8-6904] The RAM "U0/axi4full_to_axi4s_frag_inst/axi4full_to_axi4s_frag_write_inst/axis_wr_data_buffer_reg[1][wlast]" of size (depth=2 x width=1) is automatically implemented using LUTRAM. BRAM implementation would be inefficient 
INFO: [Synth 8-6904] The RAM "U0/axi4full_to_axi4s_frag_inst/axi4full_to_axi4s_frag_write_inst/axis_wr_data_buffer_reg[1][wdata]" of size (depth=2 x width=256) is automatically implemented using LUTRAM. BRAM implementation would be inefficient 
INFO: [Synth 8-6904] The RAM "U0/axi4full_to_axi4s_frag_inst/axi4full_to_axi4s_frag_write_inst/axis_wr_data_buffer_reg[1][wstrb]" of size (depth=2 x width=32) is automatically implemented using LUTRAM. BRAM implementation would be inefficient 
INFO: [Synth 8-6904] The RAM "U0/rama_write_core_inst/rama_write_reorder_core_inst/rama_write_reorder_ctl_inst/axis_id_buffer_reg" of size (depth=2 x width=6) is automatically implemented using LUTRAM. BRAM implementation would be inefficient 
INFO: [Synth 8-6904] The RAM "U0/rama_write_core_inst/rama_write_reorder_core_inst/rama_write_reorder_ctl_inst/axis_wr_data_buffer_reg" of size (depth=2 x width=2) is automatically implemented using LUTRAM. BRAM implementation would be inefficient 
INFO: [Synth 8-6904] The RAM "U0/\rama_read_core_inst/rama_read_reorder_core_inst/rama_read_reorder_ctl_inst /axis_id_buffer_reg" of size (depth=2 x width=6) is automatically implemented using LUTRAM. BRAM implementation would be inefficient 
INFO: [Synth 8-6904] The RAM "U0/\rama_read_core_inst/rama_read_reorder_core_inst/rama_read_reorder_ctl_inst /axis_wr_data_buffer_reg" of size (depth=2 x width=258) is automatically implemented using LUTRAM. BRAM implementation would be inefficient 
INFO: [Synth 8-6904] The RAM "U0/axi4full_to_axi4s_frag_inst/axi4full_to_axi4s_frag_write_inst/axis_wr_data_buffer_reg[1][wlast]" of size (depth=2 x width=1) is automatically implemented using LUTRAM. BRAM implementation would be inefficient 
INFO: [Synth 8-6904] The RAM "U0/axi4full_to_axi4s_frag_inst/axi4full_to_axi4s_frag_write_inst/axis_wr_data_buffer_reg[1][wdata]" of size (depth=2 x width=256) is automatically implemented using LUTRAM. BRAM implementation would be inefficient 
INFO: [Synth 8-6904] The RAM "U0/axi4full_to_axi4s_frag_inst/axi4full_to_axi4s_frag_write_inst/axis_wr_data_buffer_reg[1][wstrb]" of size (depth=2 x width=32) is automatically implemented using LUTRAM. BRAM implementation would be inefficient 
INFO: [Synth 8-6904] The RAM "U0/rama_write_core_inst/rama_write_reorder_core_inst/rama_write_reorder_ctl_inst/axis_id_buffer_reg" of size (depth=2 x width=6) is automatically implemented using LUTRAM. BRAM implementation would be inefficient 
INFO: [Synth 8-6904] The RAM "U0/rama_write_core_inst/rama_write_reorder_core_inst/rama_write_reorder_ctl_inst/axis_wr_data_buffer_reg" of size (depth=2 x width=2) is automatically implemented using LUTRAM. BRAM implementation would be inefficient 
WARNING: [Synth 8-3332] Sequential element (axi4full_to_axi4s_frag_inst/axi4full_to_axi4s_frag_write_inst/FSM_onehot_slave_wr_data_sm_reg[0]) is unused and will be removed from module rama.
---------------------------------------------------------------------------------
Finished Cross Boundary and Area Optimization : Time (s): cpu = 00:00:19 ; elapsed = 00:00:19 . Memory (MB): peak = 6429.531 ; gain = 0.000 ; free physical = 10094 ; free virtual = 98433
---------------------------------------------------------------------------------
---------------------------------------------------------------------------------
Start ROM, RAM, DSP, Shift Register and Retiming Reporting
---------------------------------------------------------------------------------

Block RAM: Preliminary Mapping Report (see note below)
+----------------------------------------------------------------------------------------------------------------------------+----------------------------------+------------------------+---+---+------------------------+---+---+------------------+--------+--------+-----------------+
|Module Name                                                                                                                 | RTL Object                       | PORT A (Depth x Width) | W | R | PORT B (Depth x Width) | W | R | Ports driving FF | RAMB18 | RAMB36 | Cascade Heights | 
+----------------------------------------------------------------------------------------------------------------------------+----------------------------------+------------------------+---+---+------------------------+---+---+------------------+--------+--------+-----------------+
|U0/\rama_read_core_inst/rama_read_reorder_core_inst/rama_read_reorder_mem_inst/xpm_memory_sdpram_inst /xpm_memory_base_inst | gen_wr_a.gen_word_narrow.mem_reg | 512 x 259(READ_FIRST)  | W |   | 512 x 259(WRITE_FIRST) |   | R | Port A and B     | 0      | 4      |                 | 
+----------------------------------------------------------------------------------------------------------------------------+----------------------------------+------------------------+---+---+------------------------+---+---+------------------+--------+--------+-----------------+

Note: The table above is a preliminary report that shows the Block RAMs at the current stage of the synthesis flow. Some Block RAMs may be reimplemented as non Block RAM primitives later in the synthesis flow. Multiple instantiated Block RAMs are reported only once. 

Distributed RAM: Preliminary Mapping Report (see note below)
+-------------------------------------------------------------------------------------------------------------------------------------------------------------------+-------------------------------------------------------------------------------------------------------+----------------+----------------------+----------------+
|Module Name                                                                                                                                                        | RTL Object                                                                                            | Inference      | Size (Depth x Width) | Primitives     | 
+-------------------------------------------------------------------------------------------------------------------------------------------------------------------+-------------------------------------------------------------------------------------------------------+----------------+----------------------+----------------+
|U0/\rama_read_core_inst/rama_read_reorder_core_inst/rama_read_reorder_trans_queue_inst/xpm_fifo_sync_inst /xpm_fifo_base_inst/\gen_sdpram.xpm_memory_base_inst     | gen_wr_a.gen_word_narrow.mem_reg                                                                      | User Attribute | 128 x 10             | RAM64M8 x 4    | 
|U0/\rama_read_core_inst/rama_read_reorder_core_inst/rama_read_reorder_ctl_inst                                                                                     | axis_id_buffer_reg                                                                                    | Implied        | 2 x 6                | RAM32M16 x 1   | 
|U0/\rama_read_core_inst/rama_read_reorder_core_inst/rama_read_reorder_ctl_inst                                                                                     | axis_wr_data_buffer_reg                                                                               | Implied        | 2 x 258              | RAM32M16 x 19  | 
|U0/\rama_write_core_inst/rama_write_reorder_core_inst/rama_write_reorder_trans_queue_inst/xpm_fifo_sync_inst /xpm_fifo_base_inst/\gen_sdpram.xpm_memory_base_inst  | gen_wr_a.gen_word_narrow.mem_reg                                                                      | User Attribute | 128 x 8              | RAM64M8 x 4    | 
|U0/\rama_write_core_inst/rama_write_reorder_core_inst/rama_write_reorder_mem_inst/xpm_memory_sdpram_inst /xpm_memory_base_inst                                     | gen_wr_a.gen_word_narrow.mem_reg                                                                      | User Attribute | 128 x 3              | RAM64M8 x 2    | 
|U0                                                                                                                                                                 | axi4full_to_axi4s_frag_inst/axi4full_to_axi4s_frag_write_inst/axis_wr_data_buffer_reg[1][wlast]       | Implied        | 2 x 1                | RAM16X1D x 1   | 
|U0                                                                                                                                                                 | axi4full_to_axi4s_frag_inst/axi4full_to_axi4s_frag_write_inst/axis_wr_data_buffer_reg[1][wdata]       | Implied        | 2 x 256              | RAM32M16 x 19  | 
|U0                                                                                                                                                                 | axi4full_to_axi4s_frag_inst/axi4full_to_axi4s_frag_write_inst/axis_wr_data_buffer_reg[1][wstrb]       | Implied        | 2 x 32               | RAM32M16 x 3   | 
|U0                                                                                                                                                                 | rama_write_core_inst/rama_write_reorder_core_inst/rama_write_reorder_ctl_inst/axis_id_buffer_reg      | Implied        | 2 x 6                | RAM32M16 x 1   | 
|U0                                                                                                                                                                 | rama_write_core_inst/rama_write_reorder_core_inst/rama_write_reorder_ctl_inst/axis_wr_data_buffer_reg | Implied        | 2 x 2                | RAM16X1D x 2   | 
+-------------------------------------------------------------------------------------------------------------------------------------------------------------------+-------------------------------------------------------------------------------------------------------+----------------+----------------------+----------------+

Note: The table above is a preliminary report that shows the Distributed RAMs at the current stage of the synthesis flow. Some Distributed RAMs may be reimplemented as non Distributed RAM primitives later in the synthesis flow. Multiple instantiated RAMs are reported only once.
---------------------------------------------------------------------------------
Finished ROM, RAM, DSP, Shift Register and Retiming Reporting
---------------------------------------------------------------------------------
---------------------------------------------------------------------------------
Start Applying XDC Timing Constraints
---------------------------------------------------------------------------------
---------------------------------------------------------------------------------
Finished Applying XDC Timing Constraints : Time (s): cpu = 00:00:21 ; elapsed = 00:00:21 . Memory (MB): peak = 6429.531 ; gain = 0.000 ; free physical = 10095 ; free virtual = 98434
---------------------------------------------------------------------------------
---------------------------------------------------------------------------------
Start Timing Optimization
---------------------------------------------------------------------------------
---------------------------------------------------------------------------------
Finished Timing Optimization : Time (s): cpu = 00:00:23 ; elapsed = 00:00:23 . Memory (MB): peak = 6429.531 ; gain = 0.000 ; free physical = 10097 ; free virtual = 98436
---------------------------------------------------------------------------------
---------------------------------------------------------------------------------
Start ROM, RAM, DSP, Shift Register and Retiming Reporting
---------------------------------------------------------------------------------

Block RAM: Final Mapping Report
+----------------------------------------------------------------------------------------------------------------------------+----------------------------------+------------------------+---+---+------------------------+---+---+------------------+--------+--------+-----------------+
|Module Name                                                                                                                 | RTL Object                       | PORT A (Depth x Width) | W | R | PORT B (Depth x Width) | W | R | Ports driving FF | RAMB18 | RAMB36 | Cascade Heights | 
+----------------------------------------------------------------------------------------------------------------------------+----------------------------------+------------------------+---+---+------------------------+---+---+------------------+--------+--------+-----------------+
|U0/\rama_read_core_inst/rama_read_reorder_core_inst/rama_read_reorder_mem_inst/xpm_memory_sdpram_inst /xpm_memory_base_inst | gen_wr_a.gen_word_narrow.mem_reg | 512 x 259(READ_FIRST)  | W |   | 512 x 259(WRITE_FIRST) |   | R | Port A and B     | 0      | 4      |                 | 
+----------------------------------------------------------------------------------------------------------------------------+----------------------------------+------------------------+---+---+------------------------+---+---+------------------+--------+--------+-----------------+


Distributed RAM: Final Mapping Report
+-------------------------------------------------------------------------------------------------------------------------------------------------------------------+-------------------------------------------------------------------------------------------------------+----------------+----------------------+----------------+
|Module Name                                                                                                                                                        | RTL Object                                                                                            | Inference      | Size (Depth x Width) | Primitives     | 
+-------------------------------------------------------------------------------------------------------------------------------------------------------------------+-------------------------------------------------------------------------------------------------------+----------------+----------------------+----------------+
|U0/\rama_read_core_inst/rama_read_reorder_core_inst/rama_read_reorder_trans_queue_inst/xpm_fifo_sync_inst /xpm_fifo_base_inst/\gen_sdpram.xpm_memory_base_inst     | gen_wr_a.gen_word_narrow.mem_reg                                                                      | User Attribute | 128 x 10             | RAM64M8 x 4    | 
|U0/\rama_read_core_inst/rama_read_reorder_core_inst/rama_read_reorder_ctl_inst                                                                                     | axis_id_buffer_reg                                                                                    | Implied        | 2 x 6                | RAM32M16 x 1   | 
|U0/\rama_read_core_inst/rama_read_reorder_core_inst/rama_read_reorder_ctl_inst                                                                                     | axis_wr_data_buffer_reg                                                                               | Implied        | 2 x 258              | RAM32M16 x 19  | 
|U0/\rama_write_core_inst/rama_write_reorder_core_inst/rama_write_reorder_trans_queue_inst/xpm_fifo_sync_inst /xpm_fifo_base_inst/\gen_sdpram.xpm_memory_base_inst  | gen_wr_a.gen_word_narrow.mem_reg                                                                      | User Attribute | 128 x 8              | RAM64M8 x 4    | 
|U0/\rama_write_core_inst/rama_write_reorder_core_inst/rama_write_reorder_mem_inst/xpm_memory_sdpram_inst /xpm_memory_base_inst                                     | gen_wr_a.gen_word_narrow.mem_reg                                                                      | User Attribute | 128 x 3              | RAM64M8 x 2    | 
|U0                                                                                                                                                                 | axi4full_to_axi4s_frag_inst/axi4full_to_axi4s_frag_write_inst/axis_wr_data_buffer_reg[1][wlast]       | Implied        | 2 x 1                | RAM16X1D x 1   | 
|U0                                                                                                                                                                 | axi4full_to_axi4s_frag_inst/axi4full_to_axi4s_frag_write_inst/axis_wr_data_buffer_reg[1][wdata]       | Implied        | 2 x 256              | RAM32M16 x 19  | 
|U0                                                                                                                                                                 | axi4full_to_axi4s_frag_inst/axi4full_to_axi4s_frag_write_inst/axis_wr_data_buffer_reg[1][wstrb]       | Implied        | 2 x 32               | RAM32M16 x 3   | 
|U0                                                                                                                                                                 | rama_write_core_inst/rama_write_reorder_core_inst/rama_write_reorder_ctl_inst/axis_id_buffer_reg      | Implied        | 2 x 6                | RAM32M16 x 1   | 
|U0                                                                                                                                                                 | rama_write_core_inst/rama_write_reorder_core_inst/rama_write_reorder_ctl_inst/axis_wr_data_buffer_reg | Implied        | 2 x 2                | RAM16X1D x 2   | 
+-------------------------------------------------------------------------------------------------------------------------------------------------------------------+-------------------------------------------------------------------------------------------------------+----------------+----------------------+----------------+

---------------------------------------------------------------------------------
Finished ROM, RAM, DSP, Shift Register and Retiming Reporting
---------------------------------------------------------------------------------
---------------------------------------------------------------------------------
Start Technology Mapping
---------------------------------------------------------------------------------
WARNING: [Synth 8-5591] srl_style attribute value reg_srl on U0/rama_read_core_inst/rama_read_reorder_core_inst/rama_read_reorder_ctl_inst/trans_queue_data_sr_reg[0][2] cannot be supported because of smaller than expected depth of fanout-free flop chain.
WARNING: [Synth 8-5591] srl_style attribute value reg_srl on U0/rama_read_core_inst/rama_read_reorder_core_inst/rama_read_reorder_ctl_inst/trans_queue_data_sr_reg[0][1] cannot be supported because of smaller than expected depth of fanout-free flop chain.
WARNING: [Synth 8-5591] srl_style attribute value reg_srl on U0/rama_read_core_inst/rama_read_reorder_core_inst/rama_read_reorder_ctl_inst/trans_queue_data_sr_reg[0][0] cannot be supported because of smaller than expected depth of fanout-free flop chain.
WARNING: [Synth 8-5591] srl_style attribute value reg_srl on U0/rama_read_core_inst/rama_read_reorder_core_inst/rama_read_reorder_ctl_inst/trans_queue_data_sr_reg[1][2] cannot be supported because of smaller than expected depth of fanout-free flop chain.
WARNING: [Synth 8-5591] srl_style attribute value reg_srl on U0/rama_read_core_inst/rama_read_reorder_core_inst/rama_read_reorder_ctl_inst/trans_queue_data_sr_reg[1][1] cannot be supported because of smaller than expected depth of fanout-free flop chain.
WARNING: [Synth 8-5591] srl_style attribute value reg_srl on U0/rama_read_core_inst/rama_read_reorder_core_inst/rama_read_reorder_ctl_inst/trans_queue_data_sr_reg[1][0] cannot be supported because of smaller than expected depth of fanout-free flop chain.
WARNING: [Synth 8-5591] srl_style attribute value reg_srl on U0/rama_read_core_inst/rama_read_reorder_core_inst/rama_read_reorder_ctl_inst/trans_queue_data_sr_reg[2][2] cannot be supported because of smaller than expected depth of fanout-free flop chain.
WARNING: [Synth 8-5591] srl_style attribute value reg_srl on U0/rama_read_core_inst/rama_read_reorder_core_inst/rama_read_reorder_ctl_inst/trans_queue_data_sr_reg[2][1] cannot be supported because of smaller than expected depth of fanout-free flop chain.
WARNING: [Synth 8-5591] srl_style attribute value reg_srl on U0/rama_read_core_inst/rama_read_reorder_core_inst/rama_read_reorder_ctl_inst/trans_queue_data_sr_reg[2][0] cannot be supported because of smaller than expected depth of fanout-free flop chain.
WARNING: [Synth 8-5591] srl_style attribute value reg_srl on U0/rama_read_core_inst/rama_read_reorder_core_inst/rama_read_reorder_ctl_inst/trans_queue_data_sr_reg[3][2] cannot be supported because of smaller than expected depth of fanout-free flop chain.
WARNING: [Synth 8-5591] srl_style attribute value reg_srl on U0/rama_read_core_inst/rama_read_reorder_core_inst/rama_read_reorder_ctl_inst/trans_queue_data_sr_reg[3][1] cannot be supported because of smaller than expected depth of fanout-free flop chain.
WARNING: [Synth 8-5591] srl_style attribute value reg_srl on U0/rama_read_core_inst/rama_read_reorder_core_inst/rama_read_reorder_ctl_inst/trans_queue_data_sr_reg[3][0] cannot be supported because of smaller than expected depth of fanout-free flop chain.
WARNING: [Synth 8-5591] srl_style attribute value reg_srl on U0/rama_read_core_inst/rama_read_reorder_core_inst/rama_read_reorder_ctl_inst/trans_queue_data_sr_reg[4][2] cannot be supported because of smaller than expected depth of fanout-free flop chain.
WARNING: [Synth 8-5591] srl_style attribute value reg_srl on U0/rama_read_core_inst/rama_read_reorder_core_inst/rama_read_reorder_ctl_inst/trans_queue_data_sr_reg[4][1] cannot be supported because of smaller than expected depth of fanout-free flop chain.
WARNING: [Synth 8-5591] srl_style attribute value reg_srl on U0/rama_read_core_inst/rama_read_reorder_core_inst/rama_read_reorder_ctl_inst/trans_queue_data_sr_reg[4][0] cannot be supported because of smaller than expected depth of fanout-free flop chain.
WARNING: [Synth 8-5591] srl_style attribute value reg_srl on U0/rama_read_core_inst/rama_read_reorder_core_inst/rama_read_reorder_ctl_inst/trans_queue_data_sr_reg[5][2] cannot be supported because of smaller than expected depth of fanout-free flop chain.
WARNING: [Synth 8-5591] srl_style attribute value reg_srl on U0/rama_read_core_inst/rama_read_reorder_core_inst/rama_read_reorder_ctl_inst/trans_queue_data_sr_reg[5][1] cannot be supported because of smaller than expected depth of fanout-free flop chain.
WARNING: [Synth 8-5591] srl_style attribute value reg_srl on U0/rama_read_core_inst/rama_read_reorder_core_inst/rama_read_reorder_ctl_inst/trans_queue_data_sr_reg[5][0] cannot be supported because of smaller than expected depth of fanout-free flop chain.
WARNING: [Synth 8-5591] srl_style attribute value reg_srl on U0/rama_read_core_inst/rama_read_reorder_core_inst/rama_read_reorder_ctl_inst/trans_queue_data_sr_reg[6][2] cannot be supported because of smaller than expected depth of fanout-free flop chain.
WARNING: [Synth 8-5591] srl_style attribute value reg_srl on U0/rama_read_core_inst/rama_read_reorder_core_inst/rama_read_reorder_ctl_inst/trans_queue_data_sr_reg[6][1] cannot be supported because of smaller than expected depth of fanout-free flop chain.
WARNING: [Synth 8-5591] srl_style attribute value reg_srl on U0/rama_read_core_inst/rama_read_reorder_core_inst/rama_read_reorder_ctl_inst/trans_queue_data_sr_reg[6][0] cannot be supported because of smaller than expected depth of fanout-free flop chain.
WARNING: [Synth 8-5591] srl_style attribute value reg_srl on U0/rama_read_core_inst/rama_read_reorder_core_inst/rama_read_reorder_ctl_inst/trans_queue_data_sr_reg[7][2] cannot be supported because of smaller than expected depth of fanout-free flop chain.
WARNING: [Synth 8-5591] srl_style attribute value reg_srl on U0/rama_read_core_inst/rama_read_reorder_core_inst/rama_read_reorder_ctl_inst/trans_queue_data_sr_reg[7][1] cannot be supported because of smaller than expected depth of fanout-free flop chain.
WARNING: [Synth 8-5591] srl_style attribute value reg_srl on U0/rama_read_core_inst/rama_read_reorder_core_inst/rama_read_reorder_ctl_inst/trans_queue_data_sr_reg[7][0] cannot be supported because of smaller than expected depth of fanout-free flop chain.
WARNING: [Synth 8-5591] srl_style attribute value reg_srl on U0/rama_read_core_inst/rama_read_reorder_core_inst/rama_read_reorder_ctl_inst/trans_queue_data_sr_reg[8][2] cannot be supported because of smaller than expected depth of fanout-free flop chain.
WARNING: [Synth 8-5591] srl_style attribute value reg_srl on U0/rama_read_core_inst/rama_read_reorder_core_inst/rama_read_reorder_ctl_inst/trans_queue_data_sr_reg[8][1] cannot be supported because of smaller than expected depth of fanout-free flop chain.
WARNING: [Synth 8-5591] srl_style attribute value reg_srl on U0/rama_read_core_inst/rama_read_reorder_core_inst/rama_read_reorder_ctl_inst/trans_queue_data_sr_reg[8][0] cannot be supported because of smaller than expected depth of fanout-free flop chain.
WARNING: [Synth 8-5591] srl_style attribute value reg_srl on U0/rama_read_core_inst/rama_read_reorder_core_inst/rama_read_reorder_ctl_inst/trans_queue_data_sr_reg[9][2] cannot be supported because of smaller than expected depth of fanout-free flop chain.
WARNING: [Synth 8-5591] srl_style attribute value reg_srl on U0/rama_read_core_inst/rama_read_reorder_core_inst/rama_read_reorder_ctl_inst/trans_queue_data_sr_reg[9][1] cannot be supported because of smaller than expected depth of fanout-free flop chain.
WARNING: [Synth 8-5591] srl_style attribute value reg_srl on U0/rama_read_core_inst/rama_read_reorder_core_inst/rama_read_reorder_ctl_inst/trans_queue_data_sr_reg[9][0] cannot be supported because of smaller than expected depth of fanout-free flop chain.
WARNING: [Synth 8-5591] srl_style attribute value reg_srl on U0/rama_read_core_inst/rama_read_reorder_core_inst/rama_read_reorder_ctl_inst/trans_queue_data_sr_reg[10][2] cannot be supported because of smaller than expected depth of fanout-free flop chain.
WARNING: [Synth 8-5591] srl_style attribute value reg_srl on U0/rama_read_core_inst/rama_read_reorder_core_inst/rama_read_reorder_ctl_inst/trans_queue_data_sr_reg[10][1] cannot be supported because of smaller than expected depth of fanout-free flop chain.
WARNING: [Synth 8-5591] srl_style attribute value reg_srl on U0/rama_read_core_inst/rama_read_reorder_core_inst/rama_read_reorder_ctl_inst/trans_queue_data_sr_reg[10][0] cannot be supported because of smaller than expected depth of fanout-free flop chain.
WARNING: [Synth 8-5591] srl_style attribute value reg_srl on U0/rama_read_core_inst/rama_read_reorder_core_inst/rama_read_reorder_ctl_inst/trans_queue_data_sr_reg[11][2] cannot be supported because of smaller than expected depth of fanout-free flop chain.
WARNING: [Synth 8-5591] srl_style attribute value reg_srl on U0/rama_read_core_inst/rama_read_reorder_core_inst/rama_read_reorder_ctl_inst/trans_queue_data_sr_reg[11][1] cannot be supported because of smaller than expected depth of fanout-free flop chain.
WARNING: [Synth 8-5591] srl_style attribute value reg_srl on U0/rama_read_core_inst/rama_read_reorder_core_inst/rama_read_reorder_ctl_inst/trans_queue_data_sr_reg[11][0] cannot be supported because of smaller than expected depth of fanout-free flop chain.
WARNING: [Synth 8-5591] srl_style attribute value reg_srl on U0/rama_read_core_inst/rama_read_reorder_core_inst/rama_read_reorder_ctl_inst/trans_queue_data_sr_reg[12][2] cannot be supported because of smaller than expected depth of fanout-free flop chain.
WARNING: [Synth 8-5591] srl_style attribute value reg_srl on U0/rama_read_core_inst/rama_read_reorder_core_inst/rama_read_reorder_ctl_inst/trans_queue_data_sr_reg[12][1] cannot be supported because of smaller than expected depth of fanout-free flop chain.
WARNING: [Synth 8-5591] srl_style attribute value reg_srl on U0/rama_read_core_inst/rama_read_reorder_core_inst/rama_read_reorder_ctl_inst/trans_queue_data_sr_reg[12][0] cannot be supported because of smaller than expected depth of fanout-free flop chain.
WARNING: [Synth 8-5591] srl_style attribute value reg_srl on U0/rama_read_core_inst/rama_read_reorder_core_inst/rama_read_reorder_ctl_inst/trans_queue_data_sr_reg[13][2] cannot be supported because of smaller than expected depth of fanout-free flop chain.
WARNING: [Synth 8-5591] srl_style attribute value reg_srl on U0/rama_read_core_inst/rama_read_reorder_core_inst/rama_read_reorder_ctl_inst/trans_queue_data_sr_reg[13][1] cannot be supported because of smaller than expected depth of fanout-free flop chain.
WARNING: [Synth 8-5591] srl_style attribute value reg_srl on U0/rama_read_core_inst/rama_read_reorder_core_inst/rama_read_reorder_ctl_inst/trans_queue_data_sr_reg[13][0] cannot be supported because of smaller than expected depth of fanout-free flop chain.
WARNING: [Synth 8-5591] srl_style attribute value reg_srl on U0/rama_read_core_inst/rama_read_reorder_core_inst/rama_read_reorder_ctl_inst/trans_queue_data_sr_reg[14][2] cannot be supported because of smaller than expected depth of fanout-free flop chain.
WARNING: [Synth 8-5591] srl_style attribute value reg_srl on U0/rama_read_core_inst/rama_read_reorder_core_inst/rama_read_reorder_ctl_inst/trans_queue_data_sr_reg[14][1] cannot be supported because of smaller than expected depth of fanout-free flop chain.
WARNING: [Synth 8-5591] srl_style attribute value reg_srl on U0/rama_read_core_inst/rama_read_reorder_core_inst/rama_read_reorder_ctl_inst/trans_queue_data_sr_reg[14][0] cannot be supported because of smaller than expected depth of fanout-free flop chain.
WARNING: [Synth 8-5591] srl_style attribute value reg_srl on U0/rama_read_core_inst/rama_read_reorder_core_inst/rama_read_reorder_ctl_inst/trans_queue_data_sr_reg[15][2] cannot be supported because of smaller than expected depth of fanout-free flop chain.
WARNING: [Synth 8-5591] srl_style attribute value reg_srl on U0/rama_read_core_inst/rama_read_reorder_core_inst/rama_read_reorder_ctl_inst/trans_queue_data_sr_reg[15][1] cannot be supported because of smaller than expected depth of fanout-free flop chain.
WARNING: [Synth 8-5591] srl_style attribute value reg_srl on U0/rama_read_core_inst/rama_read_reorder_core_inst/rama_read_reorder_ctl_inst/trans_queue_data_sr_reg[15][0] cannot be supported because of smaller than expected depth of fanout-free flop chain.
WARNING: [Synth 8-5591] srl_style attribute value reg_srl on U0/rama_write_core_inst/rama_write_reorder_core_inst/rama_write_reorder_ctl_inst/trans_queue_data_sr_reg[0][0] cannot be supported because of smaller than expected depth of fanout-free flop chain.
WARNING: [Synth 8-5591] srl_style attribute value reg_srl on U0/rama_write_core_inst/rama_write_reorder_core_inst/rama_write_reorder_ctl_inst/trans_queue_data_sr_reg[1][0] cannot be supported because of smaller than expected depth of fanout-free flop chain.
WARNING: [Synth 8-5591] srl_style attribute value reg_srl on U0/rama_write_core_inst/rama_write_reorder_core_inst/rama_write_reorder_ctl_inst/trans_queue_data_sr_reg[2][0] cannot be supported because of smaller than expected depth of fanout-free flop chain.
WARNING: [Synth 8-5591] srl_style attribute value reg_srl on U0/rama_write_core_inst/rama_write_reorder_core_inst/rama_write_reorder_ctl_inst/trans_queue_data_sr_reg[3][0] cannot be supported because of smaller than expected depth of fanout-free flop chain.
WARNING: [Synth 8-5591] srl_style attribute value reg_srl on U0/rama_write_core_inst/rama_write_reorder_core_inst/rama_write_reorder_ctl_inst/trans_queue_data_sr_reg[4][0] cannot be supported because of smaller than expected depth of fanout-free flop chain.
WARNING: [Synth 8-5591] srl_style attribute value reg_srl on U0/rama_write_core_inst/rama_write_reorder_core_inst/rama_write_reorder_ctl_inst/trans_queue_data_sr_reg[5][0] cannot be supported because of smaller than expected depth of fanout-free flop chain.
WARNING: [Synth 8-5591] srl_style attribute value reg_srl on U0/rama_write_core_inst/rama_write_reorder_core_inst/rama_write_reorder_ctl_inst/trans_queue_data_sr_reg[6][0] cannot be supported because of smaller than expected depth of fanout-free flop chain.
WARNING: [Synth 8-5591] srl_style attribute value reg_srl on U0/rama_write_core_inst/rama_write_reorder_core_inst/rama_write_reorder_ctl_inst/trans_queue_data_sr_reg[7][0] cannot be supported because of smaller than expected depth of fanout-free flop chain.
WARNING: [Synth 8-5591] srl_style attribute value reg_srl on U0/rama_write_core_inst/rama_write_reorder_core_inst/rama_write_reorder_ctl_inst/trans_queue_data_sr_reg[8][0] cannot be supported because of smaller than expected depth of fanout-free flop chain.
WARNING: [Synth 8-5591] srl_style attribute value reg_srl on U0/rama_write_core_inst/rama_write_reorder_core_inst/rama_write_reorder_ctl_inst/trans_queue_data_sr_reg[9][0] cannot be supported because of smaller than expected depth of fanout-free flop chain.
WARNING: [Synth 8-5591] srl_style attribute value reg_srl on U0/rama_write_core_inst/rama_write_reorder_core_inst/rama_write_reorder_ctl_inst/trans_queue_data_sr_reg[10][0] cannot be supported because of smaller than expected depth of fanout-free flop chain.
WARNING: [Synth 8-5591] srl_style attribute value reg_srl on U0/rama_write_core_inst/rama_write_reorder_core_inst/rama_write_reorder_ctl_inst/trans_queue_data_sr_reg[11][0] cannot be supported because of smaller than expected depth of fanout-free flop chain.
WARNING: [Synth 8-5591] srl_style attribute value reg_srl on U0/rama_write_core_inst/rama_write_reorder_core_inst/rama_write_reorder_ctl_inst/trans_queue_data_sr_reg[12][0] cannot be supported because of smaller than expected depth of fanout-free flop chain.
WARNING: [Synth 8-5591] srl_style attribute value reg_srl on U0/rama_write_core_inst/rama_write_reorder_core_inst/rama_write_reorder_ctl_inst/trans_queue_data_sr_reg[13][0] cannot be supported because of smaller than expected depth of fanout-free flop chain.
WARNING: [Synth 8-5591] srl_style attribute value reg_srl on U0/rama_write_core_inst/rama_write_reorder_core_inst/rama_write_reorder_ctl_inst/trans_queue_data_sr_reg[14][0] cannot be supported because of smaller than expected depth of fanout-free flop chain.
WARNING: [Synth 8-5591] srl_style attribute value reg_srl on U0/rama_write_core_inst/rama_write_reorder_core_inst/rama_write_reorder_ctl_inst/trans_queue_data_sr_reg[15][0] cannot be supported because of smaller than expected depth of fanout-free flop chain.
WARNING: [Synth 8-5591] srl_style attribute value reg_srl on U0/rama_read_core_inst/rama_read_reorder_core_inst/rama_read_reorder_ctl_inst/trans_queue_data_sr_reg[0][2] cannot be supported because of smaller than expected depth of fanout-free flop chain.
WARNING: [Synth 8-5591] srl_style attribute value reg_srl on U0/rama_read_core_inst/rama_read_reorder_core_inst/rama_read_reorder_ctl_inst/trans_queue_data_sr_reg[0][1] cannot be supported because of smaller than expected depth of fanout-free flop chain.
WARNING: [Synth 8-5591] srl_style attribute value reg_srl on U0/rama_read_core_inst/rama_read_reorder_core_inst/rama_read_reorder_ctl_inst/trans_queue_data_sr_reg[0][0] cannot be supported because of smaller than expected depth of fanout-free flop chain.
WARNING: [Synth 8-5591] srl_style attribute value reg_srl on U0/rama_read_core_inst/rama_read_reorder_core_inst/rama_read_reorder_ctl_inst/trans_queue_data_sr_reg[1][2] cannot be supported because of smaller than expected depth of fanout-free flop chain.
WARNING: [Synth 8-5591] srl_style attribute value reg_srl on U0/rama_read_core_inst/rama_read_reorder_core_inst/rama_read_reorder_ctl_inst/trans_queue_data_sr_reg[1][1] cannot be supported because of smaller than expected depth of fanout-free flop chain.
WARNING: [Synth 8-5591] srl_style attribute value reg_srl on U0/rama_read_core_inst/rama_read_reorder_core_inst/rama_read_reorder_ctl_inst/trans_queue_data_sr_reg[1][0] cannot be supported because of smaller than expected depth of fanout-free flop chain.
WARNING: [Synth 8-5591] srl_style attribute value reg_srl on U0/rama_read_core_inst/rama_read_reorder_core_inst/rama_read_reorder_ctl_inst/trans_queue_data_sr_reg[2][2] cannot be supported because of smaller than expected depth of fanout-free flop chain.
WARNING: [Synth 8-5591] srl_style attribute value reg_srl on U0/rama_read_core_inst/rama_read_reorder_core_inst/rama_read_reorder_ctl_inst/trans_queue_data_sr_reg[2][1] cannot be supported because of smaller than expected depth of fanout-free flop chain.
WARNING: [Synth 8-5591] srl_style attribute value reg_srl on U0/rama_read_core_inst/rama_read_reorder_core_inst/rama_read_reorder_ctl_inst/trans_queue_data_sr_reg[2][0] cannot be supported because of smaller than expected depth of fanout-free flop chain.
WARNING: [Synth 8-5591] srl_style attribute value reg_srl on U0/rama_read_core_inst/rama_read_reorder_core_inst/rama_read_reorder_ctl_inst/trans_queue_data_sr_reg[3][2] cannot be supported because of smaller than expected depth of fanout-free flop chain.
WARNING: [Synth 8-5591] srl_style attribute value reg_srl on U0/rama_read_core_inst/rama_read_reorder_core_inst/rama_read_reorder_ctl_inst/trans_queue_data_sr_reg[3][1] cannot be supported because of smaller than expected depth of fanout-free flop chain.
WARNING: [Synth 8-5591] srl_style attribute value reg_srl on U0/rama_read_core_inst/rama_read_reorder_core_inst/rama_read_reorder_ctl_inst/trans_queue_data_sr_reg[3][0] cannot be supported because of smaller than expected depth of fanout-free flop chain.
WARNING: [Synth 8-5591] srl_style attribute value reg_srl on U0/rama_read_core_inst/rama_read_reorder_core_inst/rama_read_reorder_ctl_inst/trans_queue_data_sr_reg[4][2] cannot be supported because of smaller than expected depth of fanout-free flop chain.
WARNING: [Synth 8-5591] srl_style attribute value reg_srl on U0/rama_read_core_inst/rama_read_reorder_core_inst/rama_read_reorder_ctl_inst/trans_queue_data_sr_reg[4][1] cannot be supported because of smaller than expected depth of fanout-free flop chain.
WARNING: [Synth 8-5591] srl_style attribute value reg_srl on U0/rama_read_core_inst/rama_read_reorder_core_inst/rama_read_reorder_ctl_inst/trans_queue_data_sr_reg[4][0] cannot be supported because of smaller than expected depth of fanout-free flop chain.
WARNING: [Synth 8-5591] srl_style attribute value reg_srl on U0/rama_read_core_inst/rama_read_reorder_core_inst/rama_read_reorder_ctl_inst/trans_queue_data_sr_reg[5][2] cannot be supported because of smaller than expected depth of fanout-free flop chain.
WARNING: [Synth 8-5591] srl_style attribute value reg_srl on U0/rama_read_core_inst/rama_read_reorder_core_inst/rama_read_reorder_ctl_inst/trans_queue_data_sr_reg[5][1] cannot be supported because of smaller than expected depth of fanout-free flop chain.
WARNING: [Synth 8-5591] srl_style attribute value reg_srl on U0/rama_read_core_inst/rama_read_reorder_core_inst/rama_read_reorder_ctl_inst/trans_queue_data_sr_reg[5][0] cannot be supported because of smaller than expected depth of fanout-free flop chain.
WARNING: [Synth 8-5591] srl_style attribute value reg_srl on U0/rama_read_core_inst/rama_read_reorder_core_inst/rama_read_reorder_ctl_inst/trans_queue_data_sr_reg[6][2] cannot be supported because of smaller than expected depth of fanout-free flop chain.
WARNING: [Synth 8-5591] srl_style attribute value reg_srl on U0/rama_read_core_inst/rama_read_reorder_core_inst/rama_read_reorder_ctl_inst/trans_queue_data_sr_reg[6][1] cannot be supported because of smaller than expected depth of fanout-free flop chain.
WARNING: [Synth 8-5591] srl_style attribute value reg_srl on U0/rama_read_core_inst/rama_read_reorder_core_inst/rama_read_reorder_ctl_inst/trans_queue_data_sr_reg[6][0] cannot be supported because of smaller than expected depth of fanout-free flop chain.
WARNING: [Synth 8-5591] srl_style attribute value reg_srl on U0/rama_read_core_inst/rama_read_reorder_core_inst/rama_read_reorder_ctl_inst/trans_queue_data_sr_reg[7][2] cannot be supported because of smaller than expected depth of fanout-free flop chain.
WARNING: [Synth 8-5591] srl_style attribute value reg_srl on U0/rama_read_core_inst/rama_read_reorder_core_inst/rama_read_reorder_ctl_inst/trans_queue_data_sr_reg[7][1] cannot be supported because of smaller than expected depth of fanout-free flop chain.
WARNING: [Synth 8-5591] srl_style attribute value reg_srl on U0/rama_read_core_inst/rama_read_reorder_core_inst/rama_read_reorder_ctl_inst/trans_queue_data_sr_reg[7][0] cannot be supported because of smaller than expected depth of fanout-free flop chain.
WARNING: [Synth 8-5591] srl_style attribute value reg_srl on U0/rama_read_core_inst/rama_read_reorder_core_inst/rama_read_reorder_ctl_inst/trans_queue_data_sr_reg[8][2] cannot be supported because of smaller than expected depth of fanout-free flop chain.
WARNING: [Synth 8-5591] srl_style attribute value reg_srl on U0/rama_read_core_inst/rama_read_reorder_core_inst/rama_read_reorder_ctl_inst/trans_queue_data_sr_reg[8][1] cannot be supported because of smaller than expected depth of fanout-free flop chain.
WARNING: [Synth 8-5591] srl_style attribute value reg_srl on U0/rama_read_core_inst/rama_read_reorder_core_inst/rama_read_reorder_ctl_inst/trans_queue_data_sr_reg[8][0] cannot be supported because of smaller than expected depth of fanout-free flop chain.
WARNING: [Synth 8-5591] srl_style attribute value reg_srl on U0/rama_read_core_inst/rama_read_reorder_core_inst/rama_read_reorder_ctl_inst/trans_queue_data_sr_reg[9][2] cannot be supported because of smaller than expected depth of fanout-free flop chain.
WARNING: [Synth 8-5591] srl_style attribute value reg_srl on U0/rama_read_core_inst/rama_read_reorder_core_inst/rama_read_reorder_ctl_inst/trans_queue_data_sr_reg[9][1] cannot be supported because of smaller than expected depth of fanout-free flop chain.
WARNING: [Synth 8-5591] srl_style attribute value reg_srl on U0/rama_read_core_inst/rama_read_reorder_core_inst/rama_read_reorder_ctl_inst/trans_queue_data_sr_reg[9][0] cannot be supported because of smaller than expected depth of fanout-free flop chain.
WARNING: [Synth 8-5591] srl_style attribute value reg_srl on U0/rama_read_core_inst/rama_read_reorder_core_inst/rama_read_reorder_ctl_inst/trans_queue_data_sr_reg[10][2] cannot be supported because of smaller than expected depth of fanout-free flop chain.
WARNING: [Synth 8-5591] srl_style attribute value reg_srl on U0/rama_read_core_inst/rama_read_reorder_core_inst/rama_read_reorder_ctl_inst/trans_queue_data_sr_reg[10][1] cannot be supported because of smaller than expected depth of fanout-free flop chain.
WARNING: [Synth 8-5591] srl_style attribute value reg_srl on U0/rama_read_core_inst/rama_read_reorder_core_inst/rama_read_reorder_ctl_inst/trans_queue_data_sr_reg[10][0] cannot be supported because of smaller than expected depth of fanout-free flop chain.
WARNING: [Synth 8-5591] srl_style attribute value reg_srl on U0/rama_read_core_inst/rama_read_reorder_core_inst/rama_read_reorder_ctl_inst/trans_queue_data_sr_reg[11][2] cannot be supported because of smaller than expected depth of fanout-free flop chain.
WARNING: [Synth 8-5591] srl_style attribute value reg_srl on U0/rama_read_core_inst/rama_read_reorder_core_inst/rama_read_reorder_ctl_inst/trans_queue_data_sr_reg[11][1] cannot be supported because of smaller than expected depth of fanout-free flop chain.
WARNING: [Synth 8-5591] srl_style attribute value reg_srl on U0/rama_read_core_inst/rama_read_reorder_core_inst/rama_read_reorder_ctl_inst/trans_queue_data_sr_reg[11][0] cannot be supported because of smaller than expected depth of fanout-free flop chain.
INFO: [Common 17-14] Message 'Synth 8-5591' appears 100 times and further instances of the messages will be disabled. Use the Tcl command set_msg_config to change the current settings.
---------------------------------------------------------------------------------
Finished Technology Mapping : Time (s): cpu = 00:00:24 ; elapsed = 00:00:24 . Memory (MB): peak = 6429.531 ; gain = 0.000 ; free physical = 10097 ; free virtual = 98436
---------------------------------------------------------------------------------
---------------------------------------------------------------------------------
Start IO Insertion
---------------------------------------------------------------------------------
---------------------------------------------------------------------------------
Start Flattening Before IO Insertion
---------------------------------------------------------------------------------
---------------------------------------------------------------------------------
Finished Flattening Before IO Insertion
---------------------------------------------------------------------------------
---------------------------------------------------------------------------------
Start Final Netlist Cleanup
---------------------------------------------------------------------------------
---------------------------------------------------------------------------------
Finished Final Netlist Cleanup
---------------------------------------------------------------------------------
---------------------------------------------------------------------------------
Finished IO Insertion : Time (s): cpu = 00:00:26 ; elapsed = 00:00:26 . Memory (MB): peak = 6429.531 ; gain = 0.000 ; free physical = 10016 ; free virtual = 98355
---------------------------------------------------------------------------------
---------------------------------------------------------------------------------
Start Renaming Generated Instances
---------------------------------------------------------------------------------
---------------------------------------------------------------------------------
Finished Renaming Generated Instances : Time (s): cpu = 00:00:26 ; elapsed = 00:00:26 . Memory (MB): peak = 6429.531 ; gain = 0.000 ; free physical = 10016 ; free virtual = 98355
---------------------------------------------------------------------------------
---------------------------------------------------------------------------------
Start Rebuilding User Hierarchy
---------------------------------------------------------------------------------
---------------------------------------------------------------------------------
Finished Rebuilding User Hierarchy : Time (s): cpu = 00:00:26 ; elapsed = 00:00:26 . Memory (MB): peak = 6429.531 ; gain = 0.000 ; free physical = 10016 ; free virtual = 98355
---------------------------------------------------------------------------------
---------------------------------------------------------------------------------
Start Renaming Generated Ports
---------------------------------------------------------------------------------
---------------------------------------------------------------------------------
Finished Renaming Generated Ports : Time (s): cpu = 00:00:26 ; elapsed = 00:00:26 . Memory (MB): peak = 6429.531 ; gain = 0.000 ; free physical = 10016 ; free virtual = 98355
---------------------------------------------------------------------------------
---------------------------------------------------------------------------------
Start Handling Custom Attributes
---------------------------------------------------------------------------------
---------------------------------------------------------------------------------
Finished Handling Custom Attributes : Time (s): cpu = 00:00:26 ; elapsed = 00:00:26 . Memory (MB): peak = 6429.531 ; gain = 0.000 ; free physical = 10017 ; free virtual = 98356
---------------------------------------------------------------------------------
---------------------------------------------------------------------------------
Start Renaming Generated Nets
---------------------------------------------------------------------------------
---------------------------------------------------------------------------------
Finished Renaming Generated Nets : Time (s): cpu = 00:00:26 ; elapsed = 00:00:26 . Memory (MB): peak = 6429.531 ; gain = 0.000 ; free physical = 10017 ; free virtual = 98356
---------------------------------------------------------------------------------
---------------------------------------------------------------------------------
Start ROM, RAM, DSP, Shift Register and Retiming Reporting
---------------------------------------------------------------------------------

Dynamic Shift Register Report:
+------------+-----------------------------------------------------------------------------------------------------------+--------+------------+--------+---------+--------+--------+--------+
|Module Name | RTL Name                                                                                                  | Length | Data Width | SRL16E | SRLC32E | Mux F7 | Mux F8 | Mux F9 | 
+------------+-----------------------------------------------------------------------------------------------------------+--------+------------+--------+---------+--------+--------+--------+
|dsrl        | trans_queue_data_sr_reg[15]                                                                               | 10     | 10         | 10     | 0       | 0      | 0      | 0      | 
|dsrl__1     | err_buffer_reg                                                                                            | 16     | 1          | 1      | 0       | 0      | 0      | 0      | 
|dsrl__2     | last_fragment_buffer_reg                                                                                  | 16     | 1          | 1      | 0       | 0      | 0      | 0      | 
|dsrl__3     | id_buffer_reg[15]                                                                                         | 6      | 6          | 6      | 0       | 0      | 0      | 0      | 
|dsrl__4     | data_buffer_reg[15]                                                                                       | 258    | 258        | 258    | 0       | 0      | 0      | 0      | 
|dsrl__5     | last_fragment_buffer_reg                                                                                  | 16     | 1          | 1      | 0       | 0      | 0      | 0      | 
|dsrl__6     | trans_queue_data_sr_reg[15]                                                                               | 8      | 8          | 8      | 0       | 0      | 0      | 0      | 
|dsrl__7     | err_buffer_reg                                                                                            | 16     | 1          | 1      | 0       | 0      | 0      | 0      | 
|dsrl__8     | id_buffer_reg[15]                                                                                         | 6      | 6          | 6      | 0       | 0      | 0      | 0      | 
|dsrl__9     | data_buffer_reg[15]                                                                                       | 2      | 2          | 2      | 0       | 0      | 0      | 0      | 
|dsrl__10    | trans_queue_data_sr_reg[15]                                                                               | 9      | 9          | 9      | 0       | 0      | 0      | 0      | 
|dsrl__11    | rama_write_core_inst/rama_write_reorder_core_inst/rama_write_reorder_ctl_inst/trans_queue_data_sr_reg[15] | 7      | 7          | 7      | 0       | 0      | 0      | 0      | 
+------------+-----------------------------------------------------------------------------------------------------------+--------+------------+--------+---------+--------+--------+--------+

---------------------------------------------------------------------------------
Finished ROM, RAM, DSP, Shift Register and Retiming Reporting
---------------------------------------------------------------------------------
---------------------------------------------------------------------------------
Start Writing Synthesis Report
---------------------------------------------------------------------------------

Report BlackBoxes: 
+-+--------------+----------+
| |BlackBox name |Instances |
+-+--------------+----------+
+-+--------------+----------+

Report Cell Usage: 
+------+---------+------+
|      |Cell     |Count |
+------+---------+------+
|1     |CARRY8   |    13|
|2     |LUT1     |    26|
|3     |LUT2     |   128|
|4     |LUT3     |   220|
|5     |LUT4     |   160|
|6     |LUT5     |   186|
|7     |LUT6     |   721|
|8     |MUXF7    |    78|
|9     |MUXF8    |    37|
|10    |RAM16X1D |     3|
|11    |RAM32M   |     1|
|12    |RAM32M16 |    40|
|13    |RAM64M   |     4|
|14    |RAM64M8  |     4|
|15    |RAM64X1D |     2|
|16    |RAMB36E2 |     4|
|17    |SRL16E   |   290|
|18    |FDRE     |  3248|
|19    |FDSE     |    81|
+------+---------+------+
---------------------------------------------------------------------------------
Finished Writing Synthesis Report : Time (s): cpu = 00:00:26 ; elapsed = 00:00:26 . Memory (MB): peak = 6429.531 ; gain = 0.000 ; free physical = 10017 ; free virtual = 98356
---------------------------------------------------------------------------------
Synthesis finished with 0 errors, 0 critical warnings and 543 warnings.
Synthesis Optimization Runtime : Time (s): cpu = 00:00:22 ; elapsed = 00:00:23 . Memory (MB): peak = 6429.531 ; gain = 0.000 ; free physical = 10017 ; free virtual = 98356
Synthesis Optimization Complete : Time (s): cpu = 00:00:26 ; elapsed = 00:00:26 . Memory (MB): peak = 6429.539 ; gain = 0.000 ; free physical = 10017 ; free virtual = 98356
INFO: [Project 1-571] Translating synthesized netlist
Netlist sorting complete. Time (s): cpu = 00:00:00.02 ; elapsed = 00:00:00.02 . Memory (MB): peak = 6429.539 ; gain = 0.000 ; free physical = 10320 ; free virtual = 98659
INFO: [Netlist 29-17] Analyzing 182 Unisim elements for replacement
INFO: [Netlist 29-28] Unisim Transformation completed in 0 CPU seconds
INFO: [Project 1-570] Preparing netlist for logic optimization
Parsing XDC File [/home/alex/Isolde/MatrixAcceleratorDemo/runs/run_25-09-2025-145322/run_25-09-2025-145322.gen/sources_1/ip/rama_0/rama_0_ooc.xdc] for cell 'U0'
Finished Parsing XDC File [/home/alex/Isolde/MatrixAcceleratorDemo/runs/run_25-09-2025-145322/run_25-09-2025-145322.gen/sources_1/ip/rama_0/rama_0_ooc.xdc] for cell 'U0'
Parsing XDC File [/home/alex/Isolde/MatrixAcceleratorDemo/runs/run_25-09-2025-145322/run_25-09-2025-145322.gen/sources_1/ip/rama_0/rama_0.xdc] for cell 'U0'
Finished Parsing XDC File [/home/alex/Isolde/MatrixAcceleratorDemo/runs/run_25-09-2025-145322/run_25-09-2025-145322.gen/sources_1/ip/rama_0/rama_0.xdc] for cell 'U0'
INFO: [Opt 31-138] Pushed 0 inverter(s) to 0 load pin(s).
Netlist sorting complete. Time (s): cpu = 00:00:00 ; elapsed = 00:00:00 . Memory (MB): peak = 6429.539 ; gain = 0.000 ; free physical = 10324 ; free virtual = 98663
INFO: [Project 1-111] Unisim Transformation Summary:
  A total of 54 instances were transformed.
  RAM16X1D => RAM32X1D (RAMD32(x2)): 3 instances
  RAM32M => RAM32M (RAMD32(x6), RAMS32(x2)): 1 instance 
  RAM32M16 => RAM32M16 (RAMD32(x14), RAMS32(x2)): 40 instances
  RAM64M => RAM64M (RAMD64E(x4)): 4 instances
  RAM64M8 => RAM64M8 (RAMD64E(x8)): 4 instances
  RAM64X1D => RAM64X1D (RAMD64E(x2)): 2 instances

Synth Design complete | Checksum: 424f722d
INFO: [Common 17-83] Releasing license: Synthesis
86 Infos, 205 Warnings, 0 Critical Warnings and 0 Errors encountered.
synth_design completed successfully
synth_design: Time (s): cpu = 00:00:30 ; elapsed = 00:00:29 . Memory (MB): peak = 6429.539 ; gain = 0.008 ; free physical = 10324 ; free virtual = 98663
INFO: [Common 17-2834] synth_design peak Physical Memory [PSS] (MB): overall = 5765.929; main = 5453.902; forked = 451.860
INFO: [Common 17-2834] synth_design peak Virtual Memory [VSS] (MB): overall = 8088.824; main = 6429.535; forked = 1659.289
INFO: [Coretcl 2-1174] Renamed 41 cell refs.
INFO: [Timing 38-35] Done setting XDC timing constraints.
INFO: [Timing 38-480] Writing timing data to binary archive.
Write ShapeDB Complete: Time (s): cpu = 00:00:00.01 ; elapsed = 00:00:00.01 . Memory (MB): peak = 6437.535 ; gain = 0.000 ; free physical = 10312 ; free virtual = 98651
INFO: [Common 17-1381] The checkpoint '/home/alex/Isolde/MatrixAcceleratorDemo/runs/run_25-09-2025-145322/run_25-09-2025-145322.gen/sources_1/ip/rama_0/rama_0.dcp' has been generated.
CRITICAL WARNING: [Vivado 12-5447] synth_ip is not supported in project mode, please use non-project mode.
INFO: [IP_Flow 19-234] Refreshing IP repositories
INFO: [IP_Flow 19-1704] No user IP repositories specified
INFO: [IP_Flow 19-2313] Loaded Vivado IP repository '/tools/Xilinx/Vivado/2024.1/data/ip'.
WARNING: [Vivado 12-13650] The IP file '/home/alex/Isolde/MatrixAcceleratorDemo/runs/run_25-09-2025-145322/run_25-09-2025-145322.srcs/sources_1/ip/riscv_loop/riscv_loop.xci' has been moved from its original location, as a result the outputs for this IP will now be generated in '/home/alex/Isolde/MatrixAcceleratorDemo/runs/run_25-09-2025-145322/run_25-09-2025-145322.gen/sources_1/ip/riscv_loop'. Alternatively a copy of the IP can be imported into the project using one of the 'import_ip' or 'import_files' commands.
Command: synth_design -top riscv_loop -part xcvu37p-fsvh2892-2L-e -mode out_of_context
Starting synth_design
Attempting to get a license for feature 'Synthesis' and/or device 'xcvu37p'
INFO: [Common 17-349] Got license for feature 'Synthesis' and/or device 'xcvu37p'
INFO: [Synth 8-7079] Multithreading enabled for synth_design using a maximum of 4 processes.
---------------------------------------------------------------------------------
Starting RTL Elaboration : Time (s): cpu = 00:00:02 ; elapsed = 00:00:02 . Memory (MB): peak = 6437.535 ; gain = 0.000 ; free physical = 9991 ; free virtual = 98334
---------------------------------------------------------------------------------
INFO: [Synth 8-6157] synthesizing module 'riscv_loop' [/home/alex/Isolde/MatrixAcceleratorDemo/runs/run_25-09-2025-145322/run_25-09-2025-145322.gen/sources_1/ip/riscv_loop/synth/riscv_loop.sv:53]
INFO: [Synth 8-6157] synthesizing module 'axi_memory_init_v1_0_12_top' [/home/alex/Isolde/MatrixAcceleratorDemo/runs/run_25-09-2025-145322/run_25-09-2025-145322.gen/sources_1/ip/riscv_loop/hdl/axi_memory_init_v1_0_vl_rfs.sv:54]
INFO: [Synth 8-6155] done synthesizing module 'axi_memory_init_v1_0_12_top' (0#1) [/home/alex/Isolde/MatrixAcceleratorDemo/runs/run_25-09-2025-145322/run_25-09-2025-145322.gen/sources_1/ip/riscv_loop/hdl/axi_memory_init_v1_0_vl_rfs.sv:54]
INFO: [Synth 8-6155] done synthesizing module 'riscv_loop' (0#1) [/home/alex/Isolde/MatrixAcceleratorDemo/runs/run_25-09-2025-145322/run_25-09-2025-145322.gen/sources_1/ip/riscv_loop/synth/riscv_loop.sv:53]
---------------------------------------------------------------------------------
Finished RTL Elaboration : Time (s): cpu = 00:00:03 ; elapsed = 00:00:03 . Memory (MB): peak = 6437.535 ; gain = 0.000 ; free physical = 9988 ; free virtual = 98331
---------------------------------------------------------------------------------
---------------------------------------------------------------------------------
Start Handling Custom Attributes
---------------------------------------------------------------------------------
---------------------------------------------------------------------------------
Finished Handling Custom Attributes : Time (s): cpu = 00:00:03 ; elapsed = 00:00:03 . Memory (MB): peak = 6437.535 ; gain = 0.000 ; free physical = 9988 ; free virtual = 98331
---------------------------------------------------------------------------------
---------------------------------------------------------------------------------
Finished RTL Optimization Phase 1 : Time (s): cpu = 00:00:03 ; elapsed = 00:00:03 . Memory (MB): peak = 6437.535 ; gain = 0.000 ; free physical = 9988 ; free virtual = 98331
---------------------------------------------------------------------------------
Netlist sorting complete. Time (s): cpu = 00:00:00 ; elapsed = 00:00:00.01 . Memory (MB): peak = 6437.535 ; gain = 0.000 ; free physical = 9989 ; free virtual = 98332
INFO: [Project 1-570] Preparing netlist for logic optimization

Processing XDC Constraints
Initializing timing engine
Parsing XDC File [/home/alex/Isolde/MatrixAcceleratorDemo/runs/run_25-09-2025-145322/run_25-09-2025-145322.gen/sources_1/ip/riscv_loop/riscv_loop_ooc.xdc] for cell 'inst'
Finished Parsing XDC File [/home/alex/Isolde/MatrixAcceleratorDemo/runs/run_25-09-2025-145322/run_25-09-2025-145322.gen/sources_1/ip/riscv_loop/riscv_loop_ooc.xdc] for cell 'inst'
Completed Processing XDC Constraints

Netlist sorting complete. Time (s): cpu = 00:00:00 ; elapsed = 00:00:00 . Memory (MB): peak = 6437.535 ; gain = 0.000 ; free physical = 9990 ; free virtual = 98333
INFO: [Project 1-111] Unisim Transformation Summary:
No Unisim elements were transformed.

Constraint Validation Runtime : Time (s): cpu = 00:00:00.02 ; elapsed = 00:00:00.01 . Memory (MB): peak = 6437.535 ; gain = 0.000 ; free physical = 9990 ; free virtual = 98333
---------------------------------------------------------------------------------
Finished Constraint Validation : Time (s): cpu = 00:00:08 ; elapsed = 00:00:08 . Memory (MB): peak = 6437.535 ; gain = 0.000 ; free physical = 9966 ; free virtual = 98309
---------------------------------------------------------------------------------
---------------------------------------------------------------------------------
Start Loading Part and Timing Information
---------------------------------------------------------------------------------
Loading part: xcvu37p-fsvh2892-2L-e
INFO: [Synth 8-6742] Reading net delay rules and data
---------------------------------------------------------------------------------
Finished Loading Part and Timing Information : Time (s): cpu = 00:00:08 ; elapsed = 00:00:08 . Memory (MB): peak = 6437.535 ; gain = 0.000 ; free physical = 9966 ; free virtual = 98309
---------------------------------------------------------------------------------
---------------------------------------------------------------------------------
Start Applying 'set_property' XDC Constraints
---------------------------------------------------------------------------------
Applied set_property KEEP_HIERARCHY = SOFT for inst. (constraint file  auto generated constraint).
---------------------------------------------------------------------------------
Finished applying 'set_property' XDC Constraints : Time (s): cpu = 00:00:08 ; elapsed = 00:00:08 . Memory (MB): peak = 6437.535 ; gain = 0.000 ; free physical = 9966 ; free virtual = 98309
---------------------------------------------------------------------------------
INFO: [Synth 8-802] inferred FSM for state register 'state_reg' in module 'axi_memory_init_v1_0_12_top'
---------------------------------------------------------------------------------------------------
                   State |                     New Encoding |                Previous Encoding 
---------------------------------------------------------------------------------------------------
                   RESET |                             0001 | 00000000000000000000000000000000
                    INIT |                             0010 | 00000000000000000000000000000001
                COMPLETE |                             0100 | 00000000000000000000000000000011
                    OPER |                             1000 | 00000000000000000000000000000100
---------------------------------------------------------------------------------------------------
INFO: [Synth 8-3354] encoded FSM with state register 'state_reg' using encoding 'one-hot' in module 'axi_memory_init_v1_0_12_top'
---------------------------------------------------------------------------------
Finished RTL Optimization Phase 2 : Time (s): cpu = 00:00:08 ; elapsed = 00:00:09 . Memory (MB): peak = 6437.535 ; gain = 0.000 ; free physical = 9964 ; free virtual = 98308
---------------------------------------------------------------------------------
---------------------------------------------------------------------------------
Start RTL Component Statistics 
---------------------------------------------------------------------------------
Detailed RTL Component Info : 
+---Adders : 
	   2 Input    4 Bit       Adders := 4     
+---Registers : 
	                9 Bit    Registers := 1     
	                4 Bit    Registers := 3     
	                1 Bit    Registers := 4     
+---Muxes : 
	   2 Input  256 Bit        Muxes := 1     
	   2 Input   33 Bit        Muxes := 1     
	   2 Input   32 Bit        Muxes := 1     
	   2 Input    8 Bit        Muxes := 1     
	   2 Input    6 Bit        Muxes := 2     
	   2 Input    4 Bit        Muxes := 7     
	   4 Input    4 Bit        Muxes := 1     
	   2 Input    3 Bit        Muxes := 2     
	   2 Input    2 Bit        Muxes := 1     
	   2 Input    1 Bit        Muxes := 20    
	   4 Input    1 Bit        Muxes := 4     
	   3 Input    1 Bit        Muxes := 1     
---------------------------------------------------------------------------------
Finished RTL Component Statistics 
---------------------------------------------------------------------------------
---------------------------------------------------------------------------------
Start Part Resource Summary
---------------------------------------------------------------------------------
Part Resources:
DSPs: 9024 (col length:94)
BRAMs: 4032 (col length: RAMB18 288 RAMB36 144)
---------------------------------------------------------------------------------
Finished Part Resource Summary
---------------------------------------------------------------------------------
---------------------------------------------------------------------------------
Start Cross Boundary and Area Optimization
---------------------------------------------------------------------------------
WARNING: [Synth 8-7080] Parallel synthesis criteria is not met
---------------------------------------------------------------------------------
Finished Cross Boundary and Area Optimization : Time (s): cpu = 00:00:09 ; elapsed = 00:00:09 . Memory (MB): peak = 6437.535 ; gain = 0.000 ; free physical = 9951 ; free virtual = 98295
---------------------------------------------------------------------------------
---------------------------------------------------------------------------------
Start Applying XDC Timing Constraints
---------------------------------------------------------------------------------
---------------------------------------------------------------------------------
Finished Applying XDC Timing Constraints : Time (s): cpu = 00:00:11 ; elapsed = 00:00:11 . Memory (MB): peak = 6437.535 ; gain = 0.000 ; free physical = 9950 ; free virtual = 98294
---------------------------------------------------------------------------------
---------------------------------------------------------------------------------
Start Timing Optimization
---------------------------------------------------------------------------------
---------------------------------------------------------------------------------
Finished Timing Optimization : Time (s): cpu = 00:00:11 ; elapsed = 00:00:11 . Memory (MB): peak = 6437.535 ; gain = 0.000 ; free physical = 9949 ; free virtual = 98293
---------------------------------------------------------------------------------
---------------------------------------------------------------------------------
Start Technology Mapping
---------------------------------------------------------------------------------
---------------------------------------------------------------------------------
Finished Technology Mapping : Time (s): cpu = 00:00:11 ; elapsed = 00:00:11 . Memory (MB): peak = 6437.535 ; gain = 0.000 ; free physical = 9949 ; free virtual = 98293
---------------------------------------------------------------------------------
---------------------------------------------------------------------------------
Start IO Insertion
---------------------------------------------------------------------------------
---------------------------------------------------------------------------------
Start Flattening Before IO Insertion
---------------------------------------------------------------------------------
---------------------------------------------------------------------------------
Finished Flattening Before IO Insertion
---------------------------------------------------------------------------------
---------------------------------------------------------------------------------
Start Final Netlist Cleanup
---------------------------------------------------------------------------------
---------------------------------------------------------------------------------
Finished Final Netlist Cleanup
---------------------------------------------------------------------------------
---------------------------------------------------------------------------------
Finished IO Insertion : Time (s): cpu = 00:00:13 ; elapsed = 00:00:13 . Memory (MB): peak = 6437.535 ; gain = 0.000 ; free physical = 9859 ; free virtual = 98203
---------------------------------------------------------------------------------
---------------------------------------------------------------------------------
Start Renaming Generated Instances
---------------------------------------------------------------------------------
---------------------------------------------------------------------------------
Finished Renaming Generated Instances : Time (s): cpu = 00:00:13 ; elapsed = 00:00:13 . Memory (MB): peak = 6437.535 ; gain = 0.000 ; free physical = 9859 ; free virtual = 98203
---------------------------------------------------------------------------------
---------------------------------------------------------------------------------
Start Rebuilding User Hierarchy
---------------------------------------------------------------------------------
---------------------------------------------------------------------------------
Finished Rebuilding User Hierarchy : Time (s): cpu = 00:00:13 ; elapsed = 00:00:13 . Memory (MB): peak = 6437.535 ; gain = 0.000 ; free physical = 9859 ; free virtual = 98203
---------------------------------------------------------------------------------
---------------------------------------------------------------------------------
Start Renaming Generated Ports
---------------------------------------------------------------------------------
---------------------------------------------------------------------------------
Finished Renaming Generated Ports : Time (s): cpu = 00:00:13 ; elapsed = 00:00:13 . Memory (MB): peak = 6437.535 ; gain = 0.000 ; free physical = 9859 ; free virtual = 98203
---------------------------------------------------------------------------------
---------------------------------------------------------------------------------
Start Handling Custom Attributes
---------------------------------------------------------------------------------
---------------------------------------------------------------------------------
Finished Handling Custom Attributes : Time (s): cpu = 00:00:13 ; elapsed = 00:00:13 . Memory (MB): peak = 6437.535 ; gain = 0.000 ; free physical = 9859 ; free virtual = 98203
---------------------------------------------------------------------------------
---------------------------------------------------------------------------------
Start Renaming Generated Nets
---------------------------------------------------------------------------------
---------------------------------------------------------------------------------
Finished Renaming Generated Nets : Time (s): cpu = 00:00:13 ; elapsed = 00:00:13 . Memory (MB): peak = 6437.535 ; gain = 0.000 ; free physical = 9859 ; free virtual = 98203
---------------------------------------------------------------------------------
---------------------------------------------------------------------------------
Start Writing Synthesis Report
---------------------------------------------------------------------------------

Report BlackBoxes: 
+-+--------------+----------+
| |BlackBox name |Instances |
+-+--------------+----------+
+-+--------------+----------+

Report Cell Usage: 
+------+-----+------+
|      |Cell |Count |
+------+-----+------+
|1     |LUT1 |     3|
|2     |LUT2 |   357|
|3     |LUT3 |     9|
|4     |LUT4 |     8|
|5     |LUT5 |     6|
|6     |LUT6 |     5|
|7     |FDRE |    19|
|8     |FDSE |     1|
+------+-----+------+
---------------------------------------------------------------------------------
Finished Writing Synthesis Report : Time (s): cpu = 00:00:13 ; elapsed = 00:00:13 . Memory (MB): peak = 6437.535 ; gain = 0.000 ; free physical = 9859 ; free virtual = 98203
---------------------------------------------------------------------------------
Synthesis finished with 0 errors, 0 critical warnings and 1 warnings.
Synthesis Optimization Runtime : Time (s): cpu = 00:00:10 ; elapsed = 00:00:10 . Memory (MB): peak = 6437.535 ; gain = 0.000 ; free physical = 9859 ; free virtual = 98203
Synthesis Optimization Complete : Time (s): cpu = 00:00:13 ; elapsed = 00:00:13 . Memory (MB): peak = 6437.543 ; gain = 0.000 ; free physical = 9859 ; free virtual = 98203
INFO: [Project 1-571] Translating synthesized netlist
Netlist sorting complete. Time (s): cpu = 00:00:00.01 ; elapsed = 00:00:00 . Memory (MB): peak = 6437.543 ; gain = 0.000 ; free physical = 10248 ; free virtual = 98592
INFO: [Project 1-570] Preparing netlist for logic optimization
Parsing XDC File [/home/alex/Isolde/MatrixAcceleratorDemo/runs/run_25-09-2025-145322/run_25-09-2025-145322.gen/sources_1/ip/riscv_loop/riscv_loop_ooc.xdc] for cell 'inst'
Finished Parsing XDC File [/home/alex/Isolde/MatrixAcceleratorDemo/runs/run_25-09-2025-145322/run_25-09-2025-145322.gen/sources_1/ip/riscv_loop/riscv_loop_ooc.xdc] for cell 'inst'
INFO: [Opt 31-138] Pushed 0 inverter(s) to 0 load pin(s).
Netlist sorting complete. Time (s): cpu = 00:00:00 ; elapsed = 00:00:00 . Memory (MB): peak = 6437.543 ; gain = 0.000 ; free physical = 10250 ; free virtual = 98594
INFO: [Project 1-111] Unisim Transformation Summary:
No Unisim elements were transformed.

Synth Design complete | Checksum: 536872d8
INFO: [Common 17-83] Releasing license: Synthesis
19 Infos, 2 Warnings, 0 Critical Warnings and 0 Errors encountered.
synth_design completed successfully
synth_design: Time (s): cpu = 00:00:17 ; elapsed = 00:00:16 . Memory (MB): peak = 6437.543 ; gain = 0.008 ; free physical = 10250 ; free virtual = 98594
INFO: [Common 17-2834] synth_design peak Physical Memory [PSS] (MB): overall = 5745.462; main = 5434.613; forked = 451.927
INFO: [Common 17-2834] synth_design peak Virtual Memory [VSS] (MB): overall = 8096.832; main = 6437.539; forked = 1659.293
INFO: [Timing 38-480] Writing timing data to binary archive.
Write ShapeDB Complete: Time (s): cpu = 00:00:00 ; elapsed = 00:00:00 . Memory (MB): peak = 6437.543 ; gain = 0.000 ; free physical = 10250 ; free virtual = 98594
INFO: [Common 17-1381] The checkpoint '/home/alex/Isolde/MatrixAcceleratorDemo/runs/run_25-09-2025-145322/run_25-09-2025-145322.gen/sources_1/ip/riscv_loop/riscv_loop.dcp' has been generated.
CRITICAL WARNING: [Vivado 12-5447] synth_ip is not supported in project mode, please use non-project mode.
INFO: [IP_Flow 19-234] Refreshing IP repositories
INFO: [IP_Flow 19-1704] No user IP repositories specified
INFO: [IP_Flow 19-2313] Loaded Vivado IP repository '/tools/Xilinx/Vivado/2024.1/data/ip'.
WARNING: [Vivado 12-13650] The IP file '/home/alex/Isolde/MatrixAcceleratorDemo/runs/run_25-09-2025-145322/run_25-09-2025-145322.srcs/sources_1/ip/riscv_loop_bram/riscv_loop_bram.xci' has been moved from its original location, as a result the outputs for this IP will now be generated in '/home/alex/Isolde/MatrixAcceleratorDemo/runs/run_25-09-2025-145322/run_25-09-2025-145322.gen/sources_1/ip/riscv_loop_bram'. Alternatively a copy of the IP can be imported into the project using one of the 'import_ip' or 'import_files' commands.
Command: synth_design -top riscv_loop_bram -part xcvu37p-fsvh2892-2L-e -mode out_of_context
Starting synth_design
Attempting to get a license for feature 'Synthesis' and/or device 'xcvu37p'
INFO: [Common 17-349] Got license for feature 'Synthesis' and/or device 'xcvu37p'
INFO: [Synth 8-7079] Multithreading enabled for synth_design using a maximum of 4 processes.
---------------------------------------------------------------------------------
Starting RTL Elaboration : Time (s): cpu = 00:00:03 ; elapsed = 00:00:03 . Memory (MB): peak = 6437.543 ; gain = 0.000 ; free physical = 9853 ; free virtual = 98197
---------------------------------------------------------------------------------
INFO: [Synth 8-6157] synthesizing module 'riscv_loop_bram' [/home/alex/Isolde/MatrixAcceleratorDemo/runs/run_25-09-2025-145322/run_25-09-2025-145322.gen/sources_1/ip/riscv_loop_bram/synth/riscv_loop_bram.sv:53]
INFO: [Synth 8-6157] synthesizing module 'axi_memory_init_v1_0_12_top' [/home/alex/Isolde/MatrixAcceleratorDemo/runs/run_25-09-2025-145322/run_25-09-2025-145322.gen/sources_1/ip/riscv_loop_bram/hdl/axi_memory_init_v1_0_vl_rfs.sv:54]
INFO: [Synth 8-6155] done synthesizing module 'axi_memory_init_v1_0_12_top' (0#1) [/home/alex/Isolde/MatrixAcceleratorDemo/runs/run_25-09-2025-145322/run_25-09-2025-145322.gen/sources_1/ip/riscv_loop_bram/hdl/axi_memory_init_v1_0_vl_rfs.sv:54]
INFO: [Synth 8-6155] done synthesizing module 'riscv_loop_bram' (0#1) [/home/alex/Isolde/MatrixAcceleratorDemo/runs/run_25-09-2025-145322/run_25-09-2025-145322.gen/sources_1/ip/riscv_loop_bram/synth/riscv_loop_bram.sv:53]
---------------------------------------------------------------------------------
Finished RTL Elaboration : Time (s): cpu = 00:00:03 ; elapsed = 00:00:04 . Memory (MB): peak = 6437.543 ; gain = 0.000 ; free physical = 9848 ; free virtual = 98192
---------------------------------------------------------------------------------
---------------------------------------------------------------------------------
Start Handling Custom Attributes
---------------------------------------------------------------------------------
---------------------------------------------------------------------------------
Finished Handling Custom Attributes : Time (s): cpu = 00:00:03 ; elapsed = 00:00:04 . Memory (MB): peak = 6437.543 ; gain = 0.000 ; free physical = 9848 ; free virtual = 98193
---------------------------------------------------------------------------------
---------------------------------------------------------------------------------
Finished RTL Optimization Phase 1 : Time (s): cpu = 00:00:03 ; elapsed = 00:00:04 . Memory (MB): peak = 6437.543 ; gain = 0.000 ; free physical = 9848 ; free virtual = 98193
---------------------------------------------------------------------------------
Netlist sorting complete. Time (s): cpu = 00:00:00.01 ; elapsed = 00:00:00 . Memory (MB): peak = 6437.543 ; gain = 0.000 ; free physical = 9848 ; free virtual = 98193
INFO: [Project 1-570] Preparing netlist for logic optimization

Processing XDC Constraints
Initializing timing engine
Parsing XDC File [/home/alex/Isolde/MatrixAcceleratorDemo/runs/run_25-09-2025-145322/run_25-09-2025-145322.gen/sources_1/ip/riscv_loop_bram/riscv_loop_bram_ooc.xdc] for cell 'inst'
Finished Parsing XDC File [/home/alex/Isolde/MatrixAcceleratorDemo/runs/run_25-09-2025-145322/run_25-09-2025-145322.gen/sources_1/ip/riscv_loop_bram/riscv_loop_bram_ooc.xdc] for cell 'inst'
Completed Processing XDC Constraints

Netlist sorting complete. Time (s): cpu = 00:00:00 ; elapsed = 00:00:00 . Memory (MB): peak = 6437.543 ; gain = 0.000 ; free physical = 9851 ; free virtual = 98193
INFO: [Project 1-111] Unisim Transformation Summary:
No Unisim elements were transformed.

Constraint Validation Runtime : Time (s): cpu = 00:00:00.02 ; elapsed = 00:00:00.01 . Memory (MB): peak = 6437.543 ; gain = 0.000 ; free physical = 9851 ; free virtual = 98194
---------------------------------------------------------------------------------
Finished Constraint Validation : Time (s): cpu = 00:00:09 ; elapsed = 00:00:09 . Memory (MB): peak = 6437.543 ; gain = 0.000 ; free physical = 9843 ; free virtual = 98185
---------------------------------------------------------------------------------
---------------------------------------------------------------------------------
Start Loading Part and Timing Information
---------------------------------------------------------------------------------
Loading part: xcvu37p-fsvh2892-2L-e
INFO: [Synth 8-6742] Reading net delay rules and data
---------------------------------------------------------------------------------
Finished Loading Part and Timing Information : Time (s): cpu = 00:00:09 ; elapsed = 00:00:09 . Memory (MB): peak = 6437.543 ; gain = 0.000 ; free physical = 9843 ; free virtual = 98185
---------------------------------------------------------------------------------
---------------------------------------------------------------------------------
Start Applying 'set_property' XDC Constraints
---------------------------------------------------------------------------------
Applied set_property KEEP_HIERARCHY = SOFT for inst. (constraint file  auto generated constraint).
---------------------------------------------------------------------------------
Finished applying 'set_property' XDC Constraints : Time (s): cpu = 00:00:09 ; elapsed = 00:00:09 . Memory (MB): peak = 6437.543 ; gain = 0.000 ; free physical = 9843 ; free virtual = 98185
---------------------------------------------------------------------------------
INFO: [Synth 8-802] inferred FSM for state register 'state_reg' in module 'axi_memory_init_v1_0_12_top'
---------------------------------------------------------------------------------------------------
                   State |                     New Encoding |                Previous Encoding 
---------------------------------------------------------------------------------------------------
                   RESET |                             0001 | 00000000000000000000000000000000
                    INIT |                             0010 | 00000000000000000000000000000001
                COMPLETE |                             0100 | 00000000000000000000000000000011
                    OPER |                             1000 | 00000000000000000000000000000100
---------------------------------------------------------------------------------------------------
INFO: [Synth 8-3354] encoded FSM with state register 'state_reg' using encoding 'one-hot' in module 'axi_memory_init_v1_0_12_top'
---------------------------------------------------------------------------------
Finished RTL Optimization Phase 2 : Time (s): cpu = 00:00:09 ; elapsed = 00:00:09 . Memory (MB): peak = 6437.543 ; gain = 0.000 ; free physical = 9932 ; free virtual = 98276
---------------------------------------------------------------------------------
---------------------------------------------------------------------------------
Start RTL Component Statistics 
---------------------------------------------------------------------------------
Detailed RTL Component Info : 
+---Adders : 
	   2 Input    4 Bit       Adders := 4     
+---Registers : 
	                9 Bit    Registers := 1     
	                4 Bit    Registers := 3     
	                1 Bit    Registers := 4     
+---Muxes : 
	   2 Input  256 Bit        Muxes := 1     
	   2 Input   32 Bit        Muxes := 1     
	   2 Input   30 Bit        Muxes := 1     
	   2 Input    8 Bit        Muxes := 1     
	   2 Input    6 Bit        Muxes := 2     
	   2 Input    4 Bit        Muxes := 7     
	   4 Input    4 Bit        Muxes := 1     
	   2 Input    3 Bit        Muxes := 2     
	   2 Input    2 Bit        Muxes := 1     
	   2 Input    1 Bit        Muxes := 20    
	   4 Input    1 Bit        Muxes := 4     
	   3 Input    1 Bit        Muxes := 1     
---------------------------------------------------------------------------------
Finished RTL Component Statistics 
---------------------------------------------------------------------------------
---------------------------------------------------------------------------------
Start Part Resource Summary
---------------------------------------------------------------------------------
Part Resources:
DSPs: 9024 (col length:94)
BRAMs: 4032 (col length: RAMB18 288 RAMB36 144)
---------------------------------------------------------------------------------
Finished Part Resource Summary
---------------------------------------------------------------------------------
---------------------------------------------------------------------------------
Start Cross Boundary and Area Optimization
---------------------------------------------------------------------------------
WARNING: [Synth 8-7080] Parallel synthesis criteria is not met
---------------------------------------------------------------------------------
Finished Cross Boundary and Area Optimization : Time (s): cpu = 00:00:10 ; elapsed = 00:00:10 . Memory (MB): peak = 6437.543 ; gain = 0.000 ; free physical = 9922 ; free virtual = 98266
---------------------------------------------------------------------------------
---------------------------------------------------------------------------------
Start Applying XDC Timing Constraints
---------------------------------------------------------------------------------
---------------------------------------------------------------------------------
Finished Applying XDC Timing Constraints : Time (s): cpu = 00:00:11 ; elapsed = 00:00:11 . Memory (MB): peak = 6445.539 ; gain = 7.996 ; free physical = 9950 ; free virtual = 98294
---------------------------------------------------------------------------------
---------------------------------------------------------------------------------
Start Timing Optimization
---------------------------------------------------------------------------------
---------------------------------------------------------------------------------
Finished Timing Optimization : Time (s): cpu = 00:00:11 ; elapsed = 00:00:11 . Memory (MB): peak = 6445.539 ; gain = 7.996 ; free physical = 9950 ; free virtual = 98294
---------------------------------------------------------------------------------
---------------------------------------------------------------------------------
Start Technology Mapping
---------------------------------------------------------------------------------
---------------------------------------------------------------------------------
Finished Technology Mapping : Time (s): cpu = 00:00:11 ; elapsed = 00:00:12 . Memory (MB): peak = 6445.539 ; gain = 7.996 ; free physical = 9950 ; free virtual = 98294
---------------------------------------------------------------------------------
---------------------------------------------------------------------------------
Start IO Insertion
---------------------------------------------------------------------------------
---------------------------------------------------------------------------------
Start Flattening Before IO Insertion
---------------------------------------------------------------------------------
---------------------------------------------------------------------------------
Finished Flattening Before IO Insertion
---------------------------------------------------------------------------------
---------------------------------------------------------------------------------
Start Final Netlist Cleanup
---------------------------------------------------------------------------------
---------------------------------------------------------------------------------
Finished Final Netlist Cleanup
---------------------------------------------------------------------------------
---------------------------------------------------------------------------------
Finished IO Insertion : Time (s): cpu = 00:00:13 ; elapsed = 00:00:14 . Memory (MB): peak = 6445.539 ; gain = 7.996 ; free physical = 9873 ; free virtual = 98217
---------------------------------------------------------------------------------
---------------------------------------------------------------------------------
Start Renaming Generated Instances
---------------------------------------------------------------------------------
---------------------------------------------------------------------------------
Finished Renaming Generated Instances : Time (s): cpu = 00:00:13 ; elapsed = 00:00:14 . Memory (MB): peak = 6445.539 ; gain = 7.996 ; free physical = 9873 ; free virtual = 98217
---------------------------------------------------------------------------------
---------------------------------------------------------------------------------
Start Rebuilding User Hierarchy
---------------------------------------------------------------------------------
---------------------------------------------------------------------------------
Finished Rebuilding User Hierarchy : Time (s): cpu = 00:00:13 ; elapsed = 00:00:14 . Memory (MB): peak = 6445.539 ; gain = 7.996 ; free physical = 9870 ; free virtual = 98214
---------------------------------------------------------------------------------
---------------------------------------------------------------------------------
Start Renaming Generated Ports
---------------------------------------------------------------------------------
---------------------------------------------------------------------------------
Finished Renaming Generated Ports : Time (s): cpu = 00:00:13 ; elapsed = 00:00:14 . Memory (MB): peak = 6445.539 ; gain = 7.996 ; free physical = 9869 ; free virtual = 98213
---------------------------------------------------------------------------------
---------------------------------------------------------------------------------
Start Handling Custom Attributes
---------------------------------------------------------------------------------
---------------------------------------------------------------------------------
Finished Handling Custom Attributes : Time (s): cpu = 00:00:13 ; elapsed = 00:00:14 . Memory (MB): peak = 6445.539 ; gain = 7.996 ; free physical = 9869 ; free virtual = 98213
---------------------------------------------------------------------------------
---------------------------------------------------------------------------------
Start Renaming Generated Nets
---------------------------------------------------------------------------------
---------------------------------------------------------------------------------
Finished Renaming Generated Nets : Time (s): cpu = 00:00:13 ; elapsed = 00:00:14 . Memory (MB): peak = 6445.539 ; gain = 7.996 ; free physical = 9869 ; free virtual = 98213
---------------------------------------------------------------------------------
---------------------------------------------------------------------------------
Start Writing Synthesis Report
---------------------------------------------------------------------------------

Report BlackBoxes: 
+-+--------------+----------+
| |BlackBox name |Instances |
+-+--------------+----------+
+-+--------------+----------+

Report Cell Usage: 
+------+-----+------+
|      |Cell |Count |
+------+-----+------+
|1     |LUT1 |     3|
|2     |LUT2 |   354|
|3     |LUT3 |     9|
|4     |LUT4 |     8|
|5     |LUT5 |     6|
|6     |LUT6 |     5|
|7     |FDRE |    19|
|8     |FDSE |     1|
+------+-----+------+
---------------------------------------------------------------------------------
Finished Writing Synthesis Report : Time (s): cpu = 00:00:13 ; elapsed = 00:00:14 . Memory (MB): peak = 6445.539 ; gain = 7.996 ; free physical = 9869 ; free virtual = 98213
---------------------------------------------------------------------------------
Synthesis finished with 0 errors, 0 critical warnings and 1 warnings.
Synthesis Optimization Runtime : Time (s): cpu = 00:00:11 ; elapsed = 00:00:11 . Memory (MB): peak = 6445.539 ; gain = 7.996 ; free physical = 9869 ; free virtual = 98213
Synthesis Optimization Complete : Time (s): cpu = 00:00:13 ; elapsed = 00:00:14 . Memory (MB): peak = 6445.547 ; gain = 7.996 ; free physical = 9869 ; free virtual = 98213
INFO: [Project 1-571] Translating synthesized netlist
Netlist sorting complete. Time (s): cpu = 00:00:00 ; elapsed = 00:00:00 . Memory (MB): peak = 6445.547 ; gain = 0.000 ; free physical = 10101 ; free virtual = 98445
INFO: [Project 1-570] Preparing netlist for logic optimization
Parsing XDC File [/home/alex/Isolde/MatrixAcceleratorDemo/runs/run_25-09-2025-145322/run_25-09-2025-145322.gen/sources_1/ip/riscv_loop_bram/riscv_loop_bram_ooc.xdc] for cell 'inst'
Finished Parsing XDC File [/home/alex/Isolde/MatrixAcceleratorDemo/runs/run_25-09-2025-145322/run_25-09-2025-145322.gen/sources_1/ip/riscv_loop_bram/riscv_loop_bram_ooc.xdc] for cell 'inst'
INFO: [Opt 31-138] Pushed 0 inverter(s) to 0 load pin(s).
Netlist sorting complete. Time (s): cpu = 00:00:00 ; elapsed = 00:00:00 . Memory (MB): peak = 6445.547 ; gain = 0.000 ; free physical = 10103 ; free virtual = 98447
INFO: [Project 1-111] Unisim Transformation Summary:
No Unisim elements were transformed.

Synth Design complete | Checksum: 95062ae9
INFO: [Common 17-83] Releasing license: Synthesis
19 Infos, 2 Warnings, 0 Critical Warnings and 0 Errors encountered.
synth_design completed successfully
synth_design: Time (s): cpu = 00:00:18 ; elapsed = 00:00:16 . Memory (MB): peak = 6445.547 ; gain = 8.004 ; free physical = 10103 ; free virtual = 98447
INFO: [Common 17-2834] synth_design peak Physical Memory [PSS] (MB): overall = 5730.172; main = 5417.543; forked = 453.475
INFO: [Common 17-2834] synth_design peak Virtual Memory [VSS] (MB): overall = 8104.832; main = 6445.543; forked = 1659.289
INFO: [Timing 38-480] Writing timing data to binary archive.
Write ShapeDB Complete: Time (s): cpu = 00:00:00 ; elapsed = 00:00:00 . Memory (MB): peak = 6445.547 ; gain = 0.000 ; free physical = 10103 ; free virtual = 98447
INFO: [Common 17-1381] The checkpoint '/home/alex/Isolde/MatrixAcceleratorDemo/runs/run_25-09-2025-145322/run_25-09-2025-145322.gen/sources_1/ip/riscv_loop_bram/riscv_loop_bram.dcp' has been generated.
CRITICAL WARNING: [Vivado 12-5447] synth_ip is not supported in project mode, please use non-project mode.
INFO: [IP_Flow 19-234] Refreshing IP repositories
INFO: [IP_Flow 19-1704] No user IP repositories specified
INFO: [IP_Flow 19-2313] Loaded Vivado IP repository '/tools/Xilinx/Vivado/2024.1/data/ip'.
WARNING: [Vivado 12-13650] The IP file '/home/alex/Isolde/MatrixAcceleratorDemo/runs/run_25-09-2025-145322/run_25-09-2025-145322.srcs/sources_1/ip/xilinx_uart/xilinx_uart.xci' has been moved from its original location, as a result the outputs for this IP will now be generated in '/home/alex/Isolde/MatrixAcceleratorDemo/runs/run_25-09-2025-145322/run_25-09-2025-145322.gen/sources_1/ip/xilinx_uart'. Alternatively a copy of the IP can be imported into the project using one of the 'import_ip' or 'import_files' commands.
Command: synth_design -top xilinx_uart -part xcvu37p-fsvh2892-2L-e -mode out_of_context
Starting synth_design
Attempting to get a license for feature 'Synthesis' and/or device 'xcvu37p'
INFO: [Common 17-349] Got license for feature 'Synthesis' and/or device 'xcvu37p'
INFO: [Synth 8-7079] Multithreading enabled for synth_design using a maximum of 4 processes.
---------------------------------------------------------------------------------
Starting RTL Elaboration : Time (s): cpu = 00:00:02 ; elapsed = 00:00:03 . Memory (MB): peak = 6445.547 ; gain = 0.000 ; free physical = 9863 ; free virtual = 98207
---------------------------------------------------------------------------------
INFO: [Synth 8-638] synthesizing module 'xilinx_uart' [/home/alex/Isolde/MatrixAcceleratorDemo/runs/run_25-09-2025-145322/run_25-09-2025-145322.gen/sources_1/ip/xilinx_uart/synth/xilinx_uart.vhd:86]
	Parameter C_FAMILY bound to: virtexuplusHBM - type: string 
	Parameter C_S_AXI_ACLK_FREQ_HZ bound to: 10000000 - type: integer 
	Parameter C_S_AXI_ADDR_WIDTH bound to: 4 - type: integer 
	Parameter C_S_AXI_DATA_WIDTH bound to: 32 - type: integer 
	Parameter C_BAUDRATE bound to: 9600 - type: integer 
	Parameter C_DATA_BITS bound to: 8 - type: integer 
	Parameter C_USE_PARITY bound to: 0 - type: integer 
	Parameter C_ODD_PARITY bound to: 0 - type: integer 
INFO: [Synth 8-3491] module 'axi_uartlite' declared at '/home/alex/Isolde/MatrixAcceleratorDemo/runs/run_25-09-2025-145322/run_25-09-2025-145322.gen/sources_1/ip/xilinx_uart/hdl/axi_uartlite_v2_0_vh_rfs.vhd:2089' bound to instance 'U0' of component 'axi_uartlite' [/home/alex/Isolde/MatrixAcceleratorDemo/runs/run_25-09-2025-145322/run_25-09-2025-145322.gen/sources_1/ip/xilinx_uart/synth/xilinx_uart.vhd:162]
INFO: [Synth 8-638] synthesizing module 'axi_uartlite' [/home/alex/Isolde/MatrixAcceleratorDemo/runs/run_25-09-2025-145322/run_25-09-2025-145322.gen/sources_1/ip/xilinx_uart/hdl/axi_uartlite_v2_0_vh_rfs.vhd:2151]
INFO: [Synth 8-638] synthesizing module 'uartlite_core' [/home/alex/Isolde/MatrixAcceleratorDemo/runs/run_25-09-2025-145322/run_25-09-2025-145322.gen/sources_1/ip/xilinx_uart/hdl/axi_uartlite_v2_0_vh_rfs.vhd:1617]
INFO: [Synth 8-638] synthesizing module 'baudrate' [/home/alex/Isolde/MatrixAcceleratorDemo/runs/run_25-09-2025-145322/run_25-09-2025-145322.gen/sources_1/ip/xilinx_uart/hdl/axi_uartlite_v2_0_vh_rfs.vhd:1426]
INFO: [Synth 8-256] done synthesizing module 'baudrate' (0#1) [/home/alex/Isolde/MatrixAcceleratorDemo/runs/run_25-09-2025-145322/run_25-09-2025-145322.gen/sources_1/ip/xilinx_uart/hdl/axi_uartlite_v2_0_vh_rfs.vhd:1426]
INFO: [Synth 8-638] synthesizing module 'uartlite_rx' [/home/alex/Isolde/MatrixAcceleratorDemo/runs/run_25-09-2025-145322/run_25-09-2025-145322.gen/sources_1/ip/xilinx_uart/hdl/axi_uartlite_v2_0_vh_rfs.vhd:906]
INFO: [Synth 8-638] synthesizing module 'cdc_sync' [/home/alex/Isolde/MatrixAcceleratorDemo/runs/run_25-09-2025-145322/run_25-09-2025-145322.gen/sources_1/ip/xilinx_uart/hdl/lib_cdc_v1_0_rfs.vhd:106]
	Parameter INIT bound to: 1'b0 
INFO: [Synth 8-113] binding component instance 'CROSS_PLEVEL_IN2SCNDRY_IN_cdc_to' to cell 'FDR' [/home/alex/Isolde/MatrixAcceleratorDemo/runs/run_25-09-2025-145322/run_25-09-2025-145322.gen/sources_1/ip/xilinx_uart/hdl/lib_cdc_v1_0_rfs.vhd:514]
	Parameter INIT bound to: 1'b0 
INFO: [Synth 8-113] binding component instance 'CROSS_PLEVEL_IN2SCNDRY_s_level_out_d2' to cell 'FDR' [/home/alex/Isolde/MatrixAcceleratorDemo/runs/run_25-09-2025-145322/run_25-09-2025-145322.gen/sources_1/ip/xilinx_uart/hdl/lib_cdc_v1_0_rfs.vhd:545]
	Parameter INIT bound to: 1'b0 
INFO: [Synth 8-113] binding component instance 'CROSS_PLEVEL_IN2SCNDRY_s_level_out_d3' to cell 'FDR' [/home/alex/Isolde/MatrixAcceleratorDemo/runs/run_25-09-2025-145322/run_25-09-2025-145322.gen/sources_1/ip/xilinx_uart/hdl/lib_cdc_v1_0_rfs.vhd:554]
	Parameter INIT bound to: 1'b0 
INFO: [Synth 8-113] binding component instance 'CROSS_PLEVEL_IN2SCNDRY_s_level_out_d4' to cell 'FDR' [/home/alex/Isolde/MatrixAcceleratorDemo/runs/run_25-09-2025-145322/run_25-09-2025-145322.gen/sources_1/ip/xilinx_uart/hdl/lib_cdc_v1_0_rfs.vhd:564]
	Parameter INIT bound to: 1'b0 
INFO: [Synth 8-113] binding component instance 'CROSS_PLEVEL_IN2SCNDRY_s_level_out_d5' to cell 'FDR' [/home/alex/Isolde/MatrixAcceleratorDemo/runs/run_25-09-2025-145322/run_25-09-2025-145322.gen/sources_1/ip/xilinx_uart/hdl/lib_cdc_v1_0_rfs.vhd:574]
	Parameter INIT bound to: 1'b0 
INFO: [Synth 8-113] binding component instance 'CROSS_PLEVEL_IN2SCNDRY_s_level_out_d6' to cell 'FDR' [/home/alex/Isolde/MatrixAcceleratorDemo/runs/run_25-09-2025-145322/run_25-09-2025-145322.gen/sources_1/ip/xilinx_uart/hdl/lib_cdc_v1_0_rfs.vhd:584]
INFO: [Synth 8-256] done synthesizing module 'cdc_sync' (0#1) [/home/alex/Isolde/MatrixAcceleratorDemo/runs/run_25-09-2025-145322/run_25-09-2025-145322.gen/sources_1/ip/xilinx_uart/hdl/lib_cdc_v1_0_rfs.vhd:106]
INFO: [Synth 8-638] synthesizing module 'srl_fifo_f' [/home/alex/Isolde/MatrixAcceleratorDemo/runs/run_25-09-2025-145322/run_25-09-2025-145322.gen/sources_1/ip/xilinx_uart/hdl/lib_srl_fifo_v1_0_rfs.vhd:777]
INFO: [Synth 8-638] synthesizing module 'srl_fifo_rbu_f' [/home/alex/Isolde/MatrixAcceleratorDemo/runs/run_25-09-2025-145322/run_25-09-2025-145322.gen/sources_1/ip/xilinx_uart/hdl/lib_srl_fifo_v1_0_rfs.vhd:538]
INFO: [Synth 8-638] synthesizing module 'cntr_incr_decr_addn_f' [/home/alex/Isolde/MatrixAcceleratorDemo/runs/run_25-09-2025-145322/run_25-09-2025-145322.gen/sources_1/ip/xilinx_uart/hdl/lib_srl_fifo_v1_0_rfs.vhd:134]
INFO: [Synth 8-256] done synthesizing module 'cntr_incr_decr_addn_f' (0#1) [/home/alex/Isolde/MatrixAcceleratorDemo/runs/run_25-09-2025-145322/run_25-09-2025-145322.gen/sources_1/ip/xilinx_uart/hdl/lib_srl_fifo_v1_0_rfs.vhd:134]
INFO: [Synth 8-638] synthesizing module 'dynshreg_f' [/home/alex/Isolde/MatrixAcceleratorDemo/runs/run_25-09-2025-145322/run_25-09-2025-145322.gen/sources_1/ip/xilinx_uart/hdl/lib_srl_fifo_v1_0_rfs.vhd:329]
INFO: [Synth 8-256] done synthesizing module 'dynshreg_f' (0#1) [/home/alex/Isolde/MatrixAcceleratorDemo/runs/run_25-09-2025-145322/run_25-09-2025-145322.gen/sources_1/ip/xilinx_uart/hdl/lib_srl_fifo_v1_0_rfs.vhd:329]
INFO: [Synth 8-256] done synthesizing module 'srl_fifo_rbu_f' (0#1) [/home/alex/Isolde/MatrixAcceleratorDemo/runs/run_25-09-2025-145322/run_25-09-2025-145322.gen/sources_1/ip/xilinx_uart/hdl/lib_srl_fifo_v1_0_rfs.vhd:538]
INFO: [Synth 8-256] done synthesizing module 'srl_fifo_f' (0#1) [/home/alex/Isolde/MatrixAcceleratorDemo/runs/run_25-09-2025-145322/run_25-09-2025-145322.gen/sources_1/ip/xilinx_uart/hdl/lib_srl_fifo_v1_0_rfs.vhd:777]
INFO: [Synth 8-256] done synthesizing module 'uartlite_rx' (0#1) [/home/alex/Isolde/MatrixAcceleratorDemo/runs/run_25-09-2025-145322/run_25-09-2025-145322.gen/sources_1/ip/xilinx_uart/hdl/axi_uartlite_v2_0_vh_rfs.vhd:906]
INFO: [Synth 8-638] synthesizing module 'uartlite_tx' [/home/alex/Isolde/MatrixAcceleratorDemo/runs/run_25-09-2025-145322/run_25-09-2025-145322.gen/sources_1/ip/xilinx_uart/hdl/axi_uartlite_v2_0_vh_rfs.vhd:393]
INFO: [Synth 8-256] done synthesizing module 'uartlite_tx' (0#1) [/home/alex/Isolde/MatrixAcceleratorDemo/runs/run_25-09-2025-145322/run_25-09-2025-145322.gen/sources_1/ip/xilinx_uart/hdl/axi_uartlite_v2_0_vh_rfs.vhd:393]
INFO: [Synth 8-256] done synthesizing module 'uartlite_core' (0#1) [/home/alex/Isolde/MatrixAcceleratorDemo/runs/run_25-09-2025-145322/run_25-09-2025-145322.gen/sources_1/ip/xilinx_uart/hdl/axi_uartlite_v2_0_vh_rfs.vhd:1617]
INFO: [Synth 8-638] synthesizing module 'axi_lite_ipif' [/home/alex/Isolde/MatrixAcceleratorDemo/runs/run_25-09-2025-145322/run_25-09-2025-145322.gen/sources_1/ip/xilinx_uart/hdl/axi_lite_ipif_v3_0_vh_rfs.vhd:2948]
INFO: [Synth 8-638] synthesizing module 'slave_attachment' [/home/alex/Isolde/MatrixAcceleratorDemo/runs/run_25-09-2025-145322/run_25-09-2025-145322.gen/sources_1/ip/xilinx_uart/hdl/axi_lite_ipif_v3_0_vh_rfs.vhd:2341]
INFO: [Synth 8-638] synthesizing module 'address_decoder' [/home/alex/Isolde/MatrixAcceleratorDemo/runs/run_25-09-2025-145322/run_25-09-2025-145322.gen/sources_1/ip/xilinx_uart/hdl/axi_lite_ipif_v3_0_vh_rfs.vhd:1775]
INFO: [Synth 8-638] synthesizing module 'pselect_f' [/home/alex/Isolde/MatrixAcceleratorDemo/runs/run_25-09-2025-145322/run_25-09-2025-145322.gen/sources_1/ip/xilinx_uart/hdl/axi_lite_ipif_v3_0_vh_rfs.vhd:1534]
INFO: [Synth 8-256] done synthesizing module 'pselect_f' (0#1) [/home/alex/Isolde/MatrixAcceleratorDemo/runs/run_25-09-2025-145322/run_25-09-2025-145322.gen/sources_1/ip/xilinx_uart/hdl/axi_lite_ipif_v3_0_vh_rfs.vhd:1534]
INFO: [Synth 8-638] synthesizing module 'pselect_f__parameterized0' [/home/alex/Isolde/MatrixAcceleratorDemo/runs/run_25-09-2025-145322/run_25-09-2025-145322.gen/sources_1/ip/xilinx_uart/hdl/axi_lite_ipif_v3_0_vh_rfs.vhd:1534]
INFO: [Synth 8-256] done synthesizing module 'pselect_f__parameterized0' (0#1) [/home/alex/Isolde/MatrixAcceleratorDemo/runs/run_25-09-2025-145322/run_25-09-2025-145322.gen/sources_1/ip/xilinx_uart/hdl/axi_lite_ipif_v3_0_vh_rfs.vhd:1534]
INFO: [Synth 8-638] synthesizing module 'pselect_f__parameterized1' [/home/alex/Isolde/MatrixAcceleratorDemo/runs/run_25-09-2025-145322/run_25-09-2025-145322.gen/sources_1/ip/xilinx_uart/hdl/axi_lite_ipif_v3_0_vh_rfs.vhd:1534]
INFO: [Synth 8-256] done synthesizing module 'pselect_f__parameterized1' (0#1) [/home/alex/Isolde/MatrixAcceleratorDemo/runs/run_25-09-2025-145322/run_25-09-2025-145322.gen/sources_1/ip/xilinx_uart/hdl/axi_lite_ipif_v3_0_vh_rfs.vhd:1534]
INFO: [Synth 8-638] synthesizing module 'pselect_f__parameterized2' [/home/alex/Isolde/MatrixAcceleratorDemo/runs/run_25-09-2025-145322/run_25-09-2025-145322.gen/sources_1/ip/xilinx_uart/hdl/axi_lite_ipif_v3_0_vh_rfs.vhd:1534]
INFO: [Synth 8-256] done synthesizing module 'pselect_f__parameterized2' (0#1) [/home/alex/Isolde/MatrixAcceleratorDemo/runs/run_25-09-2025-145322/run_25-09-2025-145322.gen/sources_1/ip/xilinx_uart/hdl/axi_lite_ipif_v3_0_vh_rfs.vhd:1534]
INFO: [Synth 8-256] done synthesizing module 'address_decoder' (0#1) [/home/alex/Isolde/MatrixAcceleratorDemo/runs/run_25-09-2025-145322/run_25-09-2025-145322.gen/sources_1/ip/xilinx_uart/hdl/axi_lite_ipif_v3_0_vh_rfs.vhd:1775]
INFO: [Synth 8-226] default block is never used [/home/alex/Isolde/MatrixAcceleratorDemo/runs/run_25-09-2025-145322/run_25-09-2025-145322.gen/sources_1/ip/xilinx_uart/hdl/axi_lite_ipif_v3_0_vh_rfs.vhd:2550]
INFO: [Synth 8-256] done synthesizing module 'slave_attachment' (0#1) [/home/alex/Isolde/MatrixAcceleratorDemo/runs/run_25-09-2025-145322/run_25-09-2025-145322.gen/sources_1/ip/xilinx_uart/hdl/axi_lite_ipif_v3_0_vh_rfs.vhd:2341]
INFO: [Synth 8-256] done synthesizing module 'axi_lite_ipif' (0#1) [/home/alex/Isolde/MatrixAcceleratorDemo/runs/run_25-09-2025-145322/run_25-09-2025-145322.gen/sources_1/ip/xilinx_uart/hdl/axi_lite_ipif_v3_0_vh_rfs.vhd:2948]
INFO: [Synth 8-256] done synthesizing module 'axi_uartlite' (0#1) [/home/alex/Isolde/MatrixAcceleratorDemo/runs/run_25-09-2025-145322/run_25-09-2025-145322.gen/sources_1/ip/xilinx_uart/hdl/axi_uartlite_v2_0_vh_rfs.vhd:2151]
INFO: [Synth 8-256] done synthesizing module 'xilinx_uart' (0#1) [/home/alex/Isolde/MatrixAcceleratorDemo/runs/run_25-09-2025-145322/run_25-09-2025-145322.gen/sources_1/ip/xilinx_uart/synth/xilinx_uart.vhd:86]
WARNING: [Synth 8-6014] Unused sequential element is_read_reg was removed.  [/home/alex/Isolde/MatrixAcceleratorDemo/runs/run_25-09-2025-145322/run_25-09-2025-145322.gen/sources_1/ip/xilinx_uart/hdl/axi_lite_ipif_v3_0_vh_rfs.vhd:2447]
WARNING: [Synth 8-6014] Unused sequential element is_write_reg was removed.  [/home/alex/Isolde/MatrixAcceleratorDemo/runs/run_25-09-2025-145322/run_25-09-2025-145322.gen/sources_1/ip/xilinx_uart/hdl/axi_lite_ipif_v3_0_vh_rfs.vhd:2448]
WARNING: [Synth 8-7129] Port Address_In_Erly[2] in module address_decoder is either unconnected or has no load
WARNING: [Synth 8-7129] Port Address_In_Erly[3] in module address_decoder is either unconnected or has no load
WARNING: [Synth 8-7129] Port Bus_RNW in module address_decoder is either unconnected or has no load
WARNING: [Synth 8-7129] Port S_AXI_WSTRB[3] in module slave_attachment is either unconnected or has no load
WARNING: [Synth 8-7129] Port S_AXI_WSTRB[2] in module slave_attachment is either unconnected or has no load
WARNING: [Synth 8-7129] Port S_AXI_WSTRB[1] in module slave_attachment is either unconnected or has no load
WARNING: [Synth 8-7129] Port S_AXI_WSTRB[0] in module slave_attachment is either unconnected or has no load
WARNING: [Synth 8-7129] Port prmry_aclk in module cdc_sync is either unconnected or has no load
WARNING: [Synth 8-7129] Port prmry_resetn in module cdc_sync is either unconnected or has no load
WARNING: [Synth 8-7129] Port prmry_vect_in[31] in module cdc_sync is either unconnected or has no load
WARNING: [Synth 8-7129] Port prmry_vect_in[30] in module cdc_sync is either unconnected or has no load
WARNING: [Synth 8-7129] Port prmry_vect_in[29] in module cdc_sync is either unconnected or has no load
WARNING: [Synth 8-7129] Port prmry_vect_in[28] in module cdc_sync is either unconnected or has no load
WARNING: [Synth 8-7129] Port prmry_vect_in[27] in module cdc_sync is either unconnected or has no load
WARNING: [Synth 8-7129] Port prmry_vect_in[26] in module cdc_sync is either unconnected or has no load
WARNING: [Synth 8-7129] Port prmry_vect_in[25] in module cdc_sync is either unconnected or has no load
WARNING: [Synth 8-7129] Port prmry_vect_in[24] in module cdc_sync is either unconnected or has no load
WARNING: [Synth 8-7129] Port prmry_vect_in[23] in module cdc_sync is either unconnected or has no load
WARNING: [Synth 8-7129] Port prmry_vect_in[22] in module cdc_sync is either unconnected or has no load
WARNING: [Synth 8-7129] Port prmry_vect_in[21] in module cdc_sync is either unconnected or has no load
WARNING: [Synth 8-7129] Port prmry_vect_in[20] in module cdc_sync is either unconnected or has no load
WARNING: [Synth 8-7129] Port prmry_vect_in[19] in module cdc_sync is either unconnected or has no load
WARNING: [Synth 8-7129] Port prmry_vect_in[18] in module cdc_sync is either unconnected or has no load
WARNING: [Synth 8-7129] Port prmry_vect_in[17] in module cdc_sync is either unconnected or has no load
WARNING: [Synth 8-7129] Port prmry_vect_in[16] in module cdc_sync is either unconnected or has no load
WARNING: [Synth 8-7129] Port prmry_vect_in[15] in module cdc_sync is either unconnected or has no load
WARNING: [Synth 8-7129] Port prmry_vect_in[14] in module cdc_sync is either unconnected or has no load
WARNING: [Synth 8-7129] Port prmry_vect_in[13] in module cdc_sync is either unconnected or has no load
WARNING: [Synth 8-7129] Port prmry_vect_in[12] in module cdc_sync is either unconnected or has no load
WARNING: [Synth 8-7129] Port prmry_vect_in[11] in module cdc_sync is either unconnected or has no load
WARNING: [Synth 8-7129] Port prmry_vect_in[10] in module cdc_sync is either unconnected or has no load
WARNING: [Synth 8-7129] Port prmry_vect_in[9] in module cdc_sync is either unconnected or has no load
WARNING: [Synth 8-7129] Port prmry_vect_in[8] in module cdc_sync is either unconnected or has no load
WARNING: [Synth 8-7129] Port prmry_vect_in[7] in module cdc_sync is either unconnected or has no load
WARNING: [Synth 8-7129] Port prmry_vect_in[6] in module cdc_sync is either unconnected or has no load
WARNING: [Synth 8-7129] Port prmry_vect_in[5] in module cdc_sync is either unconnected or has no load
WARNING: [Synth 8-7129] Port prmry_vect_in[4] in module cdc_sync is either unconnected or has no load
WARNING: [Synth 8-7129] Port prmry_vect_in[3] in module cdc_sync is either unconnected or has no load
WARNING: [Synth 8-7129] Port prmry_vect_in[2] in module cdc_sync is either unconnected or has no load
WARNING: [Synth 8-7129] Port prmry_vect_in[1] in module cdc_sync is either unconnected or has no load
WARNING: [Synth 8-7129] Port prmry_vect_in[0] in module cdc_sync is either unconnected or has no load
WARNING: [Synth 8-7129] Port scndry_resetn in module cdc_sync is either unconnected or has no load
WARNING: [Synth 8-7129] Port bus2ip_cs in module uartlite_core is either unconnected or has no load
---------------------------------------------------------------------------------
Finished RTL Elaboration : Time (s): cpu = 00:00:03 ; elapsed = 00:00:04 . Memory (MB): peak = 6445.547 ; gain = 0.000 ; free physical = 9859 ; free virtual = 98203
---------------------------------------------------------------------------------
---------------------------------------------------------------------------------
Start Handling Custom Attributes
---------------------------------------------------------------------------------
---------------------------------------------------------------------------------
Finished Handling Custom Attributes : Time (s): cpu = 00:00:03 ; elapsed = 00:00:04 . Memory (MB): peak = 6445.547 ; gain = 0.000 ; free physical = 9859 ; free virtual = 98203
---------------------------------------------------------------------------------
---------------------------------------------------------------------------------
Finished RTL Optimization Phase 1 : Time (s): cpu = 00:00:03 ; elapsed = 00:00:04 . Memory (MB): peak = 6445.547 ; gain = 0.000 ; free physical = 9859 ; free virtual = 98203
---------------------------------------------------------------------------------
Netlist sorting complete. Time (s): cpu = 00:00:00 ; elapsed = 00:00:00 . Memory (MB): peak = 6445.547 ; gain = 0.000 ; free physical = 9859 ; free virtual = 98203
INFO: [Netlist 29-17] Analyzing 6 Unisim elements for replacement
INFO: [Netlist 29-28] Unisim Transformation completed in 0 CPU seconds
INFO: [Project 1-570] Preparing netlist for logic optimization

Processing XDC Constraints
Initializing timing engine
Parsing XDC File [/home/alex/Isolde/MatrixAcceleratorDemo/runs/run_25-09-2025-145322/run_25-09-2025-145322.gen/sources_1/ip/xilinx_uart/xilinx_uart_ooc.xdc] for cell 'U0'
Finished Parsing XDC File [/home/alex/Isolde/MatrixAcceleratorDemo/runs/run_25-09-2025-145322/run_25-09-2025-145322.gen/sources_1/ip/xilinx_uart/xilinx_uart_ooc.xdc] for cell 'U0'
Parsing XDC File [/home/alex/Isolde/MatrixAcceleratorDemo/runs/run_25-09-2025-145322/run_25-09-2025-145322.gen/sources_1/ip/xilinx_uart/xilinx_uart_board.xdc] for cell 'U0'
Finished Parsing XDC File [/home/alex/Isolde/MatrixAcceleratorDemo/runs/run_25-09-2025-145322/run_25-09-2025-145322.gen/sources_1/ip/xilinx_uart/xilinx_uart_board.xdc] for cell 'U0'
Parsing XDC File [/home/alex/Isolde/MatrixAcceleratorDemo/runs/run_25-09-2025-145322/run_25-09-2025-145322.gen/sources_1/ip/xilinx_uart/xilinx_uart.xdc] for cell 'U0'
Finished Parsing XDC File [/home/alex/Isolde/MatrixAcceleratorDemo/runs/run_25-09-2025-145322/run_25-09-2025-145322.gen/sources_1/ip/xilinx_uart/xilinx_uart.xdc] for cell 'U0'
Completed Processing XDC Constraints

Netlist sorting complete. Time (s): cpu = 00:00:00 ; elapsed = 00:00:00 . Memory (MB): peak = 6445.547 ; gain = 0.000 ; free physical = 9888 ; free virtual = 98231
INFO: [Project 1-111] Unisim Transformation Summary:
  A total of 6 instances were transformed.
  FDR => FDRE: 6 instances

Constraint Validation Runtime : Time (s): cpu = 00:00:00.02 ; elapsed = 00:00:00.01 . Memory (MB): peak = 6445.547 ; gain = 0.000 ; free physical = 9888 ; free virtual = 98231
---------------------------------------------------------------------------------
Finished Constraint Validation : Time (s): cpu = 00:00:09 ; elapsed = 00:00:09 . Memory (MB): peak = 6445.547 ; gain = 0.000 ; free physical = 9892 ; free virtual = 98235
---------------------------------------------------------------------------------
---------------------------------------------------------------------------------
Start Loading Part and Timing Information
---------------------------------------------------------------------------------
Loading part: xcvu37p-fsvh2892-2L-e
INFO: [Synth 8-6742] Reading net delay rules and data
---------------------------------------------------------------------------------
Finished Loading Part and Timing Information : Time (s): cpu = 00:00:09 ; elapsed = 00:00:09 . Memory (MB): peak = 6445.547 ; gain = 0.000 ; free physical = 9892 ; free virtual = 98235
---------------------------------------------------------------------------------
---------------------------------------------------------------------------------
Start Applying 'set_property' XDC Constraints
---------------------------------------------------------------------------------
Applied set_property KEEP_HIERARCHY = SOFT for U0. (constraint file  auto generated constraint).
---------------------------------------------------------------------------------
Finished applying 'set_property' XDC Constraints : Time (s): cpu = 00:00:09 ; elapsed = 00:00:09 . Memory (MB): peak = 6445.547 ; gain = 0.000 ; free physical = 9892 ; free virtual = 98235
---------------------------------------------------------------------------------
INFO: [Synth 8-802] inferred FSM for state register 'state_reg' in module 'slave_attachment'
---------------------------------------------------------------------------------------------------
                   State |                     New Encoding |                Previous Encoding 
---------------------------------------------------------------------------------------------------
                 sm_idle |                             0010 |                               00
                 sm_read |                             1000 |                               01
                sm_write |                             0100 |                               10
                 sm_resp |                             0001 |                               11
---------------------------------------------------------------------------------------------------
INFO: [Synth 8-3354] encoded FSM with state register 'state_reg' using encoding 'one-hot' in module 'slave_attachment'
---------------------------------------------------------------------------------
Finished RTL Optimization Phase 2 : Time (s): cpu = 00:00:09 ; elapsed = 00:00:09 . Memory (MB): peak = 6445.547 ; gain = 0.000 ; free physical = 9984 ; free virtual = 98329
---------------------------------------------------------------------------------
---------------------------------------------------------------------------------
Start RTL Component Statistics 
---------------------------------------------------------------------------------
Detailed RTL Component Info : 
+---Adders : 
	   2 Input    7 Bit       Adders := 1     
	   3 Input    5 Bit       Adders := 2     
	   2 Input    3 Bit       Adders := 1     
+---Registers : 
	               32 Bit    Registers := 1     
	               16 Bit    Registers := 2     
	                7 Bit    Registers := 1     
	                5 Bit    Registers := 2     
	                4 Bit    Registers := 1     
	                3 Bit    Registers := 1     
	                2 Bit    Registers := 2     
	                1 Bit    Registers := 46    
+---Muxes : 
	   2 Input    8 Bit        Muxes := 2     
	   4 Input    4 Bit        Muxes := 1     
	   2 Input    4 Bit        Muxes := 6     
	   2 Input    3 Bit        Muxes := 1     
	   2 Input    2 Bit        Muxes := 2     
	   2 Input    1 Bit        Muxes := 43    
---------------------------------------------------------------------------------
Finished RTL Component Statistics 
---------------------------------------------------------------------------------
---------------------------------------------------------------------------------
Start Part Resource Summary
---------------------------------------------------------------------------------
Part Resources:
DSPs: 9024 (col length:94)
BRAMs: 4032 (col length: RAMB18 288 RAMB36 144)
---------------------------------------------------------------------------------
Finished Part Resource Summary
---------------------------------------------------------------------------------
---------------------------------------------------------------------------------
Start Cross Boundary and Area Optimization
---------------------------------------------------------------------------------
WARNING: [Synth 8-7080] Parallel synthesis criteria is not met
WARNING: [Synth 8-7129] Port s_axi_wdata[31] in module axi_uartlite is either unconnected or has no load
WARNING: [Synth 8-7129] Port s_axi_wdata[30] in module axi_uartlite is either unconnected or has no load
WARNING: [Synth 8-7129] Port s_axi_wdata[29] in module axi_uartlite is either unconnected or has no load
WARNING: [Synth 8-7129] Port s_axi_wdata[28] in module axi_uartlite is either unconnected or has no load
WARNING: [Synth 8-7129] Port s_axi_wdata[27] in module axi_uartlite is either unconnected or has no load
WARNING: [Synth 8-7129] Port s_axi_wdata[26] in module axi_uartlite is either unconnected or has no load
WARNING: [Synth 8-7129] Port s_axi_wdata[25] in module axi_uartlite is either unconnected or has no load
WARNING: [Synth 8-7129] Port s_axi_wdata[24] in module axi_uartlite is either unconnected or has no load
WARNING: [Synth 8-7129] Port s_axi_wdata[23] in module axi_uartlite is either unconnected or has no load
WARNING: [Synth 8-7129] Port s_axi_wdata[22] in module axi_uartlite is either unconnected or has no load
WARNING: [Synth 8-7129] Port s_axi_wdata[21] in module axi_uartlite is either unconnected or has no load
WARNING: [Synth 8-7129] Port s_axi_wdata[20] in module axi_uartlite is either unconnected or has no load
WARNING: [Synth 8-7129] Port s_axi_wdata[19] in module axi_uartlite is either unconnected or has no load
WARNING: [Synth 8-7129] Port s_axi_wdata[18] in module axi_uartlite is either unconnected or has no load
WARNING: [Synth 8-7129] Port s_axi_wdata[17] in module axi_uartlite is either unconnected or has no load
WARNING: [Synth 8-7129] Port s_axi_wdata[16] in module axi_uartlite is either unconnected or has no load
WARNING: [Synth 8-7129] Port s_axi_wdata[15] in module axi_uartlite is either unconnected or has no load
WARNING: [Synth 8-7129] Port s_axi_wdata[14] in module axi_uartlite is either unconnected or has no load
WARNING: [Synth 8-7129] Port s_axi_wdata[13] in module axi_uartlite is either unconnected or has no load
WARNING: [Synth 8-7129] Port s_axi_wdata[12] in module axi_uartlite is either unconnected or has no load
WARNING: [Synth 8-7129] Port s_axi_wdata[11] in module axi_uartlite is either unconnected or has no load
WARNING: [Synth 8-7129] Port s_axi_wdata[10] in module axi_uartlite is either unconnected or has no load
WARNING: [Synth 8-7129] Port s_axi_wdata[9] in module axi_uartlite is either unconnected or has no load
WARNING: [Synth 8-7129] Port s_axi_wdata[8] in module axi_uartlite is either unconnected or has no load
WARNING: [Synth 8-7129] Port s_axi_wstrb[3] in module axi_uartlite is either unconnected or has no load
WARNING: [Synth 8-7129] Port s_axi_wstrb[2] in module axi_uartlite is either unconnected or has no load
WARNING: [Synth 8-7129] Port s_axi_wstrb[1] in module axi_uartlite is either unconnected or has no load
WARNING: [Synth 8-7129] Port s_axi_wstrb[0] in module axi_uartlite is either unconnected or has no load
INFO: [Synth 8-3332] Sequential element (UARTLITE_CORE_I/UARTLITE_RX_I/INPUT_DOUBLE_REGS3/GENERATE_LEVEL_P_S_CDC.SINGLE_BIT.CROSS_PLEVEL_IN2SCNDRY_s_level_out_d5) is unused and will be removed from module axi_uartlite.
INFO: [Synth 8-3332] Sequential element (UARTLITE_CORE_I/UARTLITE_RX_I/INPUT_DOUBLE_REGS3/GENERATE_LEVEL_P_S_CDC.SINGLE_BIT.CROSS_PLEVEL_IN2SCNDRY_s_level_out_d6) is unused and will be removed from module axi_uartlite.
---------------------------------------------------------------------------------
Finished Cross Boundary and Area Optimization : Time (s): cpu = 00:00:10 ; elapsed = 00:00:10 . Memory (MB): peak = 6445.547 ; gain = 0.000 ; free physical = 9956 ; free virtual = 98300
---------------------------------------------------------------------------------
---------------------------------------------------------------------------------
Start Applying XDC Timing Constraints
---------------------------------------------------------------------------------
---------------------------------------------------------------------------------
Finished Applying XDC Timing Constraints : Time (s): cpu = 00:00:11 ; elapsed = 00:00:11 . Memory (MB): peak = 6453.543 ; gain = 7.996 ; free physical = 9956 ; free virtual = 98301
---------------------------------------------------------------------------------
---------------------------------------------------------------------------------
Start Timing Optimization
---------------------------------------------------------------------------------
---------------------------------------------------------------------------------
Finished Timing Optimization : Time (s): cpu = 00:00:11 ; elapsed = 00:00:12 . Memory (MB): peak = 6453.543 ; gain = 7.996 ; free physical = 9956 ; free virtual = 98301
---------------------------------------------------------------------------------
---------------------------------------------------------------------------------
Start Technology Mapping
---------------------------------------------------------------------------------
---------------------------------------------------------------------------------
Finished Technology Mapping : Time (s): cpu = 00:00:11 ; elapsed = 00:00:12 . Memory (MB): peak = 6453.543 ; gain = 7.996 ; free physical = 9956 ; free virtual = 98301
---------------------------------------------------------------------------------
---------------------------------------------------------------------------------
Start IO Insertion
---------------------------------------------------------------------------------
---------------------------------------------------------------------------------
Start Flattening Before IO Insertion
---------------------------------------------------------------------------------
---------------------------------------------------------------------------------
Finished Flattening Before IO Insertion
---------------------------------------------------------------------------------
---------------------------------------------------------------------------------
Start Final Netlist Cleanup
---------------------------------------------------------------------------------
---------------------------------------------------------------------------------
Finished Final Netlist Cleanup
---------------------------------------------------------------------------------
---------------------------------------------------------------------------------
Finished IO Insertion : Time (s): cpu = 00:00:13 ; elapsed = 00:00:14 . Memory (MB): peak = 6453.543 ; gain = 7.996 ; free physical = 9962 ; free virtual = 98307
---------------------------------------------------------------------------------
---------------------------------------------------------------------------------
Start Renaming Generated Instances
---------------------------------------------------------------------------------
---------------------------------------------------------------------------------
Finished Renaming Generated Instances : Time (s): cpu = 00:00:13 ; elapsed = 00:00:14 . Memory (MB): peak = 6453.543 ; gain = 7.996 ; free physical = 9962 ; free virtual = 98307
---------------------------------------------------------------------------------
---------------------------------------------------------------------------------
Start Rebuilding User Hierarchy
---------------------------------------------------------------------------------
---------------------------------------------------------------------------------
Finished Rebuilding User Hierarchy : Time (s): cpu = 00:00:13 ; elapsed = 00:00:14 . Memory (MB): peak = 6453.543 ; gain = 7.996 ; free physical = 9962 ; free virtual = 98307
---------------------------------------------------------------------------------
---------------------------------------------------------------------------------
Start Renaming Generated Ports
---------------------------------------------------------------------------------
---------------------------------------------------------------------------------
Finished Renaming Generated Ports : Time (s): cpu = 00:00:13 ; elapsed = 00:00:14 . Memory (MB): peak = 6453.543 ; gain = 7.996 ; free physical = 9962 ; free virtual = 98307
---------------------------------------------------------------------------------
---------------------------------------------------------------------------------
Start Handling Custom Attributes
---------------------------------------------------------------------------------
---------------------------------------------------------------------------------
Finished Handling Custom Attributes : Time (s): cpu = 00:00:13 ; elapsed = 00:00:14 . Memory (MB): peak = 6453.543 ; gain = 7.996 ; free physical = 9962 ; free virtual = 98307
---------------------------------------------------------------------------------
---------------------------------------------------------------------------------
Start Renaming Generated Nets
---------------------------------------------------------------------------------
---------------------------------------------------------------------------------
Finished Renaming Generated Nets : Time (s): cpu = 00:00:13 ; elapsed = 00:00:14 . Memory (MB): peak = 6453.543 ; gain = 7.996 ; free physical = 9962 ; free virtual = 98307
---------------------------------------------------------------------------------
---------------------------------------------------------------------------------
Start ROM, RAM, DSP, Shift Register and Retiming Reporting
---------------------------------------------------------------------------------

Static Shift Register Report:
+-------------+--------------------------------------------------+--------+-------+--------------+--------------------+-------------------+--------+---------+
|Module Name  | RTL Name                                         | Length | Width | Reset Signal | Pull out first Reg | Pull out last Reg | SRL16E | SRLC32E | 
+-------------+--------------------------------------------------+--------+-------+--------------+--------------------+-------------------+--------+---------+
|axi_uartlite | UARTLITE_CORE_I/UARTLITE_RX_I/data_shift_reg[15] | 16     | 1     | YES          | NO                 | YES               | 1      | 0       | 
|axi_uartlite | UARTLITE_CORE_I/UARTLITE_TX_I/data_shift_reg[15] | 15     | 1     | YES          | NO                 | YES               | 1      | 0       | 
+-------------+--------------------------------------------------+--------+-------+--------------+--------------------+-------------------+--------+---------+


Dynamic Shift Register Report:
+------------+---------------------------+--------+------------+--------+---------+--------+--------+--------+
|Module Name | RTL Name                  | Length | Data Width | SRL16E | SRLC32E | Mux F7 | Mux F8 | Mux F9 | 
+------------+---------------------------+--------+------------+--------+---------+--------+--------+--------+
|dsrl        | INFERRED_GEN.data_reg[15] | 8      | 8          | 8      | 0       | 0      | 0      | 0      | 
+------------+---------------------------+--------+------------+--------+---------+--------+--------+--------+

---------------------------------------------------------------------------------
Finished ROM, RAM, DSP, Shift Register and Retiming Reporting
---------------------------------------------------------------------------------
---------------------------------------------------------------------------------
Start Writing Synthesis Report
---------------------------------------------------------------------------------

Report BlackBoxes: 
+-+--------------+----------+
| |BlackBox name |Instances |
+-+--------------+----------+
+-+--------------+----------+

Report Cell Usage: 
+------+-------+------+
|      |Cell   |Count |
+------+-------+------+
|1     |LUT1   |     2|
|2     |LUT2   |    14|
|3     |LUT3   |    13|
|4     |LUT4   |    29|
|5     |LUT5   |    24|
|6     |LUT6   |    24|
|7     |MUXF7  |     1|
|8     |SRL16E |    18|
|9     |FDR    |     4|
|10    |FDRE   |    89|
|11    |FDSE   |    18|
+------+-------+------+
---------------------------------------------------------------------------------
Finished Writing Synthesis Report : Time (s): cpu = 00:00:13 ; elapsed = 00:00:14 . Memory (MB): peak = 6453.543 ; gain = 7.996 ; free physical = 9962 ; free virtual = 98307
---------------------------------------------------------------------------------
Synthesis finished with 0 errors, 0 critical warnings and 29 warnings.
Synthesis Optimization Runtime : Time (s): cpu = 00:00:11 ; elapsed = 00:00:11 . Memory (MB): peak = 6453.543 ; gain = 7.996 ; free physical = 9962 ; free virtual = 98307
Synthesis Optimization Complete : Time (s): cpu = 00:00:14 ; elapsed = 00:00:14 . Memory (MB): peak = 6453.551 ; gain = 7.996 ; free physical = 9962 ; free virtual = 98307
INFO: [Project 1-571] Translating synthesized netlist
Netlist sorting complete. Time (s): cpu = 00:00:00 ; elapsed = 00:00:00 . Memory (MB): peak = 6453.551 ; gain = 0.000 ; free physical = 10266 ; free virtual = 98611
INFO: [Netlist 29-17] Analyzing 5 Unisim elements for replacement
INFO: [Netlist 29-28] Unisim Transformation completed in 0 CPU seconds
INFO: [Project 1-570] Preparing netlist for logic optimization
Parsing XDC File [/home/alex/Isolde/MatrixAcceleratorDemo/runs/run_25-09-2025-145322/run_25-09-2025-145322.gen/sources_1/ip/xilinx_uart/xilinx_uart_ooc.xdc] for cell 'U0'
Finished Parsing XDC File [/home/alex/Isolde/MatrixAcceleratorDemo/runs/run_25-09-2025-145322/run_25-09-2025-145322.gen/sources_1/ip/xilinx_uart/xilinx_uart_ooc.xdc] for cell 'U0'
Parsing XDC File [/home/alex/Isolde/MatrixAcceleratorDemo/runs/run_25-09-2025-145322/run_25-09-2025-145322.gen/sources_1/ip/xilinx_uart/xilinx_uart_board.xdc] for cell 'U0'
Finished Parsing XDC File [/home/alex/Isolde/MatrixAcceleratorDemo/runs/run_25-09-2025-145322/run_25-09-2025-145322.gen/sources_1/ip/xilinx_uart/xilinx_uart_board.xdc] for cell 'U0'
Parsing XDC File [/home/alex/Isolde/MatrixAcceleratorDemo/runs/run_25-09-2025-145322/run_25-09-2025-145322.gen/sources_1/ip/xilinx_uart/xilinx_uart.xdc] for cell 'U0'
Finished Parsing XDC File [/home/alex/Isolde/MatrixAcceleratorDemo/runs/run_25-09-2025-145322/run_25-09-2025-145322.gen/sources_1/ip/xilinx_uart/xilinx_uart.xdc] for cell 'U0'
INFO: [Opt 31-138] Pushed 0 inverter(s) to 0 load pin(s).
Netlist sorting complete. Time (s): cpu = 00:00:00 ; elapsed = 00:00:00 . Memory (MB): peak = 6453.551 ; gain = 0.000 ; free physical = 10268 ; free virtual = 98613
INFO: [Project 1-111] Unisim Transformation Summary:
  A total of 4 instances were transformed.
  FDR => FDRE: 4 instances

Synth Design complete | Checksum: b2db59d2
INFO: [Common 17-83] Releasing license: Synthesis
65 Infos, 75 Warnings, 0 Critical Warnings and 0 Errors encountered.
synth_design completed successfully
synth_design: Time (s): cpu = 00:00:18 ; elapsed = 00:00:17 . Memory (MB): peak = 6453.551 ; gain = 8.004 ; free physical = 10268 ; free virtual = 98613
INFO: [Common 17-2834] synth_design peak Physical Memory [PSS] (MB): overall = 5716.372; main = 5400.445; forked = 455.282
INFO: [Common 17-2834] synth_design peak Virtual Memory [VSS] (MB): overall = 8112.840; main = 6453.547; forked = 1659.293
INFO: [Coretcl 2-1174] Renamed 19 cell refs.
INFO: [Timing 38-480] Writing timing data to binary archive.
Write ShapeDB Complete: Time (s): cpu = 00:00:00 ; elapsed = 00:00:00 . Memory (MB): peak = 6453.551 ; gain = 0.000 ; free physical = 10268 ; free virtual = 98613
INFO: [Common 17-1381] The checkpoint '/home/alex/Isolde/MatrixAcceleratorDemo/runs/run_25-09-2025-145322/run_25-09-2025-145322.gen/sources_1/ip/xilinx_uart/xilinx_uart.dcp' has been generated.
INFO: [Vivado 12-3441] generate_netlist_ip - operation complete
synth_ip: Time (s): cpu = 00:03:52 ; elapsed = 00:03:49 . Memory (MB): peak = 6453.551 ; gain = 2924.828 ; free physical = 10472 ; free virtual = 98816
INFO: [Common 17-2834] synth_ip peak Physical Memory [PSS] (MB): overall = 5716.372; main = 5400.445; forked = 455.282
INFO: [Common 17-2834] synth_ip peak Virtual Memory [VSS] (MB): overall = 8112.840; main = 6453.547; forked = 1659.293
# set_property strategy Flow_RuntimeOptimized [get_runs synth_1]
# update_compile_order -fileset sources_1
# launch_runs synth_1 -jobs $THREADS
INFO: [Vivado 12-4149] The synthesis checkpoint for IP '/home/alex/Isolde/MatrixAcceleratorDemo/runs/run_25-09-2025-145322/run_25-09-2025-145322.srcs/sources_1/ip/xilinx_uart/xilinx_uart.xci' is already up-to-date
INFO: [Vivado 12-4149] The synthesis checkpoint for IP '/home/alex/Isolde/MatrixAcceleratorDemo/runs/run_25-09-2025-145322/run_25-09-2025-145322.srcs/sources_1/ip/mem_2MB/mem_2MB.xci' is already up-to-date
INFO: [Vivado 12-4149] The synthesis checkpoint for IP '/home/alex/Isolde/MatrixAcceleratorDemo/runs/run_25-09-2025-145322/run_25-09-2025-145322.srcs/sources_1/ip/pll/pll.xci' is already up-to-date
WARNING: [Vivado 12-7122] Auto Incremental Compile:: No reference checkpoint was found in run synth_1. Auto-incremental flow will not be run, the standard flow will be run instead.
[Thu Sep 25 14:57:35 2025] Launched synth_1...
Run output will be captured here: /home/alex/Isolde/MatrixAcceleratorDemo/runs/run_25-09-2025-145322/run_25-09-2025-145322.runs/synth_1/runme.log
# wait_on_run synth_1
[Thu Sep 25 14:57:35 2025] Waiting for synth_1 to finish...

*** Running vivado
    with args -log top.vds -m64 -product Vivado -mode batch -messageDb vivado.pb -notrace -source top.tcl


****** Vivado v2024.1 (64-bit)
  **** SW Build 5076996 on Wed May 22 18:36:09 MDT 2024
  **** IP Build 5075265 on Wed May 22 21:45:21 MDT 2024
  **** SharedData Build 5076995 on Wed May 22 18:29:18 MDT 2024
  **** Start of session at: Thu Sep 25 14:57:36 2025
    ** Copyright 1986-2022 Xilinx, Inc. All Rights Reserved.
    ** Copyright 2022-2024 Advanced Micro Devices, Inc. All Rights Reserved.

source top.tcl -notrace
Command: synth_design -top top -part xcvu37p-fsvh2892-2L-e -flatten_hierarchy none -directive RuntimeOptimized -fsm_extraction off
Starting synth_design
Attempting to get a license for feature 'Synthesis' and/or device 'xcvu37p'
INFO: [Common 17-349] Got license for feature 'Synthesis' and/or device 'xcvu37p'
INFO: [Device 21-403] Loading part xcvu37p-fsvh2892-2L-e
INFO: [Synth 8-7079] Multithreading enabled for synth_design using a maximum of 4 processes.
INFO: [Synth 8-7078] Launching helper process for spawning children vivado processes
INFO: [Synth 8-7075] Helper process launched with PID 720240
---------------------------------------------------------------------------------
Starting RTL Elaboration : Time (s): cpu = 00:00:02 ; elapsed = 00:00:02 . Memory (MB): peak = 3447.625 ; gain = 405.746 ; free physical = 7722 ; free virtual = 96068
---------------------------------------------------------------------------------
WARNING: [Synth 8-9535] ignoring re-definition of command line macro 'PRF_LOG_P' [/home/alex/Isolde/MatrixAcceleratorDemo/src/ips/poly_mem/2dprf_sv/src/includes/const.sv:36]
WARNING: [Synth 8-9535] ignoring re-definition of command line macro 'PRF_LOG_Q' [/home/alex/Isolde/MatrixAcceleratorDemo/src/ips/poly_mem/2dprf_sv/src/includes/const.sv:37]
WARNING: [Synth 8-11067] parameter 'BurstWidth' declared inside package 'axi_pkg' shall be treated as localparam [/home/alex/Isolde/MatrixAcceleratorDemo/src/ips/axi/src/axi_pkg.sv:25]
WARNING: [Synth 8-11067] parameter 'RespWidth' declared inside package 'axi_pkg' shall be treated as localparam [/home/alex/Isolde/MatrixAcceleratorDemo/src/ips/axi/src/axi_pkg.sv:27]
WARNING: [Synth 8-11067] parameter 'CacheWidth' declared inside package 'axi_pkg' shall be treated as localparam [/home/alex/Isolde/MatrixAcceleratorDemo/src/ips/axi/src/axi_pkg.sv:29]
WARNING: [Synth 8-11067] parameter 'ProtWidth' declared inside package 'axi_pkg' shall be treated as localparam [/home/alex/Isolde/MatrixAcceleratorDemo/src/ips/axi/src/axi_pkg.sv:31]
WARNING: [Synth 8-11067] parameter 'QosWidth' declared inside package 'axi_pkg' shall be treated as localparam [/home/alex/Isolde/MatrixAcceleratorDemo/src/ips/axi/src/axi_pkg.sv:33]
WARNING: [Synth 8-11067] parameter 'RegionWidth' declared inside package 'axi_pkg' shall be treated as localparam [/home/alex/Isolde/MatrixAcceleratorDemo/src/ips/axi/src/axi_pkg.sv:35]
WARNING: [Synth 8-11067] parameter 'LenWidth' declared inside package 'axi_pkg' shall be treated as localparam [/home/alex/Isolde/MatrixAcceleratorDemo/src/ips/axi/src/axi_pkg.sv:37]
WARNING: [Synth 8-11067] parameter 'SizeWidth' declared inside package 'axi_pkg' shall be treated as localparam [/home/alex/Isolde/MatrixAcceleratorDemo/src/ips/axi/src/axi_pkg.sv:39]
WARNING: [Synth 8-11067] parameter 'LockWidth' declared inside package 'axi_pkg' shall be treated as localparam [/home/alex/Isolde/MatrixAcceleratorDemo/src/ips/axi/src/axi_pkg.sv:41]
WARNING: [Synth 8-11067] parameter 'AtopWidth' declared inside package 'axi_pkg' shall be treated as localparam [/home/alex/Isolde/MatrixAcceleratorDemo/src/ips/axi/src/axi_pkg.sv:43]
WARNING: [Synth 8-11067] parameter 'NsaidWidth' declared inside package 'axi_pkg' shall be treated as localparam [/home/alex/Isolde/MatrixAcceleratorDemo/src/ips/axi/src/axi_pkg.sv:45]
INFO: [Synth 8-11241] undeclared symbol 'clk_hbm', assumed default net type 'wire' [/home/alex/Isolde/MatrixAcceleratorDemo/src/rtl/matrix_accelerator_soc.sv:205]
WARNING: [Synth 8-11065] parameter 'NR_BYPASS_PORTS' becomes localparam in 'miss_handler' with formal parameter declaration list [/home/alex/Isolde/MatrixAcceleratorDemo/src/ips/ariane/core/cache_subsystem/miss_handler.sv:72]
INFO: [Synth 8-11241] undeclared symbol 'sbiterra', assumed default net type 'wire' [/home/alex/Isolde/MatrixAcceleratorDemo/src/ips/poly_mem/2dprf_sv/src/rtl/memory_templates/true_dual_one_clock.sv:57]
INFO: [Synth 8-11241] undeclared symbol 's_axi_arready', assumed default net type 'wire' [/home/alex/Isolde/MatrixAcceleratorDemo/src/tests/vivado/uart_mock.sv:27]
INFO: [Synth 8-6157] synthesizing module 'top' [/home/alex/Isolde/MatrixAcceleratorDemo/src/tests/vivado/top.sv:1]
INFO: [Synth 8-6157] synthesizing module 'pll' [/home/alex/Isolde/MatrixAcceleratorDemo/runs/run_25-09-2025-145322/run_25-09-2025-145322.runs/synth_1/.Xil/Vivado-720200-isolde/realtime/pll_stub.v:6]
INFO: [Synth 8-6155] done synthesizing module 'pll' (0#1) [/home/alex/Isolde/MatrixAcceleratorDemo/runs/run_25-09-2025-145322/run_25-09-2025-145322.runs/synth_1/.Xil/Vivado-720200-isolde/realtime/pll_stub.v:6]
INFO: [Synth 8-6157] synthesizing module 'matrix_accelerator_soc' [/home/alex/Isolde/MatrixAcceleratorDemo/src/rtl/matrix_accelerator_soc.sv:4]
	Parameter PRF_LOG_P bound to: 1 - type: integer 
	Parameter PRF_LOG_Q bound to: 1 - type: integer 
INFO: [Synth 8-6157] synthesizing module 'AXI_BUS' [/home/alex/Isolde/MatrixAcceleratorDemo/src/ips/axi/src/axi_intf.sv:20]
	Parameter AXI_ADDR_WIDTH bound to: 64 - type: integer 
	Parameter AXI_DATA_WIDTH bound to: 256 - type: integer 
	Parameter AXI_ID_WIDTH bound to: 4 - type: integer 
	Parameter AXI_USER_WIDTH bound to: 4 - type: integer 
INFO: [Synth 8-6155] done synthesizing module 'AXI_BUS' (0#1) [/home/alex/Isolde/MatrixAcceleratorDemo/src/ips/axi/src/axi_intf.sv:20]
INFO: [Synth 8-6157] synthesizing module 'AXI_BUS' [/home/alex/Isolde/MatrixAcceleratorDemo/src/ips/axi/src/axi_intf.sv:20]
	Parameter AXI_ADDR_WIDTH bound to: 64 - type: integer 
	Parameter AXI_DATA_WIDTH bound to: 256 - type: integer 
	Parameter AXI_ID_WIDTH bound to: 4 - type: integer 
	Parameter AXI_USER_WIDTH bound to: 4 - type: integer 
INFO: [Synth 8-6155] done synthesizing module 'AXI_BUS' (0#1) [/home/alex/Isolde/MatrixAcceleratorDemo/src/ips/axi/src/axi_intf.sv:20]
INFO: [Synth 8-6157] synthesizing module 'AXI_BUS' [/home/alex/Isolde/MatrixAcceleratorDemo/src/ips/axi/src/axi_intf.sv:20]
	Parameter AXI_ADDR_WIDTH bound to: 64 - type: integer 
	Parameter AXI_DATA_WIDTH bound to: 256 - type: integer 
	Parameter AXI_ID_WIDTH bound to: 4 - type: integer 
	Parameter AXI_USER_WIDTH bound to: 4 - type: integer 
INFO: [Synth 8-6155] done synthesizing module 'AXI_BUS' (0#1) [/home/alex/Isolde/MatrixAcceleratorDemo/src/ips/axi/src/axi_intf.sv:20]
INFO: [Synth 8-6157] synthesizing module 'AXI_BUS' [/home/alex/Isolde/MatrixAcceleratorDemo/src/ips/axi/src/axi_intf.sv:20]
	Parameter AXI_ADDR_WIDTH bound to: 64 - type: integer 
	Parameter AXI_DATA_WIDTH bound to: 256 - type: integer 
	Parameter AXI_ID_WIDTH bound to: 6 - type: integer 
	Parameter AXI_USER_WIDTH bound to: 4 - type: integer 
INFO: [Synth 8-6155] done synthesizing module 'AXI_BUS' (0#1) [/home/alex/Isolde/MatrixAcceleratorDemo/src/ips/axi/src/axi_intf.sv:20]
INFO: [Synth 8-6157] synthesizing module 'AXI_BUS' [/home/alex/Isolde/MatrixAcceleratorDemo/src/ips/axi/src/axi_intf.sv:20]
	Parameter AXI_ADDR_WIDTH bound to: 64 - type: integer 
	Parameter AXI_DATA_WIDTH bound to: 256 - type: integer 
	Parameter AXI_ID_WIDTH bound to: 6 - type: integer 
	Parameter AXI_USER_WIDTH bound to: 4 - type: integer 
INFO: [Synth 8-6155] done synthesizing module 'AXI_BUS' (0#1) [/home/alex/Isolde/MatrixAcceleratorDemo/src/ips/axi/src/axi_intf.sv:20]
INFO: [Synth 8-6157] synthesizing module 'AXI_BUS' [/home/alex/Isolde/MatrixAcceleratorDemo/src/ips/axi/src/axi_intf.sv:20]
	Parameter AXI_ADDR_WIDTH bound to: 64 - type: integer 
	Parameter AXI_DATA_WIDTH bound to: 256 - type: integer 
	Parameter AXI_ID_WIDTH bound to: 6 - type: integer 
	Parameter AXI_USER_WIDTH bound to: 4 - type: integer 
INFO: [Synth 8-6155] done synthesizing module 'AXI_BUS' (0#1) [/home/alex/Isolde/MatrixAcceleratorDemo/src/ips/axi/src/axi_intf.sv:20]
INFO: [Synth 8-6157] synthesizing module 'AXI_BUS' [/home/alex/Isolde/MatrixAcceleratorDemo/src/ips/axi/src/axi_intf.sv:20]
	Parameter AXI_ADDR_WIDTH bound to: 64 - type: integer 
	Parameter AXI_DATA_WIDTH bound to: 256 - type: integer 
	Parameter AXI_ID_WIDTH bound to: 6 - type: integer 
	Parameter AXI_USER_WIDTH bound to: 4 - type: integer 
INFO: [Synth 8-6155] done synthesizing module 'AXI_BUS' (0#1) [/home/alex/Isolde/MatrixAcceleratorDemo/src/ips/axi/src/axi_intf.sv:20]
INFO: [Synth 8-6157] synthesizing module 'AXI_BUS' [/home/alex/Isolde/MatrixAcceleratorDemo/src/ips/axi/src/axi_intf.sv:20]
	Parameter AXI_ADDR_WIDTH bound to: 64 - type: integer 
	Parameter AXI_DATA_WIDTH bound to: 32 - type: integer 
	Parameter AXI_ID_WIDTH bound to: 6 - type: integer 
	Parameter AXI_USER_WIDTH bound to: 4 - type: integer 
INFO: [Synth 8-6155] done synthesizing module 'AXI_BUS' (0#1) [/home/alex/Isolde/MatrixAcceleratorDemo/src/ips/axi/src/axi_intf.sv:20]
INFO: [Synth 8-6157] synthesizing module 'AXI_LITE' [/home/alex/Isolde/MatrixAcceleratorDemo/src/ips/axi/src/axi_intf.sv:410]
	Parameter AXI_ADDR_WIDTH bound to: 64 - type: integer 
	Parameter AXI_DATA_WIDTH bound to: 32 - type: integer 
INFO: [Synth 8-6155] done synthesizing module 'AXI_LITE' (0#1) [/home/alex/Isolde/MatrixAcceleratorDemo/src/ips/axi/src/axi_intf.sv:410]
INFO: [Synth 8-6157] synthesizing module 'AXI_BUS' [/home/alex/Isolde/MatrixAcceleratorDemo/src/ips/axi/src/axi_intf.sv:20]
	Parameter AXI_ADDR_WIDTH bound to: 64 - type: integer 
	Parameter AXI_DATA_WIDTH bound to: 32 - type: integer 
	Parameter AXI_ID_WIDTH bound to: 6 - type: integer 
	Parameter AXI_USER_WIDTH bound to: 4 - type: integer 
INFO: [Synth 8-6155] done synthesizing module 'AXI_BUS' (0#1) [/home/alex/Isolde/MatrixAcceleratorDemo/src/ips/axi/src/axi_intf.sv:20]
INFO: [Synth 8-6157] synthesizing module 'AXI_LITE' [/home/alex/Isolde/MatrixAcceleratorDemo/src/ips/axi/src/axi_intf.sv:410]
	Parameter AXI_ADDR_WIDTH bound to: 64 - type: integer 
	Parameter AXI_DATA_WIDTH bound to: 32 - type: integer 
INFO: [Synth 8-6155] done synthesizing module 'AXI_LITE' (0#1) [/home/alex/Isolde/MatrixAcceleratorDemo/src/ips/axi/src/axi_intf.sv:410]
INFO: [Synth 8-6157] synthesizing module 'matrix_accelerator_subsystem' [/home/alex/Isolde/MatrixAcceleratorDemo/src/rtl/matrix_accelerator_subsystem.sv:6]
	Parameter PRF_LOG_P bound to: 1 - type: integer 
	Parameter PRF_LOG_Q bound to: 1 - type: integer 
	Parameter PRF_LOG_N bound to: 10 - type: integer 
	Parameter PRF_LOG_M bound to: 10 - type: integer 
INFO: [Synth 8-6157] synthesizing module 'core_v_xif' [/home/alex/Isolde/MatrixAcceleratorDemo/src/ips/cv_x_if/src/core_v_xif.sv:27]
	Parameter X_NUM_RS bound to: 32'b00000000000000000000000000000010 
	Parameter X_ID_WIDTH bound to: 32'b00000000000000000000000000000011 
	Parameter X_RFR_WIDTH bound to: 32'b00000000000000000000000000100000 
	Parameter X_RFW_WIDTH bound to: 32'b00000000000000000000000000100000 
	Parameter X_NUM_HARTS bound to: 32'b00000000000000000000000000000001 
	Parameter X_HARTID_WIDTH bound to: 32'b00000000000000000000000000100000 
	Parameter X_MISA bound to: 26'b00000000000000000000000000 
	Parameter X_DUALREAD bound to: 32'b00000000000000000000000000000000 
	Parameter X_DUALWRITE bound to: 32'b00000000000000000000000000000000 
	Parameter X_ISSUE_REGISTER_SPLIT bound to: 32'b00000000000000000000000000000000 
	Parameter X_MEM_WIDTH bound to: 32'b00000000000000000000000001000000 
INFO: [Synth 8-6155] done synthesizing module 'core_v_xif' (0#1) [/home/alex/Isolde/MatrixAcceleratorDemo/src/ips/cv_x_if/src/core_v_xif.sv:27]
INFO: [Synth 8-6157] synthesizing module 'cva6' [/home/alex/Isolde/MatrixAcceleratorDemo/src/ips/ariane/core/cva6.sv:18]
	Parameter CVA6Cfg[XLEN] bound to: 32'b00000000000000000000000000100000 
	Parameter CVA6Cfg[VLEN] bound to: 32'b00000000000000000000000000100000 
	Parameter CVA6Cfg[PLEN] bound to: 32'b00000000000000000000000000100010 
	Parameter CVA6Cfg[GPLEN] bound to: 32'b00000000000000000000000000100010 
	Parameter CVA6Cfg[IS_XLEN32] bound to: 1'b1 
	Parameter CVA6Cfg[IS_XLEN64] bound to: 1'b0 
	Parameter CVA6Cfg[XLEN_ALIGN_BYTES] bound to: 32'b00000000000000000000000000000010 
	Parameter CVA6Cfg[ASID_WIDTH] bound to: 32'b00000000000000000000000000000001 
	Parameter CVA6Cfg[VMID_WIDTH] bound to: 32'b00000000000000000000000000000001 
	Parameter CVA6Cfg[FpgaEn] bound to: 1'b1 
	Parameter CVA6Cfg[FpgaAlteraEn] bound to: 1'b0 
	Parameter CVA6Cfg[TechnoCut] bound to: 1'b0 
	Parameter CVA6Cfg[SuperscalarEn] bound to: 1'b0 
	Parameter CVA6Cfg[NrCommitPorts] bound to: 32'b00000000000000000000000000000010 
	Parameter CVA6Cfg[NrIssuePorts] bound to: 32'b00000000000000000000000000000001 
	Parameter CVA6Cfg[SpeculativeSb] bound to: 1'b0 
	Parameter CVA6Cfg[NrLoadPipeRegs] bound to: 32'b00000000000000000000000000000001 
	Parameter CVA6Cfg[NrStorePipeRegs] bound to: 32'b00000000000000000000000000000000 
	Parameter CVA6Cfg[AxiAddrWidth] bound to: 32'b00000000000000000000000001000000 
	Parameter CVA6Cfg[AxiDataWidth] bound to: 32'b00000000000000000000000001000000 
	Parameter CVA6Cfg[AxiIdWidth] bound to: 32'b00000000000000000000000000000100 
	Parameter CVA6Cfg[AxiUserWidth] bound to: 32'b00000000000000000000000000000001 
	Parameter CVA6Cfg[MEM_TID_WIDTH] bound to: 32'b00000000000000000000000000000010 
	Parameter CVA6Cfg[NrLoadBufEntries] bound to: 32'b00000000000000000000000000000010 
	Parameter CVA6Cfg[RVF] bound to: 1'b0 
	Parameter CVA6Cfg[RVD] bound to: 1'b0 
	Parameter CVA6Cfg[XF16] bound to: 1'b0 
	Parameter CVA6Cfg[XF16ALT] bound to: 1'b0 
	Parameter CVA6Cfg[XF8] bound to: 1'b0 
	Parameter CVA6Cfg[RVA] bound to: 1'b0 
	Parameter CVA6Cfg[RVB] bound to: 1'b0 
	Parameter CVA6Cfg[ZKN] bound to: 1'b0 
	Parameter CVA6Cfg[RVV] bound to: 1'b0 
	Parameter CVA6Cfg[RVC] bound to: 1'b1 
	Parameter CVA6Cfg[RVH] bound to: 1'b0 
	Parameter CVA6Cfg[RVZCB] bound to: 1'b0 
	Parameter CVA6Cfg[RVZCMP] bound to: 1'b0 
	Parameter CVA6Cfg[RVZCMT] bound to: 1'b0 
	Parameter CVA6Cfg[XFVec] bound to: 1'b0 
	Parameter CVA6Cfg[CvxifEn] bound to: 1'b1 
	Parameter CVA6Cfg[CoproType] bound to: 32'sb00000000000000000000000000000000 
	Parameter CVA6Cfg[RVZiCond] bound to: 1'b0 
	Parameter CVA6Cfg[RVZicntr] bound to: 1'b1 
	Parameter CVA6Cfg[RVZihpm] bound to: 1'b1 
	Parameter CVA6Cfg[NR_SB_ENTRIES] bound to: 32'b00000000000000000000000000001000 
	Parameter CVA6Cfg[TRANS_ID_BITS] bound to: 32'b00000000000000000000000000000011 
	Parameter CVA6Cfg[FpPresent] bound to: 1'b0 
	Parameter CVA6Cfg[NSX] bound to: 1'b0 
	Parameter CVA6Cfg[FLen] bound to: 32'b00000000000000000000000000000001 
	Parameter CVA6Cfg[RVFVec] bound to: 1'b0 
	Parameter CVA6Cfg[XF16Vec] bound to: 1'b0 
	Parameter CVA6Cfg[XF16ALTVec] bound to: 1'b0 
	Parameter CVA6Cfg[XF8Vec] bound to: 1'b0 
	Parameter CVA6Cfg[NrRgprPorts] bound to: 32'b00000000000000000000000000000010 
	Parameter CVA6Cfg[NrWbPorts] bound to: 32'b00000000000000000000000000000101 
	Parameter CVA6Cfg[EnableAccelerator] bound to: 1'b0 
	Parameter CVA6Cfg[PerfCounterEn] bound to: 1'b1 
	Parameter CVA6Cfg[MmuPresent] bound to: 1'b0 
	Parameter CVA6Cfg[RVS] bound to: 1'b1 
	Parameter CVA6Cfg[RVU] bound to: 1'b1 
	Parameter CVA6Cfg[SoftwareInterruptEn] bound to: 1'b1 
	Parameter CVA6Cfg[HaltAddress] bound to: 64'b0000000000000000000000000000000000000000000000000000100000000000 
	Parameter CVA6Cfg[ExceptionAddress] bound to: 64'b0000000000000000000000000000000000000000000000000000100000001000 
	Parameter CVA6Cfg[RASDepth] bound to: 32'b00000000000000000000000000000010 
	Parameter CVA6Cfg[BTBEntries] bound to: 32'b00000000000000000000000000100000 
	Parameter CVA6Cfg[BPType] bound to: 1'b0 
	Parameter CVA6Cfg[BHTEntries] bound to: 32'b00000000000000000000000010000000 
	Parameter CVA6Cfg[BHTHist] bound to: 32'b00000000000000000000000000000011 
	Parameter CVA6Cfg[InstrTlbEntries] bound to: 32'b00000000000000000000000000000010 
	Parameter CVA6Cfg[DataTlbEntries] bound to: 32'b00000000000000000000000000000010 
	Parameter CVA6Cfg[UseSharedTlb] bound to: 1'b1 
	Parameter CVA6Cfg[SharedTlbDepth] bound to: 32'b00000000000000000000000001000000 
	Parameter CVA6Cfg[VpnLen] bound to: 32'b00000000000000000000000000010100 
	Parameter CVA6Cfg[PtLevels] bound to: 32'b00000000000000000000000000000010 
	Parameter CVA6Cfg[DmBaseAddress] bound to: 64'b0000000000000000000000000000000000000000000000000000000000000000 
	Parameter CVA6Cfg[TvalEn] bound to: 1'b1 
	Parameter CVA6Cfg[DirectVecOnly] bound to: 1'b0 
	Parameter CVA6Cfg[NrPMPEntries] bound to: 32'b00000000000000000000000000000000 
	Parameter CVA6Cfg[PMPCfgRstVal][63] bound to: 64'b0000000000000000000000000000000000000000000000000000000000000000 
	Parameter CVA6Cfg[PMPCfgRstVal][62] bound to: 64'b0000000000000000000000000000000000000000000000000000000000000000 
	Parameter CVA6Cfg[PMPCfgRstVal][61] bound to: 64'b0000000000000000000000000000000000000000000000000000000000000000 
	Parameter CVA6Cfg[PMPCfgRstVal][60] bound to: 64'b0000000000000000000000000000000000000000000000000000000000000000 
	Parameter CVA6Cfg[PMPCfgRstVal][59] bound to: 64'b0000000000000000000000000000000000000000000000000000000000000000 
	Parameter CVA6Cfg[PMPCfgRstVal][58] bound to: 64'b0000000000000000000000000000000000000000000000000000000000000000 
	Parameter CVA6Cfg[PMPCfgRstVal][57] bound to: 64'b0000000000000000000000000000000000000000000000000000000000000000 
	Parameter CVA6Cfg[PMPCfgRstVal][56] bound to: 64'b0000000000000000000000000000000000000000000000000000000000000000 
	Parameter CVA6Cfg[PMPCfgRstVal][55] bound to: 64'b0000000000000000000000000000000000000000000000000000000000000000 
	Parameter CVA6Cfg[PMPCfgRstVal][54] bound to: 64'b0000000000000000000000000000000000000000000000000000000000000000 
	Parameter CVA6Cfg[PMPCfgRstVal][53] bound to: 64'b0000000000000000000000000000000000000000000000000000000000000000 
	Parameter CVA6Cfg[PMPCfgRstVal][52] bound to: 64'b0000000000000000000000000000000000000000000000000000000000000000 
	Parameter CVA6Cfg[PMPCfgRstVal][51] bound to: 64'b0000000000000000000000000000000000000000000000000000000000000000 
	Parameter CVA6Cfg[PMPCfgRstVal][50] bound to: 64'b0000000000000000000000000000000000000000000000000000000000000000 
	Parameter CVA6Cfg[PMPCfgRstVal][49] bound to: 64'b0000000000000000000000000000000000000000000000000000000000000000 
	Parameter CVA6Cfg[PMPCfgRstVal][48] bound to: 64'b0000000000000000000000000000000000000000000000000000000000000000 
	Parameter CVA6Cfg[PMPCfgRstVal][47] bound to: 64'b0000000000000000000000000000000000000000000000000000000000000000 
	Parameter CVA6Cfg[PMPCfgRstVal][46] bound to: 64'b0000000000000000000000000000000000000000000000000000000000000000 
	Parameter CVA6Cfg[PMPCfgRstVal][45] bound to: 64'b0000000000000000000000000000000000000000000000000000000000000000 
	Parameter CVA6Cfg[PMPCfgRstVal][44] bound to: 64'b0000000000000000000000000000000000000000000000000000000000000000 
	Parameter CVA6Cfg[PMPCfgRstVal][43] bound to: 64'b0000000000000000000000000000000000000000000000000000000000000000 
	Parameter CVA6Cfg[PMPCfgRstVal][42] bound to: 64'b0000000000000000000000000000000000000000000000000000000000000000 
	Parameter CVA6Cfg[PMPCfgRstVal][41] bound to: 64'b0000000000000000000000000000000000000000000000000000000000000000 
	Parameter CVA6Cfg[PMPCfgRstVal][40] bound to: 64'b0000000000000000000000000000000000000000000000000000000000000000 
	Parameter CVA6Cfg[PMPCfgRstVal][39] bound to: 64'b0000000000000000000000000000000000000000000000000000000000000000 
	Parameter CVA6Cfg[PMPCfgRstVal][38] bound to: 64'b0000000000000000000000000000000000000000000000000000000000000000 
	Parameter CVA6Cfg[PMPCfgRstVal][37] bound to: 64'b0000000000000000000000000000000000000000000000000000000000000000 
	Parameter CVA6Cfg[PMPCfgRstVal][36] bound to: 64'b0000000000000000000000000000000000000000000000000000000000000000 
	Parameter CVA6Cfg[PMPCfgRstVal][35] bound to: 64'b0000000000000000000000000000000000000000000000000000000000000000 
	Parameter CVA6Cfg[PMPCfgRstVal][34] bound to: 64'b0000000000000000000000000000000000000000000000000000000000000000 
	Parameter CVA6Cfg[PMPCfgRstVal][33] bound to: 64'b0000000000000000000000000000000000000000000000000000000000000000 
	Parameter CVA6Cfg[PMPCfgRstVal][32] bound to: 64'b0000000000000000000000000000000000000000000000000000000000000000 
	Parameter CVA6Cfg[PMPCfgRstVal][31] bound to: 64'b0000000000000000000000000000000000000000000000000000000000000000 
	Parameter CVA6Cfg[PMPCfgRstVal][30] bound to: 64'b0000000000000000000000000000000000000000000000000000000000000000 
	Parameter CVA6Cfg[PMPCfgRstVal][29] bound to: 64'b0000000000000000000000000000000000000000000000000000000000000000 
	Parameter CVA6Cfg[PMPCfgRstVal][28] bound to: 64'b0000000000000000000000000000000000000000000000000000000000000000 
	Parameter CVA6Cfg[PMPCfgRstVal][27] bound to: 64'b0000000000000000000000000000000000000000000000000000000000000000 
	Parameter CVA6Cfg[PMPCfgRstVal][26] bound to: 64'b0000000000000000000000000000000000000000000000000000000000000000 
	Parameter CVA6Cfg[PMPCfgRstVal][25] bound to: 64'b0000000000000000000000000000000000000000000000000000000000000000 
	Parameter CVA6Cfg[PMPCfgRstVal][24] bound to: 64'b0000000000000000000000000000000000000000000000000000000000000000 
	Parameter CVA6Cfg[PMPCfgRstVal][23] bound to: 64'b0000000000000000000000000000000000000000000000000000000000000000 
	Parameter CVA6Cfg[PMPCfgRstVal][22] bound to: 64'b0000000000000000000000000000000000000000000000000000000000000000 
	Parameter CVA6Cfg[PMPCfgRstVal][21] bound to: 64'b0000000000000000000000000000000000000000000000000000000000000000 
	Parameter CVA6Cfg[PMPCfgRstVal][20] bound to: 64'b0000000000000000000000000000000000000000000000000000000000000000 
	Parameter CVA6Cfg[PMPCfgRstVal][19] bound to: 64'b0000000000000000000000000000000000000000000000000000000000000000 
	Parameter CVA6Cfg[PMPCfgRstVal][18] bound to: 64'b0000000000000000000000000000000000000000000000000000000000000000 
	Parameter CVA6Cfg[PMPCfgRstVal][17] bound to: 64'b0000000000000000000000000000000000000000000000000000000000000000 
	Parameter CVA6Cfg[PMPCfgRstVal][16] bound to: 64'b0000000000000000000000000000000000000000000000000000000000000000 
	Parameter CVA6Cfg[PMPCfgRstVal][15] bound to: 64'b0000000000000000000000000000000000000000000000000000000000000000 
	Parameter CVA6Cfg[PMPCfgRstVal][14] bound to: 64'b0000000000000000000000000000000000000000000000000000000000000000 
	Parameter CVA6Cfg[PMPCfgRstVal][13] bound to: 64'b0000000000000000000000000000000000000000000000000000000000000000 
	Parameter CVA6Cfg[PMPCfgRstVal][12] bound to: 64'b0000000000000000000000000000000000000000000000000000000000000000 
	Parameter CVA6Cfg[PMPCfgRstVal][11] bound to: 64'b0000000000000000000000000000000000000000000000000000000000000000 
	Parameter CVA6Cfg[PMPCfgRstVal][10] bound to: 64'b0000000000000000000000000000000000000000000000000000000000000000 
	Parameter CVA6Cfg[PMPCfgRstVal][9] bound to: 64'b0000000000000000000000000000000000000000000000000000000000000000 
	Parameter CVA6Cfg[PMPCfgRstVal][8] bound to: 64'b0000000000000000000000000000000000000000000000000000000000000000 
	Parameter CVA6Cfg[PMPCfgRstVal][7] bound to: 64'b0000000000000000000000000000000000000000000000000000000000000000 
	Parameter CVA6Cfg[PMPCfgRstVal][6] bound to: 64'b0000000000000000000000000000000000000000000000000000000000000000 
	Parameter CVA6Cfg[PMPCfgRstVal][5] bound to: 64'b0000000000000000000000000000000000000000000000000000000000000000 
	Parameter CVA6Cfg[PMPCfgRstVal][4] bound to: 64'b0000000000000000000000000000000000000000000000000000000000000000 
	Parameter CVA6Cfg[PMPCfgRstVal][3] bound to: 64'b0000000000000000000000000000000000000000000000000000000000000000 
	Parameter CVA6Cfg[PMPCfgRstVal][2] bound to: 64'b0000000000000000000000000000000000000000000000000000000000000000 
	Parameter CVA6Cfg[PMPCfgRstVal][1] bound to: 64'b0000000000000000000000000000000000000000000000000000000000000000 
	Parameter CVA6Cfg[PMPCfgRstVal][0] bound to: 64'b0000000000000000000000000000000000000000000000000000000000000000 
	Parameter CVA6Cfg[PMPAddrRstVal][63] bound to: 64'b0000000000000000000000000000000000000000000000000000000000000000 
	Parameter CVA6Cfg[PMPAddrRstVal][62] bound to: 64'b0000000000000000000000000000000000000000000000000000000000000000 
	Parameter CVA6Cfg[PMPAddrRstVal][61] bound to: 64'b0000000000000000000000000000000000000000000000000000000000000000 
	Parameter CVA6Cfg[PMPAddrRstVal][60] bound to: 64'b0000000000000000000000000000000000000000000000000000000000000000 
	Parameter CVA6Cfg[PMPAddrRstVal][59] bound to: 64'b0000000000000000000000000000000000000000000000000000000000000000 
	Parameter CVA6Cfg[PMPAddrRstVal][58] bound to: 64'b0000000000000000000000000000000000000000000000000000000000000000 
	Parameter CVA6Cfg[PMPAddrRstVal][57] bound to: 64'b0000000000000000000000000000000000000000000000000000000000000000 
	Parameter CVA6Cfg[PMPAddrRstVal][56] bound to: 64'b0000000000000000000000000000000000000000000000000000000000000000 
	Parameter CVA6Cfg[PMPAddrRstVal][55] bound to: 64'b0000000000000000000000000000000000000000000000000000000000000000 
	Parameter CVA6Cfg[PMPAddrRstVal][54] bound to: 64'b0000000000000000000000000000000000000000000000000000000000000000 
	Parameter CVA6Cfg[PMPAddrRstVal][53] bound to: 64'b0000000000000000000000000000000000000000000000000000000000000000 
	Parameter CVA6Cfg[PMPAddrRstVal][52] bound to: 64'b0000000000000000000000000000000000000000000000000000000000000000 
	Parameter CVA6Cfg[PMPAddrRstVal][51] bound to: 64'b0000000000000000000000000000000000000000000000000000000000000000 
	Parameter CVA6Cfg[PMPAddrRstVal][50] bound to: 64'b0000000000000000000000000000000000000000000000000000000000000000 
	Parameter CVA6Cfg[PMPAddrRstVal][49] bound to: 64'b0000000000000000000000000000000000000000000000000000000000000000 
	Parameter CVA6Cfg[PMPAddrRstVal][48] bound to: 64'b0000000000000000000000000000000000000000000000000000000000000000 
	Parameter CVA6Cfg[PMPAddrRstVal][47] bound to: 64'b0000000000000000000000000000000000000000000000000000000000000000 
	Parameter CVA6Cfg[PMPAddrRstVal][46] bound to: 64'b0000000000000000000000000000000000000000000000000000000000000000 
	Parameter CVA6Cfg[PMPAddrRstVal][45] bound to: 64'b0000000000000000000000000000000000000000000000000000000000000000 
	Parameter CVA6Cfg[PMPAddrRstVal][44] bound to: 64'b0000000000000000000000000000000000000000000000000000000000000000 
	Parameter CVA6Cfg[PMPAddrRstVal][43] bound to: 64'b0000000000000000000000000000000000000000000000000000000000000000 
	Parameter CVA6Cfg[PMPAddrRstVal][42] bound to: 64'b0000000000000000000000000000000000000000000000000000000000000000 
	Parameter CVA6Cfg[PMPAddrRstVal][41] bound to: 64'b0000000000000000000000000000000000000000000000000000000000000000 
	Parameter CVA6Cfg[PMPAddrRstVal][40] bound to: 64'b0000000000000000000000000000000000000000000000000000000000000000 
	Parameter CVA6Cfg[PMPAddrRstVal][39] bound to: 64'b0000000000000000000000000000000000000000000000000000000000000000 
	Parameter CVA6Cfg[PMPAddrRstVal][38] bound to: 64'b0000000000000000000000000000000000000000000000000000000000000000 
	Parameter CVA6Cfg[PMPAddrRstVal][37] bound to: 64'b0000000000000000000000000000000000000000000000000000000000000000 
	Parameter CVA6Cfg[PMPAddrRstVal][36] bound to: 64'b0000000000000000000000000000000000000000000000000000000000000000 
	Parameter CVA6Cfg[PMPAddrRstVal][35] bound to: 64'b0000000000000000000000000000000000000000000000000000000000000000 
	Parameter CVA6Cfg[PMPAddrRstVal][34] bound to: 64'b0000000000000000000000000000000000000000000000000000000000000000 
	Parameter CVA6Cfg[PMPAddrRstVal][33] bound to: 64'b0000000000000000000000000000000000000000000000000000000000000000 
	Parameter CVA6Cfg[PMPAddrRstVal][32] bound to: 64'b0000000000000000000000000000000000000000000000000000000000000000 
	Parameter CVA6Cfg[PMPAddrRstVal][31] bound to: 64'b0000000000000000000000000000000000000000000000000000000000000000 
	Parameter CVA6Cfg[PMPAddrRstVal][30] bound to: 64'b0000000000000000000000000000000000000000000000000000000000000000 
	Parameter CVA6Cfg[PMPAddrRstVal][29] bound to: 64'b0000000000000000000000000000000000000000000000000000000000000000 
	Parameter CVA6Cfg[PMPAddrRstVal][28] bound to: 64'b0000000000000000000000000000000000000000000000000000000000000000 
	Parameter CVA6Cfg[PMPAddrRstVal][27] bound to: 64'b0000000000000000000000000000000000000000000000000000000000000000 
	Parameter CVA6Cfg[PMPAddrRstVal][26] bound to: 64'b0000000000000000000000000000000000000000000000000000000000000000 
	Parameter CVA6Cfg[PMPAddrRstVal][25] bound to: 64'b0000000000000000000000000000000000000000000000000000000000000000 
	Parameter CVA6Cfg[PMPAddrRstVal][24] bound to: 64'b0000000000000000000000000000000000000000000000000000000000000000 
	Parameter CVA6Cfg[PMPAddrRstVal][23] bound to: 64'b0000000000000000000000000000000000000000000000000000000000000000 
	Parameter CVA6Cfg[PMPAddrRstVal][22] bound to: 64'b0000000000000000000000000000000000000000000000000000000000000000 
	Parameter CVA6Cfg[PMPAddrRstVal][21] bound to: 64'b0000000000000000000000000000000000000000000000000000000000000000 
	Parameter CVA6Cfg[PMPAddrRstVal][20] bound to: 64'b0000000000000000000000000000000000000000000000000000000000000000 
	Parameter CVA6Cfg[PMPAddrRstVal][19] bound to: 64'b0000000000000000000000000000000000000000000000000000000000000000 
	Parameter CVA6Cfg[PMPAddrRstVal][18] bound to: 64'b0000000000000000000000000000000000000000000000000000000000000000 
	Parameter CVA6Cfg[PMPAddrRstVal][17] bound to: 64'b0000000000000000000000000000000000000000000000000000000000000000 
	Parameter CVA6Cfg[PMPAddrRstVal][16] bound to: 64'b0000000000000000000000000000000000000000000000000000000000000000 
	Parameter CVA6Cfg[PMPAddrRstVal][15] bound to: 64'b0000000000000000000000000000000000000000000000000000000000000000 
	Parameter CVA6Cfg[PMPAddrRstVal][14] bound to: 64'b0000000000000000000000000000000000000000000000000000000000000000 
	Parameter CVA6Cfg[PMPAddrRstVal][13] bound to: 64'b0000000000000000000000000000000000000000000000000000000000000000 
	Parameter CVA6Cfg[PMPAddrRstVal][12] bound to: 64'b0000000000000000000000000000000000000000000000000000000000000000 
	Parameter CVA6Cfg[PMPAddrRstVal][11] bound to: 64'b0000000000000000000000000000000000000000000000000000000000000000 
	Parameter CVA6Cfg[PMPAddrRstVal][10] bound to: 64'b0000000000000000000000000000000000000000000000000000000000000000 
	Parameter CVA6Cfg[PMPAddrRstVal][9] bound to: 64'b0000000000000000000000000000000000000000000000000000000000000000 
	Parameter CVA6Cfg[PMPAddrRstVal][8] bound to: 64'b0000000000000000000000000000000000000000000000000000000000000000 
	Parameter CVA6Cfg[PMPAddrRstVal][7] bound to: 64'b0000000000000000000000000000000000000000000000000000000000000000 
	Parameter CVA6Cfg[PMPAddrRstVal][6] bound to: 64'b0000000000000000000000000000000000000000000000000000000000000000 
	Parameter CVA6Cfg[PMPAddrRstVal][5] bound to: 64'b0000000000000000000000000000000000000000000000000000000000000000 
	Parameter CVA6Cfg[PMPAddrRstVal][4] bound to: 64'b0000000000000000000000000000000000000000000000000000000000000000 
	Parameter CVA6Cfg[PMPAddrRstVal][3] bound to: 64'b0000000000000000000000000000000000000000000000000000000000000000 
	Parameter CVA6Cfg[PMPAddrRstVal][2] bound to: 64'b0000000000000000000000000000000000000000000000000000000000000000 
	Parameter CVA6Cfg[PMPAddrRstVal][1] bound to: 64'b0000000000000000000000000000000000000000000000000000000000000000 
	Parameter CVA6Cfg[PMPAddrRstVal][0] bound to: 64'b0000000000000000000000000000000000000000000000000000000000000000 
	Parameter CVA6Cfg[PMPEntryReadOnly] bound to: 64'b0000000000000000000000000000000000000000000000000000000000000000 
	Parameter CVA6Cfg[PMPNapotEn] bound to: 1'b0 
	Parameter CVA6Cfg[NOCType] bound to: 32'sb00000000000000000000000000000000 
	Parameter CVA6Cfg[NrNonIdempotentRules] bound to: 32'b00000000000000000000000000000010 
	Parameter CVA6Cfg[NonIdempotentAddrBase][15] bound to: 64'b0000000000000000000000000000000000000000000000000000000000000000 
	Parameter CVA6Cfg[NonIdempotentAddrBase][14] bound to: 64'b0000000000000000000000000000000000000000000000000000000000000000 
	Parameter CVA6Cfg[NonIdempotentAddrBase][13] bound to: 64'b0000000000000000000000000000000000000000000000000000000000000000 
	Parameter CVA6Cfg[NonIdempotentAddrBase][12] bound to: 64'b0000000000000000000000000000000000000000000000000000000000000000 
	Parameter CVA6Cfg[NonIdempotentAddrBase][11] bound to: 64'b0000000000000000000000000000000000000000000000000000000000000000 
	Parameter CVA6Cfg[NonIdempotentAddrBase][10] bound to: 64'b0000000000000000000000000000000000000000000000000000000000000000 
	Parameter CVA6Cfg[NonIdempotentAddrBase][9] bound to: 64'b0000000000000000000000000000000000000000000000000000000000000000 
	Parameter CVA6Cfg[NonIdempotentAddrBase][8] bound to: 64'b0000000000000000000000000000000000000000000000000000000000000000 
	Parameter CVA6Cfg[NonIdempotentAddrBase][7] bound to: 64'b0000000000000000000000000000000000000000000000000000000000000000 
	Parameter CVA6Cfg[NonIdempotentAddrBase][6] bound to: 64'b0000000000000000000000000000000000000000000000000000000000000000 
	Parameter CVA6Cfg[NonIdempotentAddrBase][5] bound to: 64'b0000000000000000000000000000000000000000000000000000000000000000 
	Parameter CVA6Cfg[NonIdempotentAddrBase][4] bound to: 64'b0000000000000000000000000000000000000000000000000000000000000000 
	Parameter CVA6Cfg[NonIdempotentAddrBase][3] bound to: 64'b0000000000000000000000000000000000000000000000000000000000000000 
	Parameter CVA6Cfg[NonIdempotentAddrBase][2] bound to: 64'b0000000000000000000000000000000000000000000000000000000000000000 
	Parameter CVA6Cfg[NonIdempotentAddrBase][1] bound to: 64'b0000000000000000000000000000000011000000000000000000000000000000 
	Parameter CVA6Cfg[NonIdempotentAddrBase][0] bound to: 64'b0000000000000000000000000000000011010000000000000000000000000000 
	Parameter CVA6Cfg[NonIdempotentLength][15] bound to: 64'b0000000000000000000000000000000000000000000000000000000000000000 
	Parameter CVA6Cfg[NonIdempotentLength][14] bound to: 64'b0000000000000000000000000000000000000000000000000000000000000000 
	Parameter CVA6Cfg[NonIdempotentLength][13] bound to: 64'b0000000000000000000000000000000000000000000000000000000000000000 
	Parameter CVA6Cfg[NonIdempotentLength][12] bound to: 64'b0000000000000000000000000000000000000000000000000000000000000000 
	Parameter CVA6Cfg[NonIdempotentLength][11] bound to: 64'b0000000000000000000000000000000000000000000000000000000000000000 
	Parameter CVA6Cfg[NonIdempotentLength][10] bound to: 64'b0000000000000000000000000000000000000000000000000000000000000000 
	Parameter CVA6Cfg[NonIdempotentLength][9] bound to: 64'b0000000000000000000000000000000000000000000000000000000000000000 
	Parameter CVA6Cfg[NonIdempotentLength][8] bound to: 64'b0000000000000000000000000000000000000000000000000000000000000000 
	Parameter CVA6Cfg[NonIdempotentLength][7] bound to: 64'b0000000000000000000000000000000000000000000000000000000000000000 
	Parameter CVA6Cfg[NonIdempotentLength][6] bound to: 64'b0000000000000000000000000000000000000000000000000000000000000000 
	Parameter CVA6Cfg[NonIdempotentLength][5] bound to: 64'b0000000000000000000000000000000000000000000000000000000000000000 
	Parameter CVA6Cfg[NonIdempotentLength][4] bound to: 64'b0000000000000000000000000000000000000000000000000000000000000000 
	Parameter CVA6Cfg[NonIdempotentLength][3] bound to: 64'b0000000000000000000000000000000000000000000000000000000000000000 
	Parameter CVA6Cfg[NonIdempotentLength][2] bound to: 64'b0000000000000000000000000000000000000000000000000000000000000000 
	Parameter CVA6Cfg[NonIdempotentLength][1] bound to: 64'b0000000000000000000000000000000000000000000000100000000000000000 
	Parameter CVA6Cfg[NonIdempotentLength][0] bound to: 64'b0000000000000000000000000000000000000000000000000000000000010000 
	Parameter CVA6Cfg[NrExecuteRegionRules] bound to: 32'b00000000000000000000000000000011 
	Parameter CVA6Cfg[ExecuteRegionAddrBase][15] bound to: 64'b0000000000000000000000000000000000000000000000000000000000000000 
	Parameter CVA6Cfg[ExecuteRegionAddrBase][14] bound to: 64'b0000000000000000000000000000000000000000000000000000000000000000 
	Parameter CVA6Cfg[ExecuteRegionAddrBase][13] bound to: 64'b0000000000000000000000000000000000000000000000000000000000000000 
	Parameter CVA6Cfg[ExecuteRegionAddrBase][12] bound to: 64'b0000000000000000000000000000000000000000000000000000000000000000 
	Parameter CVA6Cfg[ExecuteRegionAddrBase][11] bound to: 64'b0000000000000000000000000000000000000000000000000000000000000000 
	Parameter CVA6Cfg[ExecuteRegionAddrBase][10] bound to: 64'b0000000000000000000000000000000000000000000000000000000000000000 
	Parameter CVA6Cfg[ExecuteRegionAddrBase][9] bound to: 64'b0000000000000000000000000000000000000000000000000000000000000000 
	Parameter CVA6Cfg[ExecuteRegionAddrBase][8] bound to: 64'b0000000000000000000000000000000000000000000000000000000000000000 
	Parameter CVA6Cfg[ExecuteRegionAddrBase][7] bound to: 64'b0000000000000000000000000000000000000000000000000000000000000000 
	Parameter CVA6Cfg[ExecuteRegionAddrBase][6] bound to: 64'b0000000000000000000000000000000000000000000000000000000000000000 
	Parameter CVA6Cfg[ExecuteRegionAddrBase][5] bound to: 64'b0000000000000000000000000000000000000000000000000000000000000000 
	Parameter CVA6Cfg[ExecuteRegionAddrBase][4] bound to: 64'b0000000000000000000000000000000000000000000000000000000000000000 
	Parameter CVA6Cfg[ExecuteRegionAddrBase][3] bound to: 64'b0000000000000000000000000000000000000000000000000000000000000000 
	Parameter CVA6Cfg[ExecuteRegionAddrBase][2] bound to: 64'b0000000000000000000000000000000010000000000000000000000000000000 
	Parameter CVA6Cfg[ExecuteRegionAddrBase][1] bound to: 64'b0000000000000000000000000000000000000000000000010000000000000000 
	Parameter CVA6Cfg[ExecuteRegionAddrBase][0] bound to: 64'b0000000000000000000000000000000000000000000000000000000000000000 
	Parameter CVA6Cfg[ExecuteRegionLength][15] bound to: 64'b0000000000000000000000000000000000000000000000000000000000000000 
	Parameter CVA6Cfg[ExecuteRegionLength][14] bound to: 64'b0000000000000000000000000000000000000000000000000000000000000000 
	Parameter CVA6Cfg[ExecuteRegionLength][13] bound to: 64'b0000000000000000000000000000000000000000000000000000000000000000 
	Parameter CVA6Cfg[ExecuteRegionLength][12] bound to: 64'b0000000000000000000000000000000000000000000000000000000000000000 
	Parameter CVA6Cfg[ExecuteRegionLength][11] bound to: 64'b0000000000000000000000000000000000000000000000000000000000000000 
	Parameter CVA6Cfg[ExecuteRegionLength][10] bound to: 64'b0000000000000000000000000000000000000000000000000000000000000000 
	Parameter CVA6Cfg[ExecuteRegionLength][9] bound to: 64'b0000000000000000000000000000000000000000000000000000000000000000 
	Parameter CVA6Cfg[ExecuteRegionLength][8] bound to: 64'b0000000000000000000000000000000000000000000000000000000000000000 
	Parameter CVA6Cfg[ExecuteRegionLength][7] bound to: 64'b0000000000000000000000000000000000000000000000000000000000000000 
	Parameter CVA6Cfg[ExecuteRegionLength][6] bound to: 64'b0000000000000000000000000000000000000000000000000000000000000000 
	Parameter CVA6Cfg[ExecuteRegionLength][5] bound to: 64'b0000000000000000000000000000000000000000000000000000000000000000 
	Parameter CVA6Cfg[ExecuteRegionLength][4] bound to: 64'b0000000000000000000000000000000000000000000000000000000000000000 
	Parameter CVA6Cfg[ExecuteRegionLength][3] bound to: 64'b0000000000000000000000000000000000000000000000000000000000000000 
	Parameter CVA6Cfg[ExecuteRegionLength][2] bound to: 64'b0000000000000000000000000000000000000010000000000000000000000000 
	Parameter CVA6Cfg[ExecuteRegionLength][1] bound to: 64'b0000000000000000000000000000000000000000000000010000000000000000 
	Parameter CVA6Cfg[ExecuteRegionLength][0] bound to: 64'b0000000000000000000000000000000000000000000000000001000000000000 
	Parameter CVA6Cfg[NrCachedRegionRules] bound to: 32'b00000000000000000000000000000001 
	Parameter CVA6Cfg[CachedRegionAddrBase][15] bound to: 64'b0000000000000000000000000000000000000000000000000000000000000000 
	Parameter CVA6Cfg[CachedRegionAddrBase][14] bound to: 64'b0000000000000000000000000000000000000000000000000000000000000000 
	Parameter CVA6Cfg[CachedRegionAddrBase][13] bound to: 64'b0000000000000000000000000000000000000000000000000000000000000000 
	Parameter CVA6Cfg[CachedRegionAddrBase][12] bound to: 64'b0000000000000000000000000000000000000000000000000000000000000000 
	Parameter CVA6Cfg[CachedRegionAddrBase][11] bound to: 64'b0000000000000000000000000000000000000000000000000000000000000000 
	Parameter CVA6Cfg[CachedRegionAddrBase][10] bound to: 64'b0000000000000000000000000000000000000000000000000000000000000000 
	Parameter CVA6Cfg[CachedRegionAddrBase][9] bound to: 64'b0000000000000000000000000000000000000000000000000000000000000000 
	Parameter CVA6Cfg[CachedRegionAddrBase][8] bound to: 64'b0000000000000000000000000000000000000000000000000000000000000000 
	Parameter CVA6Cfg[CachedRegionAddrBase][7] bound to: 64'b0000000000000000000000000000000000000000000000000000000000000000 
	Parameter CVA6Cfg[CachedRegionAddrBase][6] bound to: 64'b0000000000000000000000000000000000000000000000000000000000000000 
	Parameter CVA6Cfg[CachedRegionAddrBase][5] bound to: 64'b0000000000000000000000000000000000000000000000000000000000000000 
	Parameter CVA6Cfg[CachedRegionAddrBase][4] bound to: 64'b0000000000000000000000000000000000000000000000000000000000000000 
	Parameter CVA6Cfg[CachedRegionAddrBase][3] bound to: 64'b0000000000000000000000000000000000000000000000000000000000000000 
	Parameter CVA6Cfg[CachedRegionAddrBase][2] bound to: 64'b0000000000000000000000000000000000000000000000000000000000000000 
	Parameter CVA6Cfg[CachedRegionAddrBase][1] bound to: 64'b0000000000000000000000000000000000000000000000000000000000000000 
	Parameter CVA6Cfg[CachedRegionAddrBase][0] bound to: 64'b0000000000000000000000000000000010000000000000000000000000000000 
	Parameter CVA6Cfg[CachedRegionLength][15] bound to: 64'b0000000000000000000000000000000000000000000000000000000000000000 
	Parameter CVA6Cfg[CachedRegionLength][14] bound to: 64'b0000000000000000000000000000000000000000000000000000000000000000 
	Parameter CVA6Cfg[CachedRegionLength][13] bound to: 64'b0000000000000000000000000000000000000000000000000000000000000000 
	Parameter CVA6Cfg[CachedRegionLength][12] bound to: 64'b0000000000000000000000000000000000000000000000000000000000000000 
	Parameter CVA6Cfg[CachedRegionLength][11] bound to: 64'b0000000000000000000000000000000000000000000000000000000000000000 
	Parameter CVA6Cfg[CachedRegionLength][10] bound to: 64'b0000000000000000000000000000000000000000000000000000000000000000 
	Parameter CVA6Cfg[CachedRegionLength][9] bound to: 64'b0000000000000000000000000000000000000000000000000000000000000000 
	Parameter CVA6Cfg[CachedRegionLength][8] bound to: 64'b0000000000000000000000000000000000000000000000000000000000000000 
	Parameter CVA6Cfg[CachedRegionLength][7] bound to: 64'b0000000000000000000000000000000000000000000000000000000000000000 
	Parameter CVA6Cfg[CachedRegionLength][6] bound to: 64'b0000000000000000000000000000000000000000000000000000000000000000 
	Parameter CVA6Cfg[CachedRegionLength][5] bound to: 64'b0000000000000000000000000000000000000000000000000000000000000000 
	Parameter CVA6Cfg[CachedRegionLength][4] bound to: 64'b0000000000000000000000000000000000000000000000000000000000000000 
	Parameter CVA6Cfg[CachedRegionLength][3] bound to: 64'b0000000000000000000000000000000000000000000000000000000000000000 
	Parameter CVA6Cfg[CachedRegionLength][2] bound to: 64'b0000000000000000000000000000000000000000000000000000000000000000 
	Parameter CVA6Cfg[CachedRegionLength][1] bound to: 64'b0000000000000000000000000000000000000000000000000000000000000000 
	Parameter CVA6Cfg[CachedRegionLength][0] bound to: 64'b0000000000000000000000000000000000000010000000000000000000000000 
	Parameter CVA6Cfg[MaxOutstandingStores] bound to: 32'b00000000000000000000000000000111 
	Parameter CVA6Cfg[DebugEn] bound to: 1'b0 
	Parameter CVA6Cfg[NonIdemPotenceEn] bound to: 1'b1 
	Parameter CVA6Cfg[AxiBurstWriteEn] bound to: 1'b1 
	Parameter CVA6Cfg[ICACHE_SET_ASSOC] bound to: 32'b00000000000000000000000000000100 
	Parameter CVA6Cfg[ICACHE_SET_ASSOC_WIDTH] bound to: 32'b00000000000000000000000000000010 
	Parameter CVA6Cfg[ICACHE_INDEX_WIDTH] bound to: 32'b00000000000000000000000000001010 
	Parameter CVA6Cfg[ICACHE_TAG_WIDTH] bound to: 32'b00000000000000000000000000011000 
	Parameter CVA6Cfg[ICACHE_LINE_WIDTH] bound to: 32'b00000000000000000000000010000000 
	Parameter CVA6Cfg[ICACHE_USER_LINE_WIDTH] bound to: 32'b00000000000000000000000000000100 
	Parameter CVA6Cfg[DCacheType] bound to: 3'b001 
	Parameter CVA6Cfg[DcacheIdWidth] bound to: 32'b00000000000000000000000000000001 
	Parameter CVA6Cfg[DCACHE_SET_ASSOC] bound to: 32'b00000000000000000000000000000100 
	Parameter CVA6Cfg[DCACHE_SET_ASSOC_WIDTH] bound to: 32'b00000000000000000000000000000010 
	Parameter CVA6Cfg[DCACHE_INDEX_WIDTH] bound to: 32'b00000000000000000000000000001011 
	Parameter CVA6Cfg[DCACHE_TAG_WIDTH] bound to: 32'b00000000000000000000000000010111 
	Parameter CVA6Cfg[DCACHE_LINE_WIDTH] bound to: 32'b00000000000000000000000100000000 
	Parameter CVA6Cfg[DCACHE_USER_LINE_WIDTH] bound to: 32'b00000000000000000000000000000100 
	Parameter CVA6Cfg[DCACHE_USER_WIDTH] bound to: 32'b00000000000000000000000000000001 
	Parameter CVA6Cfg[DCACHE_OFFSET_WIDTH] bound to: 32'b00000000000000000000000000000101 
	Parameter CVA6Cfg[DCACHE_NUM_WORDS] bound to: 32'b00000000000000000000000001000000 
	Parameter CVA6Cfg[DCACHE_MAX_TX] bound to: 32'b00000000000000000000000000000100 
	Parameter CVA6Cfg[DcacheFlushOnFence] bound to: 1'b0 
	Parameter CVA6Cfg[DcacheInvalidateOnFlush] bound to: 1'b0 
	Parameter CVA6Cfg[DATA_USER_EN] bound to: 32'b00000000000000000000000000000000 
	Parameter CVA6Cfg[WtDcacheWbufDepth] bound to: 32'b00000000000000000000000000001000 
	Parameter CVA6Cfg[FETCH_USER_WIDTH] bound to: 32'b00000000000000000000000000100000 
	Parameter CVA6Cfg[FETCH_USER_EN] bound to: 32'b00000000000000000000000000000000 
	Parameter CVA6Cfg[AXI_USER_EN] bound to: 1'b0 
	Parameter CVA6Cfg[FETCH_WIDTH] bound to: 32'b00000000000000000000000000100000 
	Parameter CVA6Cfg[FETCH_ALIGN_BITS] bound to: 32'b00000000000000000000000000000010 
	Parameter CVA6Cfg[INSTR_PER_FETCH] bound to: 32'b00000000000000000000000000000010 
	Parameter CVA6Cfg[LOG2_INSTR_PER_FETCH] bound to: 32'b00000000000000000000000000000001 
	Parameter CVA6Cfg[ModeW] bound to: 32'b00000000000000000000000000000001 
	Parameter CVA6Cfg[ASIDW] bound to: 32'b00000000000000000000000000001001 
	Parameter CVA6Cfg[VMIDW] bound to: 32'b00000000000000000000000000000111 
	Parameter CVA6Cfg[PPNW] bound to: 32'b00000000000000000000000000010110 
	Parameter CVA6Cfg[GPPNW] bound to: 32'b00000000000000000000000000010110 
	Parameter CVA6Cfg[MODE_SV] bound to: 4'b0001 
	Parameter CVA6Cfg[SV] bound to: 32'b00000000000000000000000000100000 
	Parameter CVA6Cfg[SVX] bound to: 32'b00000000000000000000000000100010 
	Parameter CVA6Cfg[X_NUM_RS] bound to: 32'b00000000000000000000000000000010 
	Parameter CVA6Cfg[X_ID_WIDTH] bound to: 32'b00000000000000000000000000000011 
	Parameter CVA6Cfg[X_RFR_WIDTH] bound to: 32'b00000000000000000000000000100000 
	Parameter CVA6Cfg[X_RFW_WIDTH] bound to: 32'b00000000000000000000000000100000 
	Parameter CVA6Cfg[X_NUM_HARTS] bound to: 32'b00000000000000000000000000000001 
	Parameter CVA6Cfg[X_HARTID_WIDTH] bound to: 32'b00000000000000000000000000100000 
	Parameter CVA6Cfg[X_DUALREAD] bound to: 32'b00000000000000000000000000000000 
	Parameter CVA6Cfg[X_DUALWRITE] bound to: 32'b00000000000000000000000000000000 
	Parameter CVA6Cfg[X_ISSUE_REGISTER_SPLIT] bound to: 32'b00000000000000000000000000000000 
INFO: [Synth 8-6157] synthesizing module 'perf_counters' [/home/alex/Isolde/MatrixAcceleratorDemo/src/ips/ariane/core/perf_counters.sv:16]
	Parameter CVA6Cfg[XLEN] bound to: 32'b00000000000000000000000000100000 
	Parameter CVA6Cfg[VLEN] bound to: 32'b00000000000000000000000000100000 
	Parameter CVA6Cfg[PLEN] bound to: 32'b00000000000000000000000000100010 
	Parameter CVA6Cfg[GPLEN] bound to: 32'b00000000000000000000000000100010 
	Parameter CVA6Cfg[IS_XLEN32] bound to: 1'b1 
	Parameter CVA6Cfg[IS_XLEN64] bound to: 1'b0 
	Parameter CVA6Cfg[XLEN_ALIGN_BYTES] bound to: 32'b00000000000000000000000000000010 
	Parameter CVA6Cfg[ASID_WIDTH] bound to: 32'b00000000000000000000000000000001 
	Parameter CVA6Cfg[VMID_WIDTH] bound to: 32'b00000000000000000000000000000001 
	Parameter CVA6Cfg[FpgaEn] bound to: 1'b1 
	Parameter CVA6Cfg[FpgaAlteraEn] bound to: 1'b0 
	Parameter CVA6Cfg[TechnoCut] bound to: 1'b0 
	Parameter CVA6Cfg[SuperscalarEn] bound to: 1'b0 
	Parameter CVA6Cfg[NrCommitPorts] bound to: 32'b00000000000000000000000000000010 
	Parameter CVA6Cfg[NrIssuePorts] bound to: 32'b00000000000000000000000000000001 
	Parameter CVA6Cfg[SpeculativeSb] bound to: 1'b0 
	Parameter CVA6Cfg[NrLoadPipeRegs] bound to: 32'b00000000000000000000000000000001 
	Parameter CVA6Cfg[NrStorePipeRegs] bound to: 32'b00000000000000000000000000000000 
	Parameter CVA6Cfg[AxiAddrWidth] bound to: 32'b00000000000000000000000001000000 
	Parameter CVA6Cfg[AxiDataWidth] bound to: 32'b00000000000000000000000001000000 
	Parameter CVA6Cfg[AxiIdWidth] bound to: 32'b00000000000000000000000000000100 
	Parameter CVA6Cfg[AxiUserWidth] bound to: 32'b00000000000000000000000000000001 
	Parameter CVA6Cfg[MEM_TID_WIDTH] bound to: 32'b00000000000000000000000000000010 
	Parameter CVA6Cfg[NrLoadBufEntries] bound to: 32'b00000000000000000000000000000010 
	Parameter CVA6Cfg[RVF] bound to: 1'b0 
	Parameter CVA6Cfg[RVD] bound to: 1'b0 
	Parameter CVA6Cfg[XF16] bound to: 1'b0 
	Parameter CVA6Cfg[XF16ALT] bound to: 1'b0 
	Parameter CVA6Cfg[XF8] bound to: 1'b0 
	Parameter CVA6Cfg[RVA] bound to: 1'b0 
	Parameter CVA6Cfg[RVB] bound to: 1'b0 
	Parameter CVA6Cfg[ZKN] bound to: 1'b0 
	Parameter CVA6Cfg[RVV] bound to: 1'b0 
	Parameter CVA6Cfg[RVC] bound to: 1'b1 
	Parameter CVA6Cfg[RVH] bound to: 1'b0 
	Parameter CVA6Cfg[RVZCB] bound to: 1'b0 
	Parameter CVA6Cfg[RVZCMP] bound to: 1'b0 
	Parameter CVA6Cfg[RVZCMT] bound to: 1'b0 
	Parameter CVA6Cfg[XFVec] bound to: 1'b0 
	Parameter CVA6Cfg[CvxifEn] bound to: 1'b1 
	Parameter CVA6Cfg[CoproType] bound to: 32'sb00000000000000000000000000000000 
	Parameter CVA6Cfg[RVZiCond] bound to: 1'b0 
	Parameter CVA6Cfg[RVZicntr] bound to: 1'b1 
	Parameter CVA6Cfg[RVZihpm] bound to: 1'b1 
	Parameter CVA6Cfg[NR_SB_ENTRIES] bound to: 32'b00000000000000000000000000001000 
	Parameter CVA6Cfg[TRANS_ID_BITS] bound to: 32'b00000000000000000000000000000011 
	Parameter CVA6Cfg[FpPresent] bound to: 1'b0 
	Parameter CVA6Cfg[NSX] bound to: 1'b0 
	Parameter CVA6Cfg[FLen] bound to: 32'b00000000000000000000000000000001 
	Parameter CVA6Cfg[RVFVec] bound to: 1'b0 
	Parameter CVA6Cfg[XF16Vec] bound to: 1'b0 
	Parameter CVA6Cfg[XF16ALTVec] bound to: 1'b0 
	Parameter CVA6Cfg[XF8Vec] bound to: 1'b0 
	Parameter CVA6Cfg[NrRgprPorts] bound to: 32'b00000000000000000000000000000010 
	Parameter CVA6Cfg[NrWbPorts] bound to: 32'b00000000000000000000000000000101 
	Parameter CVA6Cfg[EnableAccelerator] bound to: 1'b0 
	Parameter CVA6Cfg[PerfCounterEn] bound to: 1'b1 
	Parameter CVA6Cfg[MmuPresent] bound to: 1'b0 
	Parameter CVA6Cfg[RVS] bound to: 1'b1 
	Parameter CVA6Cfg[RVU] bound to: 1'b1 
	Parameter CVA6Cfg[SoftwareInterruptEn] bound to: 1'b1 
	Parameter CVA6Cfg[HaltAddress] bound to: 64'b0000000000000000000000000000000000000000000000000000100000000000 
	Parameter CVA6Cfg[ExceptionAddress] bound to: 64'b0000000000000000000000000000000000000000000000000000100000001000 
	Parameter CVA6Cfg[RASDepth] bound to: 32'b00000000000000000000000000000010 
	Parameter CVA6Cfg[BTBEntries] bound to: 32'b00000000000000000000000000100000 
	Parameter CVA6Cfg[BPType] bound to: 1'b0 
	Parameter CVA6Cfg[BHTEntries] bound to: 32'b00000000000000000000000010000000 
	Parameter CVA6Cfg[BHTHist] bound to: 32'b00000000000000000000000000000011 
	Parameter CVA6Cfg[InstrTlbEntries] bound to: 32'b00000000000000000000000000000010 
	Parameter CVA6Cfg[DataTlbEntries] bound to: 32'b00000000000000000000000000000010 
	Parameter CVA6Cfg[UseSharedTlb] bound to: 1'b1 
	Parameter CVA6Cfg[SharedTlbDepth] bound to: 32'b00000000000000000000000001000000 
	Parameter CVA6Cfg[VpnLen] bound to: 32'b00000000000000000000000000010100 
	Parameter CVA6Cfg[PtLevels] bound to: 32'b00000000000000000000000000000010 
	Parameter CVA6Cfg[DmBaseAddress] bound to: 64'b0000000000000000000000000000000000000000000000000000000000000000 
	Parameter CVA6Cfg[TvalEn] bound to: 1'b1 
	Parameter CVA6Cfg[DirectVecOnly] bound to: 1'b0 
	Parameter CVA6Cfg[NrPMPEntries] bound to: 32'b00000000000000000000000000000000 
	Parameter CVA6Cfg[PMPCfgRstVal][63] bound to: 64'b0000000000000000000000000000000000000000000000000000000000000000 
	Parameter CVA6Cfg[PMPCfgRstVal][62] bound to: 64'b0000000000000000000000000000000000000000000000000000000000000000 
	Parameter CVA6Cfg[PMPCfgRstVal][61] bound to: 64'b0000000000000000000000000000000000000000000000000000000000000000 
	Parameter CVA6Cfg[PMPCfgRstVal][60] bound to: 64'b0000000000000000000000000000000000000000000000000000000000000000 
	Parameter CVA6Cfg[PMPCfgRstVal][59] bound to: 64'b0000000000000000000000000000000000000000000000000000000000000000 
	Parameter CVA6Cfg[PMPCfgRstVal][58] bound to: 64'b0000000000000000000000000000000000000000000000000000000000000000 
	Parameter CVA6Cfg[PMPCfgRstVal][57] bound to: 64'b0000000000000000000000000000000000000000000000000000000000000000 
	Parameter CVA6Cfg[PMPCfgRstVal][56] bound to: 64'b0000000000000000000000000000000000000000000000000000000000000000 
	Parameter CVA6Cfg[PMPCfgRstVal][55] bound to: 64'b0000000000000000000000000000000000000000000000000000000000000000 
	Parameter CVA6Cfg[PMPCfgRstVal][54] bound to: 64'b0000000000000000000000000000000000000000000000000000000000000000 
	Parameter CVA6Cfg[PMPCfgRstVal][53] bound to: 64'b0000000000000000000000000000000000000000000000000000000000000000 
	Parameter CVA6Cfg[PMPCfgRstVal][52] bound to: 64'b0000000000000000000000000000000000000000000000000000000000000000 
	Parameter CVA6Cfg[PMPCfgRstVal][51] bound to: 64'b0000000000000000000000000000000000000000000000000000000000000000 
	Parameter CVA6Cfg[PMPCfgRstVal][50] bound to: 64'b0000000000000000000000000000000000000000000000000000000000000000 
	Parameter CVA6Cfg[PMPCfgRstVal][49] bound to: 64'b0000000000000000000000000000000000000000000000000000000000000000 
	Parameter CVA6Cfg[PMPCfgRstVal][48] bound to: 64'b0000000000000000000000000000000000000000000000000000000000000000 
	Parameter CVA6Cfg[PMPCfgRstVal][47] bound to: 64'b0000000000000000000000000000000000000000000000000000000000000000 
	Parameter CVA6Cfg[PMPCfgRstVal][46] bound to: 64'b0000000000000000000000000000000000000000000000000000000000000000 
	Parameter CVA6Cfg[PMPCfgRstVal][45] bound to: 64'b0000000000000000000000000000000000000000000000000000000000000000 
	Parameter CVA6Cfg[PMPCfgRstVal][44] bound to: 64'b0000000000000000000000000000000000000000000000000000000000000000 
	Parameter CVA6Cfg[PMPCfgRstVal][43] bound to: 64'b0000000000000000000000000000000000000000000000000000000000000000 
	Parameter CVA6Cfg[PMPCfgRstVal][42] bound to: 64'b0000000000000000000000000000000000000000000000000000000000000000 
	Parameter CVA6Cfg[PMPCfgRstVal][41] bound to: 64'b0000000000000000000000000000000000000000000000000000000000000000 
	Parameter CVA6Cfg[PMPCfgRstVal][40] bound to: 64'b0000000000000000000000000000000000000000000000000000000000000000 
	Parameter CVA6Cfg[PMPCfgRstVal][39] bound to: 64'b0000000000000000000000000000000000000000000000000000000000000000 
	Parameter CVA6Cfg[PMPCfgRstVal][38] bound to: 64'b0000000000000000000000000000000000000000000000000000000000000000 
	Parameter CVA6Cfg[PMPCfgRstVal][37] bound to: 64'b0000000000000000000000000000000000000000000000000000000000000000 
	Parameter CVA6Cfg[PMPCfgRstVal][36] bound to: 64'b0000000000000000000000000000000000000000000000000000000000000000 
	Parameter CVA6Cfg[PMPCfgRstVal][35] bound to: 64'b0000000000000000000000000000000000000000000000000000000000000000 
	Parameter CVA6Cfg[PMPCfgRstVal][34] bound to: 64'b0000000000000000000000000000000000000000000000000000000000000000 
	Parameter CVA6Cfg[PMPCfgRstVal][33] bound to: 64'b0000000000000000000000000000000000000000000000000000000000000000 
	Parameter CVA6Cfg[PMPCfgRstVal][32] bound to: 64'b0000000000000000000000000000000000000000000000000000000000000000 
	Parameter CVA6Cfg[PMPCfgRstVal][31] bound to: 64'b0000000000000000000000000000000000000000000000000000000000000000 
	Parameter CVA6Cfg[PMPCfgRstVal][30] bound to: 64'b0000000000000000000000000000000000000000000000000000000000000000 
	Parameter CVA6Cfg[PMPCfgRstVal][29] bound to: 64'b0000000000000000000000000000000000000000000000000000000000000000 
	Parameter CVA6Cfg[PMPCfgRstVal][28] bound to: 64'b0000000000000000000000000000000000000000000000000000000000000000 
	Parameter CVA6Cfg[PMPCfgRstVal][27] bound to: 64'b0000000000000000000000000000000000000000000000000000000000000000 
	Parameter CVA6Cfg[PMPCfgRstVal][26] bound to: 64'b0000000000000000000000000000000000000000000000000000000000000000 
	Parameter CVA6Cfg[PMPCfgRstVal][25] bound to: 64'b0000000000000000000000000000000000000000000000000000000000000000 
	Parameter CVA6Cfg[PMPCfgRstVal][24] bound to: 64'b0000000000000000000000000000000000000000000000000000000000000000 
	Parameter CVA6Cfg[PMPCfgRstVal][23] bound to: 64'b0000000000000000000000000000000000000000000000000000000000000000 
	Parameter CVA6Cfg[PMPCfgRstVal][22] bound to: 64'b0000000000000000000000000000000000000000000000000000000000000000 
	Parameter CVA6Cfg[PMPCfgRstVal][21] bound to: 64'b0000000000000000000000000000000000000000000000000000000000000000 
	Parameter CVA6Cfg[PMPCfgRstVal][20] bound to: 64'b0000000000000000000000000000000000000000000000000000000000000000 
	Parameter CVA6Cfg[PMPCfgRstVal][19] bound to: 64'b0000000000000000000000000000000000000000000000000000000000000000 
	Parameter CVA6Cfg[PMPCfgRstVal][18] bound to: 64'b0000000000000000000000000000000000000000000000000000000000000000 
	Parameter CVA6Cfg[PMPCfgRstVal][17] bound to: 64'b0000000000000000000000000000000000000000000000000000000000000000 
	Parameter CVA6Cfg[PMPCfgRstVal][16] bound to: 64'b0000000000000000000000000000000000000000000000000000000000000000 
	Parameter CVA6Cfg[PMPCfgRstVal][15] bound to: 64'b0000000000000000000000000000000000000000000000000000000000000000 
	Parameter CVA6Cfg[PMPCfgRstVal][14] bound to: 64'b0000000000000000000000000000000000000000000000000000000000000000 
	Parameter CVA6Cfg[PMPCfgRstVal][13] bound to: 64'b0000000000000000000000000000000000000000000000000000000000000000 
	Parameter CVA6Cfg[PMPCfgRstVal][12] bound to: 64'b0000000000000000000000000000000000000000000000000000000000000000 
	Parameter CVA6Cfg[PMPCfgRstVal][11] bound to: 64'b0000000000000000000000000000000000000000000000000000000000000000 
	Parameter CVA6Cfg[PMPCfgRstVal][10] bound to: 64'b0000000000000000000000000000000000000000000000000000000000000000 
	Parameter CVA6Cfg[PMPCfgRstVal][9] bound to: 64'b0000000000000000000000000000000000000000000000000000000000000000 
	Parameter CVA6Cfg[PMPCfgRstVal][8] bound to: 64'b0000000000000000000000000000000000000000000000000000000000000000 
	Parameter CVA6Cfg[PMPCfgRstVal][7] bound to: 64'b0000000000000000000000000000000000000000000000000000000000000000 
	Parameter CVA6Cfg[PMPCfgRstVal][6] bound to: 64'b0000000000000000000000000000000000000000000000000000000000000000 
	Parameter CVA6Cfg[PMPCfgRstVal][5] bound to: 64'b0000000000000000000000000000000000000000000000000000000000000000 
	Parameter CVA6Cfg[PMPCfgRstVal][4] bound to: 64'b0000000000000000000000000000000000000000000000000000000000000000 
	Parameter CVA6Cfg[PMPCfgRstVal][3] bound to: 64'b0000000000000000000000000000000000000000000000000000000000000000 
	Parameter CVA6Cfg[PMPCfgRstVal][2] bound to: 64'b0000000000000000000000000000000000000000000000000000000000000000 
	Parameter CVA6Cfg[PMPCfgRstVal][1] bound to: 64'b0000000000000000000000000000000000000000000000000000000000000000 
	Parameter CVA6Cfg[PMPCfgRstVal][0] bound to: 64'b0000000000000000000000000000000000000000000000000000000000000000 
	Parameter CVA6Cfg[PMPAddrRstVal][63] bound to: 64'b0000000000000000000000000000000000000000000000000000000000000000 
	Parameter CVA6Cfg[PMPAddrRstVal][62] bound to: 64'b0000000000000000000000000000000000000000000000000000000000000000 
	Parameter CVA6Cfg[PMPAddrRstVal][61] bound to: 64'b0000000000000000000000000000000000000000000000000000000000000000 
	Parameter CVA6Cfg[PMPAddrRstVal][60] bound to: 64'b0000000000000000000000000000000000000000000000000000000000000000 
	Parameter CVA6Cfg[PMPAddrRstVal][59] bound to: 64'b0000000000000000000000000000000000000000000000000000000000000000 
	Parameter CVA6Cfg[PMPAddrRstVal][58] bound to: 64'b0000000000000000000000000000000000000000000000000000000000000000 
	Parameter CVA6Cfg[PMPAddrRstVal][57] bound to: 64'b0000000000000000000000000000000000000000000000000000000000000000 
	Parameter CVA6Cfg[PMPAddrRstVal][56] bound to: 64'b0000000000000000000000000000000000000000000000000000000000000000 
	Parameter CVA6Cfg[PMPAddrRstVal][55] bound to: 64'b0000000000000000000000000000000000000000000000000000000000000000 
	Parameter CVA6Cfg[PMPAddrRstVal][54] bound to: 64'b0000000000000000000000000000000000000000000000000000000000000000 
	Parameter CVA6Cfg[PMPAddrRstVal][53] bound to: 64'b0000000000000000000000000000000000000000000000000000000000000000 
	Parameter CVA6Cfg[PMPAddrRstVal][52] bound to: 64'b0000000000000000000000000000000000000000000000000000000000000000 
	Parameter CVA6Cfg[PMPAddrRstVal][51] bound to: 64'b0000000000000000000000000000000000000000000000000000000000000000 
	Parameter CVA6Cfg[PMPAddrRstVal][50] bound to: 64'b0000000000000000000000000000000000000000000000000000000000000000 
	Parameter CVA6Cfg[PMPAddrRstVal][49] bound to: 64'b0000000000000000000000000000000000000000000000000000000000000000 
	Parameter CVA6Cfg[PMPAddrRstVal][48] bound to: 64'b0000000000000000000000000000000000000000000000000000000000000000 
	Parameter CVA6Cfg[PMPAddrRstVal][47] bound to: 64'b0000000000000000000000000000000000000000000000000000000000000000 
	Parameter CVA6Cfg[PMPAddrRstVal][46] bound to: 64'b0000000000000000000000000000000000000000000000000000000000000000 
	Parameter CVA6Cfg[PMPAddrRstVal][45] bound to: 64'b0000000000000000000000000000000000000000000000000000000000000000 
	Parameter CVA6Cfg[PMPAddrRstVal][44] bound to: 64'b0000000000000000000000000000000000000000000000000000000000000000 
	Parameter CVA6Cfg[PMPAddrRstVal][43] bound to: 64'b0000000000000000000000000000000000000000000000000000000000000000 
	Parameter CVA6Cfg[PMPAddrRstVal][42] bound to: 64'b0000000000000000000000000000000000000000000000000000000000000000 
	Parameter CVA6Cfg[PMPAddrRstVal][41] bound to: 64'b0000000000000000000000000000000000000000000000000000000000000000 
	Parameter CVA6Cfg[PMPAddrRstVal][40] bound to: 64'b0000000000000000000000000000000000000000000000000000000000000000 
	Parameter CVA6Cfg[PMPAddrRstVal][39] bound to: 64'b0000000000000000000000000000000000000000000000000000000000000000 
	Parameter CVA6Cfg[PMPAddrRstVal][38] bound to: 64'b0000000000000000000000000000000000000000000000000000000000000000 
	Parameter CVA6Cfg[PMPAddrRstVal][37] bound to: 64'b0000000000000000000000000000000000000000000000000000000000000000 
	Parameter CVA6Cfg[PMPAddrRstVal][36] bound to: 64'b0000000000000000000000000000000000000000000000000000000000000000 
	Parameter CVA6Cfg[PMPAddrRstVal][35] bound to: 64'b0000000000000000000000000000000000000000000000000000000000000000 
	Parameter CVA6Cfg[PMPAddrRstVal][34] bound to: 64'b0000000000000000000000000000000000000000000000000000000000000000 
	Parameter CVA6Cfg[PMPAddrRstVal][33] bound to: 64'b0000000000000000000000000000000000000000000000000000000000000000 
	Parameter CVA6Cfg[PMPAddrRstVal][32] bound to: 64'b0000000000000000000000000000000000000000000000000000000000000000 
	Parameter CVA6Cfg[PMPAddrRstVal][31] bound to: 64'b0000000000000000000000000000000000000000000000000000000000000000 
	Parameter CVA6Cfg[PMPAddrRstVal][30] bound to: 64'b0000000000000000000000000000000000000000000000000000000000000000 
	Parameter CVA6Cfg[PMPAddrRstVal][29] bound to: 64'b0000000000000000000000000000000000000000000000000000000000000000 
	Parameter CVA6Cfg[PMPAddrRstVal][28] bound to: 64'b0000000000000000000000000000000000000000000000000000000000000000 
	Parameter CVA6Cfg[PMPAddrRstVal][27] bound to: 64'b0000000000000000000000000000000000000000000000000000000000000000 
	Parameter CVA6Cfg[PMPAddrRstVal][26] bound to: 64'b0000000000000000000000000000000000000000000000000000000000000000 
	Parameter CVA6Cfg[PMPAddrRstVal][25] bound to: 64'b0000000000000000000000000000000000000000000000000000000000000000 
	Parameter CVA6Cfg[PMPAddrRstVal][24] bound to: 64'b0000000000000000000000000000000000000000000000000000000000000000 
	Parameter CVA6Cfg[PMPAddrRstVal][23] bound to: 64'b0000000000000000000000000000000000000000000000000000000000000000 
	Parameter CVA6Cfg[PMPAddrRstVal][22] bound to: 64'b0000000000000000000000000000000000000000000000000000000000000000 
	Parameter CVA6Cfg[PMPAddrRstVal][21] bound to: 64'b0000000000000000000000000000000000000000000000000000000000000000 
	Parameter CVA6Cfg[PMPAddrRstVal][20] bound to: 64'b0000000000000000000000000000000000000000000000000000000000000000 
	Parameter CVA6Cfg[PMPAddrRstVal][19] bound to: 64'b0000000000000000000000000000000000000000000000000000000000000000 
	Parameter CVA6Cfg[PMPAddrRstVal][18] bound to: 64'b0000000000000000000000000000000000000000000000000000000000000000 
	Parameter CVA6Cfg[PMPAddrRstVal][17] bound to: 64'b0000000000000000000000000000000000000000000000000000000000000000 
	Parameter CVA6Cfg[PMPAddrRstVal][16] bound to: 64'b0000000000000000000000000000000000000000000000000000000000000000 
	Parameter CVA6Cfg[PMPAddrRstVal][15] bound to: 64'b0000000000000000000000000000000000000000000000000000000000000000 
	Parameter CVA6Cfg[PMPAddrRstVal][14] bound to: 64'b0000000000000000000000000000000000000000000000000000000000000000 
	Parameter CVA6Cfg[PMPAddrRstVal][13] bound to: 64'b0000000000000000000000000000000000000000000000000000000000000000 
	Parameter CVA6Cfg[PMPAddrRstVal][12] bound to: 64'b0000000000000000000000000000000000000000000000000000000000000000 
	Parameter CVA6Cfg[PMPAddrRstVal][11] bound to: 64'b0000000000000000000000000000000000000000000000000000000000000000 
	Parameter CVA6Cfg[PMPAddrRstVal][10] bound to: 64'b0000000000000000000000000000000000000000000000000000000000000000 
	Parameter CVA6Cfg[PMPAddrRstVal][9] bound to: 64'b0000000000000000000000000000000000000000000000000000000000000000 
	Parameter CVA6Cfg[PMPAddrRstVal][8] bound to: 64'b0000000000000000000000000000000000000000000000000000000000000000 
	Parameter CVA6Cfg[PMPAddrRstVal][7] bound to: 64'b0000000000000000000000000000000000000000000000000000000000000000 
	Parameter CVA6Cfg[PMPAddrRstVal][6] bound to: 64'b0000000000000000000000000000000000000000000000000000000000000000 
	Parameter CVA6Cfg[PMPAddrRstVal][5] bound to: 64'b0000000000000000000000000000000000000000000000000000000000000000 
	Parameter CVA6Cfg[PMPAddrRstVal][4] bound to: 64'b0000000000000000000000000000000000000000000000000000000000000000 
	Parameter CVA6Cfg[PMPAddrRstVal][3] bound to: 64'b0000000000000000000000000000000000000000000000000000000000000000 
	Parameter CVA6Cfg[PMPAddrRstVal][2] bound to: 64'b0000000000000000000000000000000000000000000000000000000000000000 
	Parameter CVA6Cfg[PMPAddrRstVal][1] bound to: 64'b0000000000000000000000000000000000000000000000000000000000000000 
	Parameter CVA6Cfg[PMPAddrRstVal][0] bound to: 64'b0000000000000000000000000000000000000000000000000000000000000000 
	Parameter CVA6Cfg[PMPEntryReadOnly] bound to: 64'b0000000000000000000000000000000000000000000000000000000000000000 
	Parameter CVA6Cfg[PMPNapotEn] bound to: 1'b0 
	Parameter CVA6Cfg[NOCType] bound to: 32'sb00000000000000000000000000000000 
	Parameter CVA6Cfg[NrNonIdempotentRules] bound to: 32'b00000000000000000000000000000010 
	Parameter CVA6Cfg[NonIdempotentAddrBase][15] bound to: 64'b0000000000000000000000000000000000000000000000000000000000000000 
	Parameter CVA6Cfg[NonIdempotentAddrBase][14] bound to: 64'b0000000000000000000000000000000000000000000000000000000000000000 
	Parameter CVA6Cfg[NonIdempotentAddrBase][13] bound to: 64'b0000000000000000000000000000000000000000000000000000000000000000 
	Parameter CVA6Cfg[NonIdempotentAddrBase][12] bound to: 64'b0000000000000000000000000000000000000000000000000000000000000000 
	Parameter CVA6Cfg[NonIdempotentAddrBase][11] bound to: 64'b0000000000000000000000000000000000000000000000000000000000000000 
	Parameter CVA6Cfg[NonIdempotentAddrBase][10] bound to: 64'b0000000000000000000000000000000000000000000000000000000000000000 
	Parameter CVA6Cfg[NonIdempotentAddrBase][9] bound to: 64'b0000000000000000000000000000000000000000000000000000000000000000 
	Parameter CVA6Cfg[NonIdempotentAddrBase][8] bound to: 64'b0000000000000000000000000000000000000000000000000000000000000000 
	Parameter CVA6Cfg[NonIdempotentAddrBase][7] bound to: 64'b0000000000000000000000000000000000000000000000000000000000000000 
	Parameter CVA6Cfg[NonIdempotentAddrBase][6] bound to: 64'b0000000000000000000000000000000000000000000000000000000000000000 
	Parameter CVA6Cfg[NonIdempotentAddrBase][5] bound to: 64'b0000000000000000000000000000000000000000000000000000000000000000 
	Parameter CVA6Cfg[NonIdempotentAddrBase][4] bound to: 64'b0000000000000000000000000000000000000000000000000000000000000000 
	Parameter CVA6Cfg[NonIdempotentAddrBase][3] bound to: 64'b0000000000000000000000000000000000000000000000000000000000000000 
	Parameter CVA6Cfg[NonIdempotentAddrBase][2] bound to: 64'b0000000000000000000000000000000000000000000000000000000000000000 
	Parameter CVA6Cfg[NonIdempotentAddrBase][1] bound to: 64'b0000000000000000000000000000000011000000000000000000000000000000 
	Parameter CVA6Cfg[NonIdempotentAddrBase][0] bound to: 64'b0000000000000000000000000000000011010000000000000000000000000000 
	Parameter CVA6Cfg[NonIdempotentLength][15] bound to: 64'b0000000000000000000000000000000000000000000000000000000000000000 
	Parameter CVA6Cfg[NonIdempotentLength][14] bound to: 64'b0000000000000000000000000000000000000000000000000000000000000000 
	Parameter CVA6Cfg[NonIdempotentLength][13] bound to: 64'b0000000000000000000000000000000000000000000000000000000000000000 
	Parameter CVA6Cfg[NonIdempotentLength][12] bound to: 64'b0000000000000000000000000000000000000000000000000000000000000000 
	Parameter CVA6Cfg[NonIdempotentLength][11] bound to: 64'b0000000000000000000000000000000000000000000000000000000000000000 
	Parameter CVA6Cfg[NonIdempotentLength][10] bound to: 64'b0000000000000000000000000000000000000000000000000000000000000000 
	Parameter CVA6Cfg[NonIdempotentLength][9] bound to: 64'b0000000000000000000000000000000000000000000000000000000000000000 
	Parameter CVA6Cfg[NonIdempotentLength][8] bound to: 64'b0000000000000000000000000000000000000000000000000000000000000000 
	Parameter CVA6Cfg[NonIdempotentLength][7] bound to: 64'b0000000000000000000000000000000000000000000000000000000000000000 
	Parameter CVA6Cfg[NonIdempotentLength][6] bound to: 64'b0000000000000000000000000000000000000000000000000000000000000000 
	Parameter CVA6Cfg[NonIdempotentLength][5] bound to: 64'b0000000000000000000000000000000000000000000000000000000000000000 
	Parameter CVA6Cfg[NonIdempotentLength][4] bound to: 64'b0000000000000000000000000000000000000000000000000000000000000000 
	Parameter CVA6Cfg[NonIdempotentLength][3] bound to: 64'b0000000000000000000000000000000000000000000000000000000000000000 
	Parameter CVA6Cfg[NonIdempotentLength][2] bound to: 64'b0000000000000000000000000000000000000000000000000000000000000000 
	Parameter CVA6Cfg[NonIdempotentLength][1] bound to: 64'b0000000000000000000000000000000000000000000000100000000000000000 
	Parameter CVA6Cfg[NonIdempotentLength][0] bound to: 64'b0000000000000000000000000000000000000000000000000000000000010000 
	Parameter CVA6Cfg[NrExecuteRegionRules] bound to: 32'b00000000000000000000000000000011 
	Parameter CVA6Cfg[ExecuteRegionAddrBase][15] bound to: 64'b0000000000000000000000000000000000000000000000000000000000000000 
	Parameter CVA6Cfg[ExecuteRegionAddrBase][14] bound to: 64'b0000000000000000000000000000000000000000000000000000000000000000 
	Parameter CVA6Cfg[ExecuteRegionAddrBase][13] bound to: 64'b0000000000000000000000000000000000000000000000000000000000000000 
	Parameter CVA6Cfg[ExecuteRegionAddrBase][12] bound to: 64'b0000000000000000000000000000000000000000000000000000000000000000 
	Parameter CVA6Cfg[ExecuteRegionAddrBase][11] bound to: 64'b0000000000000000000000000000000000000000000000000000000000000000 
	Parameter CVA6Cfg[ExecuteRegionAddrBase][10] bound to: 64'b0000000000000000000000000000000000000000000000000000000000000000 
	Parameter CVA6Cfg[ExecuteRegionAddrBase][9] bound to: 64'b0000000000000000000000000000000000000000000000000000000000000000 
	Parameter CVA6Cfg[ExecuteRegionAddrBase][8] bound to: 64'b0000000000000000000000000000000000000000000000000000000000000000 
	Parameter CVA6Cfg[ExecuteRegionAddrBase][7] bound to: 64'b0000000000000000000000000000000000000000000000000000000000000000 
	Parameter CVA6Cfg[ExecuteRegionAddrBase][6] bound to: 64'b0000000000000000000000000000000000000000000000000000000000000000 
	Parameter CVA6Cfg[ExecuteRegionAddrBase][5] bound to: 64'b0000000000000000000000000000000000000000000000000000000000000000 
	Parameter CVA6Cfg[ExecuteRegionAddrBase][4] bound to: 64'b0000000000000000000000000000000000000000000000000000000000000000 
	Parameter CVA6Cfg[ExecuteRegionAddrBase][3] bound to: 64'b0000000000000000000000000000000000000000000000000000000000000000 
	Parameter CVA6Cfg[ExecuteRegionAddrBase][2] bound to: 64'b0000000000000000000000000000000010000000000000000000000000000000 
	Parameter CVA6Cfg[ExecuteRegionAddrBase][1] bound to: 64'b0000000000000000000000000000000000000000000000010000000000000000 
	Parameter CVA6Cfg[ExecuteRegionAddrBase][0] bound to: 64'b0000000000000000000000000000000000000000000000000000000000000000 
	Parameter CVA6Cfg[ExecuteRegionLength][15] bound to: 64'b0000000000000000000000000000000000000000000000000000000000000000 
	Parameter CVA6Cfg[ExecuteRegionLength][14] bound to: 64'b0000000000000000000000000000000000000000000000000000000000000000 
	Parameter CVA6Cfg[ExecuteRegionLength][13] bound to: 64'b0000000000000000000000000000000000000000000000000000000000000000 
	Parameter CVA6Cfg[ExecuteRegionLength][12] bound to: 64'b0000000000000000000000000000000000000000000000000000000000000000 
	Parameter CVA6Cfg[ExecuteRegionLength][11] bound to: 64'b0000000000000000000000000000000000000000000000000000000000000000 
	Parameter CVA6Cfg[ExecuteRegionLength][10] bound to: 64'b0000000000000000000000000000000000000000000000000000000000000000 
	Parameter CVA6Cfg[ExecuteRegionLength][9] bound to: 64'b0000000000000000000000000000000000000000000000000000000000000000 
	Parameter CVA6Cfg[ExecuteRegionLength][8] bound to: 64'b0000000000000000000000000000000000000000000000000000000000000000 
	Parameter CVA6Cfg[ExecuteRegionLength][7] bound to: 64'b0000000000000000000000000000000000000000000000000000000000000000 
	Parameter CVA6Cfg[ExecuteRegionLength][6] bound to: 64'b0000000000000000000000000000000000000000000000000000000000000000 
	Parameter CVA6Cfg[ExecuteRegionLength][5] bound to: 64'b0000000000000000000000000000000000000000000000000000000000000000 
	Parameter CVA6Cfg[ExecuteRegionLength][4] bound to: 64'b0000000000000000000000000000000000000000000000000000000000000000 
	Parameter CVA6Cfg[ExecuteRegionLength][3] bound to: 64'b0000000000000000000000000000000000000000000000000000000000000000 
	Parameter CVA6Cfg[ExecuteRegionLength][2] bound to: 64'b0000000000000000000000000000000000000010000000000000000000000000 
	Parameter CVA6Cfg[ExecuteRegionLength][1] bound to: 64'b0000000000000000000000000000000000000000000000010000000000000000 
	Parameter CVA6Cfg[ExecuteRegionLength][0] bound to: 64'b0000000000000000000000000000000000000000000000000001000000000000 
	Parameter CVA6Cfg[NrCachedRegionRules] bound to: 32'b00000000000000000000000000000001 
	Parameter CVA6Cfg[CachedRegionAddrBase][15] bound to: 64'b0000000000000000000000000000000000000000000000000000000000000000 
	Parameter CVA6Cfg[CachedRegionAddrBase][14] bound to: 64'b0000000000000000000000000000000000000000000000000000000000000000 
	Parameter CVA6Cfg[CachedRegionAddrBase][13] bound to: 64'b0000000000000000000000000000000000000000000000000000000000000000 
	Parameter CVA6Cfg[CachedRegionAddrBase][12] bound to: 64'b0000000000000000000000000000000000000000000000000000000000000000 
	Parameter CVA6Cfg[CachedRegionAddrBase][11] bound to: 64'b0000000000000000000000000000000000000000000000000000000000000000 
	Parameter CVA6Cfg[CachedRegionAddrBase][10] bound to: 64'b0000000000000000000000000000000000000000000000000000000000000000 
	Parameter CVA6Cfg[CachedRegionAddrBase][9] bound to: 64'b0000000000000000000000000000000000000000000000000000000000000000 
	Parameter CVA6Cfg[CachedRegionAddrBase][8] bound to: 64'b0000000000000000000000000000000000000000000000000000000000000000 
	Parameter CVA6Cfg[CachedRegionAddrBase][7] bound to: 64'b0000000000000000000000000000000000000000000000000000000000000000 
	Parameter CVA6Cfg[CachedRegionAddrBase][6] bound to: 64'b0000000000000000000000000000000000000000000000000000000000000000 
	Parameter CVA6Cfg[CachedRegionAddrBase][5] bound to: 64'b0000000000000000000000000000000000000000000000000000000000000000 
	Parameter CVA6Cfg[CachedRegionAddrBase][4] bound to: 64'b0000000000000000000000000000000000000000000000000000000000000000 
	Parameter CVA6Cfg[CachedRegionAddrBase][3] bound to: 64'b0000000000000000000000000000000000000000000000000000000000000000 
	Parameter CVA6Cfg[CachedRegionAddrBase][2] bound to: 64'b0000000000000000000000000000000000000000000000000000000000000000 
	Parameter CVA6Cfg[CachedRegionAddrBase][1] bound to: 64'b0000000000000000000000000000000000000000000000000000000000000000 
	Parameter CVA6Cfg[CachedRegionAddrBase][0] bound to: 64'b0000000000000000000000000000000010000000000000000000000000000000 
	Parameter CVA6Cfg[CachedRegionLength][15] bound to: 64'b0000000000000000000000000000000000000000000000000000000000000000 
	Parameter CVA6Cfg[CachedRegionLength][14] bound to: 64'b0000000000000000000000000000000000000000000000000000000000000000 
	Parameter CVA6Cfg[CachedRegionLength][13] bound to: 64'b0000000000000000000000000000000000000000000000000000000000000000 
	Parameter CVA6Cfg[CachedRegionLength][12] bound to: 64'b0000000000000000000000000000000000000000000000000000000000000000 
	Parameter CVA6Cfg[CachedRegionLength][11] bound to: 64'b0000000000000000000000000000000000000000000000000000000000000000 
	Parameter CVA6Cfg[CachedRegionLength][10] bound to: 64'b0000000000000000000000000000000000000000000000000000000000000000 
	Parameter CVA6Cfg[CachedRegionLength][9] bound to: 64'b0000000000000000000000000000000000000000000000000000000000000000 
	Parameter CVA6Cfg[CachedRegionLength][8] bound to: 64'b0000000000000000000000000000000000000000000000000000000000000000 
	Parameter CVA6Cfg[CachedRegionLength][7] bound to: 64'b0000000000000000000000000000000000000000000000000000000000000000 
	Parameter CVA6Cfg[CachedRegionLength][6] bound to: 64'b0000000000000000000000000000000000000000000000000000000000000000 
	Parameter CVA6Cfg[CachedRegionLength][5] bound to: 64'b0000000000000000000000000000000000000000000000000000000000000000 
	Parameter CVA6Cfg[CachedRegionLength][4] bound to: 64'b0000000000000000000000000000000000000000000000000000000000000000 
	Parameter CVA6Cfg[CachedRegionLength][3] bound to: 64'b0000000000000000000000000000000000000000000000000000000000000000 
	Parameter CVA6Cfg[CachedRegionLength][2] bound to: 64'b0000000000000000000000000000000000000000000000000000000000000000 
	Parameter CVA6Cfg[CachedRegionLength][1] bound to: 64'b0000000000000000000000000000000000000000000000000000000000000000 
	Parameter CVA6Cfg[CachedRegionLength][0] bound to: 64'b0000000000000000000000000000000000000010000000000000000000000000 
	Parameter CVA6Cfg[MaxOutstandingStores] bound to: 32'b00000000000000000000000000000111 
	Parameter CVA6Cfg[DebugEn] bound to: 1'b0 
	Parameter CVA6Cfg[NonIdemPotenceEn] bound to: 1'b1 
	Parameter CVA6Cfg[AxiBurstWriteEn] bound to: 1'b1 
	Parameter CVA6Cfg[ICACHE_SET_ASSOC] bound to: 32'b00000000000000000000000000000100 
	Parameter CVA6Cfg[ICACHE_SET_ASSOC_WIDTH] bound to: 32'b00000000000000000000000000000010 
	Parameter CVA6Cfg[ICACHE_INDEX_WIDTH] bound to: 32'b00000000000000000000000000001010 
	Parameter CVA6Cfg[ICACHE_TAG_WIDTH] bound to: 32'b00000000000000000000000000011000 
	Parameter CVA6Cfg[ICACHE_LINE_WIDTH] bound to: 32'b00000000000000000000000010000000 
	Parameter CVA6Cfg[ICACHE_USER_LINE_WIDTH] bound to: 32'b00000000000000000000000000000100 
	Parameter CVA6Cfg[DCacheType] bound to: 3'b001 
	Parameter CVA6Cfg[DcacheIdWidth] bound to: 32'b00000000000000000000000000000001 
	Parameter CVA6Cfg[DCACHE_SET_ASSOC] bound to: 32'b00000000000000000000000000000100 
	Parameter CVA6Cfg[DCACHE_SET_ASSOC_WIDTH] bound to: 32'b00000000000000000000000000000010 
	Parameter CVA6Cfg[DCACHE_INDEX_WIDTH] bound to: 32'b00000000000000000000000000001011 
	Parameter CVA6Cfg[DCACHE_TAG_WIDTH] bound to: 32'b00000000000000000000000000010111 
	Parameter CVA6Cfg[DCACHE_LINE_WIDTH] bound to: 32'b00000000000000000000000100000000 
	Parameter CVA6Cfg[DCACHE_USER_LINE_WIDTH] bound to: 32'b00000000000000000000000000000100 
	Parameter CVA6Cfg[DCACHE_USER_WIDTH] bound to: 32'b00000000000000000000000000000001 
	Parameter CVA6Cfg[DCACHE_OFFSET_WIDTH] bound to: 32'b00000000000000000000000000000101 
	Parameter CVA6Cfg[DCACHE_NUM_WORDS] bound to: 32'b00000000000000000000000001000000 
	Parameter CVA6Cfg[DCACHE_MAX_TX] bound to: 32'b00000000000000000000000000000100 
	Parameter CVA6Cfg[DcacheFlushOnFence] bound to: 1'b0 
	Parameter CVA6Cfg[DcacheInvalidateOnFlush] bound to: 1'b0 
	Parameter CVA6Cfg[DATA_USER_EN] bound to: 32'b00000000000000000000000000000000 
	Parameter CVA6Cfg[WtDcacheWbufDepth] bound to: 32'b00000000000000000000000000001000 
	Parameter CVA6Cfg[FETCH_USER_WIDTH] bound to: 32'b00000000000000000000000000100000 
	Parameter CVA6Cfg[FETCH_USER_EN] bound to: 32'b00000000000000000000000000000000 
	Parameter CVA6Cfg[AXI_USER_EN] bound to: 1'b0 
	Parameter CVA6Cfg[FETCH_WIDTH] bound to: 32'b00000000000000000000000000100000 
	Parameter CVA6Cfg[FETCH_ALIGN_BITS] bound to: 32'b00000000000000000000000000000010 
	Parameter CVA6Cfg[INSTR_PER_FETCH] bound to: 32'b00000000000000000000000000000010 
	Parameter CVA6Cfg[LOG2_INSTR_PER_FETCH] bound to: 32'b00000000000000000000000000000001 
	Parameter CVA6Cfg[ModeW] bound to: 32'b00000000000000000000000000000001 
	Parameter CVA6Cfg[ASIDW] bound to: 32'b00000000000000000000000000001001 
	Parameter CVA6Cfg[VMIDW] bound to: 32'b00000000000000000000000000000111 
	Parameter CVA6Cfg[PPNW] bound to: 32'b00000000000000000000000000010110 
	Parameter CVA6Cfg[GPPNW] bound to: 32'b00000000000000000000000000010110 
	Parameter CVA6Cfg[MODE_SV] bound to: 4'b0001 
	Parameter CVA6Cfg[SV] bound to: 32'b00000000000000000000000000100000 
	Parameter CVA6Cfg[SVX] bound to: 32'b00000000000000000000000000100010 
	Parameter CVA6Cfg[X_NUM_RS] bound to: 32'b00000000000000000000000000000010 
	Parameter CVA6Cfg[X_ID_WIDTH] bound to: 32'b00000000000000000000000000000011 
	Parameter CVA6Cfg[X_RFR_WIDTH] bound to: 32'b00000000000000000000000000100000 
	Parameter CVA6Cfg[X_RFW_WIDTH] bound to: 32'b00000000000000000000000000100000 
	Parameter CVA6Cfg[X_NUM_HARTS] bound to: 32'b00000000000000000000000000000001 
	Parameter CVA6Cfg[X_HARTID_WIDTH] bound to: 32'b00000000000000000000000000100000 
	Parameter CVA6Cfg[X_DUALREAD] bound to: 32'b00000000000000000000000000000000 
	Parameter CVA6Cfg[X_DUALWRITE] bound to: 32'b00000000000000000000000000000000 
	Parameter CVA6Cfg[X_ISSUE_REGISTER_SPLIT] bound to: 32'b00000000000000000000000000000000 
	Parameter NumPorts bound to: 4 - type: integer 
INFO: [Synth 8-6155] done synthesizing module 'perf_counters' (0#1) [/home/alex/Isolde/MatrixAcceleratorDemo/src/ips/ariane/core/perf_counters.sv:16]
INFO: [Synth 8-6157] synthesizing module 'wt_cache_subsystem' [/home/alex/Isolde/MatrixAcceleratorDemo/src/ips/ariane/core/cache_subsystem/wt_cache_subsystem.sv:22]
	Parameter CVA6Cfg[XLEN] bound to: 32'b00000000000000000000000000100000 
	Parameter CVA6Cfg[VLEN] bound to: 32'b00000000000000000000000000100000 
	Parameter CVA6Cfg[PLEN] bound to: 32'b00000000000000000000000000100010 
	Parameter CVA6Cfg[GPLEN] bound to: 32'b00000000000000000000000000100010 
	Parameter CVA6Cfg[IS_XLEN32] bound to: 1'b1 
	Parameter CVA6Cfg[IS_XLEN64] bound to: 1'b0 
	Parameter CVA6Cfg[XLEN_ALIGN_BYTES] bound to: 32'b00000000000000000000000000000010 
	Parameter CVA6Cfg[ASID_WIDTH] bound to: 32'b00000000000000000000000000000001 
	Parameter CVA6Cfg[VMID_WIDTH] bound to: 32'b00000000000000000000000000000001 
	Parameter CVA6Cfg[FpgaEn] bound to: 1'b1 
	Parameter CVA6Cfg[FpgaAlteraEn] bound to: 1'b0 
	Parameter CVA6Cfg[TechnoCut] bound to: 1'b0 
	Parameter CVA6Cfg[SuperscalarEn] bound to: 1'b0 
	Parameter CVA6Cfg[NrCommitPorts] bound to: 32'b00000000000000000000000000000010 
	Parameter CVA6Cfg[NrIssuePorts] bound to: 32'b00000000000000000000000000000001 
	Parameter CVA6Cfg[SpeculativeSb] bound to: 1'b0 
	Parameter CVA6Cfg[NrLoadPipeRegs] bound to: 32'b00000000000000000000000000000001 
	Parameter CVA6Cfg[NrStorePipeRegs] bound to: 32'b00000000000000000000000000000000 
	Parameter CVA6Cfg[AxiAddrWidth] bound to: 32'b00000000000000000000000001000000 
	Parameter CVA6Cfg[AxiDataWidth] bound to: 32'b00000000000000000000000001000000 
	Parameter CVA6Cfg[AxiIdWidth] bound to: 32'b00000000000000000000000000000100 
	Parameter CVA6Cfg[AxiUserWidth] bound to: 32'b00000000000000000000000000000001 
	Parameter CVA6Cfg[MEM_TID_WIDTH] bound to: 32'b00000000000000000000000000000010 
	Parameter CVA6Cfg[NrLoadBufEntries] bound to: 32'b00000000000000000000000000000010 
	Parameter CVA6Cfg[RVF] bound to: 1'b0 
	Parameter CVA6Cfg[RVD] bound to: 1'b0 
	Parameter CVA6Cfg[XF16] bound to: 1'b0 
	Parameter CVA6Cfg[XF16ALT] bound to: 1'b0 
	Parameter CVA6Cfg[XF8] bound to: 1'b0 
	Parameter CVA6Cfg[RVA] bound to: 1'b0 
	Parameter CVA6Cfg[RVB] bound to: 1'b0 
	Parameter CVA6Cfg[ZKN] bound to: 1'b0 
	Parameter CVA6Cfg[RVV] bound to: 1'b0 
	Parameter CVA6Cfg[RVC] bound to: 1'b1 
	Parameter CVA6Cfg[RVH] bound to: 1'b0 
	Parameter CVA6Cfg[RVZCB] bound to: 1'b0 
	Parameter CVA6Cfg[RVZCMP] bound to: 1'b0 
	Parameter CVA6Cfg[RVZCMT] bound to: 1'b0 
	Parameter CVA6Cfg[XFVec] bound to: 1'b0 
	Parameter CVA6Cfg[CvxifEn] bound to: 1'b1 
	Parameter CVA6Cfg[CoproType] bound to: 32'sb00000000000000000000000000000000 
	Parameter CVA6Cfg[RVZiCond] bound to: 1'b0 
	Parameter CVA6Cfg[RVZicntr] bound to: 1'b1 
	Parameter CVA6Cfg[RVZihpm] bound to: 1'b1 
	Parameter CVA6Cfg[NR_SB_ENTRIES] bound to: 32'b00000000000000000000000000001000 
	Parameter CVA6Cfg[TRANS_ID_BITS] bound to: 32'b00000000000000000000000000000011 
	Parameter CVA6Cfg[FpPresent] bound to: 1'b0 
	Parameter CVA6Cfg[NSX] bound to: 1'b0 
	Parameter CVA6Cfg[FLen] bound to: 32'b00000000000000000000000000000001 
	Parameter CVA6Cfg[RVFVec] bound to: 1'b0 
	Parameter CVA6Cfg[XF16Vec] bound to: 1'b0 
	Parameter CVA6Cfg[XF16ALTVec] bound to: 1'b0 
	Parameter CVA6Cfg[XF8Vec] bound to: 1'b0 
	Parameter CVA6Cfg[NrRgprPorts] bound to: 32'b00000000000000000000000000000010 
	Parameter CVA6Cfg[NrWbPorts] bound to: 32'b00000000000000000000000000000101 
	Parameter CVA6Cfg[EnableAccelerator] bound to: 1'b0 
	Parameter CVA6Cfg[PerfCounterEn] bound to: 1'b1 
	Parameter CVA6Cfg[MmuPresent] bound to: 1'b0 
	Parameter CVA6Cfg[RVS] bound to: 1'b1 
	Parameter CVA6Cfg[RVU] bound to: 1'b1 
	Parameter CVA6Cfg[SoftwareInterruptEn] bound to: 1'b1 
	Parameter CVA6Cfg[HaltAddress] bound to: 64'b0000000000000000000000000000000000000000000000000000100000000000 
	Parameter CVA6Cfg[ExceptionAddress] bound to: 64'b0000000000000000000000000000000000000000000000000000100000001000 
	Parameter CVA6Cfg[RASDepth] bound to: 32'b00000000000000000000000000000010 
	Parameter CVA6Cfg[BTBEntries] bound to: 32'b00000000000000000000000000100000 
	Parameter CVA6Cfg[BPType] bound to: 1'b0 
	Parameter CVA6Cfg[BHTEntries] bound to: 32'b00000000000000000000000010000000 
	Parameter CVA6Cfg[BHTHist] bound to: 32'b00000000000000000000000000000011 
	Parameter CVA6Cfg[InstrTlbEntries] bound to: 32'b00000000000000000000000000000010 
	Parameter CVA6Cfg[DataTlbEntries] bound to: 32'b00000000000000000000000000000010 
	Parameter CVA6Cfg[UseSharedTlb] bound to: 1'b1 
	Parameter CVA6Cfg[SharedTlbDepth] bound to: 32'b00000000000000000000000001000000 
	Parameter CVA6Cfg[VpnLen] bound to: 32'b00000000000000000000000000010100 
	Parameter CVA6Cfg[PtLevels] bound to: 32'b00000000000000000000000000000010 
	Parameter CVA6Cfg[DmBaseAddress] bound to: 64'b0000000000000000000000000000000000000000000000000000000000000000 
	Parameter CVA6Cfg[TvalEn] bound to: 1'b1 
	Parameter CVA6Cfg[DirectVecOnly] bound to: 1'b0 
	Parameter CVA6Cfg[NrPMPEntries] bound to: 32'b00000000000000000000000000000000 
	Parameter CVA6Cfg[PMPCfgRstVal][63] bound to: 64'b0000000000000000000000000000000000000000000000000000000000000000 
	Parameter CVA6Cfg[PMPCfgRstVal][62] bound to: 64'b0000000000000000000000000000000000000000000000000000000000000000 
	Parameter CVA6Cfg[PMPCfgRstVal][61] bound to: 64'b0000000000000000000000000000000000000000000000000000000000000000 
	Parameter CVA6Cfg[PMPCfgRstVal][60] bound to: 64'b0000000000000000000000000000000000000000000000000000000000000000 
	Parameter CVA6Cfg[PMPCfgRstVal][59] bound to: 64'b0000000000000000000000000000000000000000000000000000000000000000 
	Parameter CVA6Cfg[PMPCfgRstVal][58] bound to: 64'b0000000000000000000000000000000000000000000000000000000000000000 
	Parameter CVA6Cfg[PMPCfgRstVal][57] bound to: 64'b0000000000000000000000000000000000000000000000000000000000000000 
	Parameter CVA6Cfg[PMPCfgRstVal][56] bound to: 64'b0000000000000000000000000000000000000000000000000000000000000000 
	Parameter CVA6Cfg[PMPCfgRstVal][55] bound to: 64'b0000000000000000000000000000000000000000000000000000000000000000 
	Parameter CVA6Cfg[PMPCfgRstVal][54] bound to: 64'b0000000000000000000000000000000000000000000000000000000000000000 
	Parameter CVA6Cfg[PMPCfgRstVal][53] bound to: 64'b0000000000000000000000000000000000000000000000000000000000000000 
	Parameter CVA6Cfg[PMPCfgRstVal][52] bound to: 64'b0000000000000000000000000000000000000000000000000000000000000000 
	Parameter CVA6Cfg[PMPCfgRstVal][51] bound to: 64'b0000000000000000000000000000000000000000000000000000000000000000 
	Parameter CVA6Cfg[PMPCfgRstVal][50] bound to: 64'b0000000000000000000000000000000000000000000000000000000000000000 
	Parameter CVA6Cfg[PMPCfgRstVal][49] bound to: 64'b0000000000000000000000000000000000000000000000000000000000000000 
	Parameter CVA6Cfg[PMPCfgRstVal][48] bound to: 64'b0000000000000000000000000000000000000000000000000000000000000000 
	Parameter CVA6Cfg[PMPCfgRstVal][47] bound to: 64'b0000000000000000000000000000000000000000000000000000000000000000 
	Parameter CVA6Cfg[PMPCfgRstVal][46] bound to: 64'b0000000000000000000000000000000000000000000000000000000000000000 
	Parameter CVA6Cfg[PMPCfgRstVal][45] bound to: 64'b0000000000000000000000000000000000000000000000000000000000000000 
	Parameter CVA6Cfg[PMPCfgRstVal][44] bound to: 64'b0000000000000000000000000000000000000000000000000000000000000000 
	Parameter CVA6Cfg[PMPCfgRstVal][43] bound to: 64'b0000000000000000000000000000000000000000000000000000000000000000 
	Parameter CVA6Cfg[PMPCfgRstVal][42] bound to: 64'b0000000000000000000000000000000000000000000000000000000000000000 
	Parameter CVA6Cfg[PMPCfgRstVal][41] bound to: 64'b0000000000000000000000000000000000000000000000000000000000000000 
	Parameter CVA6Cfg[PMPCfgRstVal][40] bound to: 64'b0000000000000000000000000000000000000000000000000000000000000000 
	Parameter CVA6Cfg[PMPCfgRstVal][39] bound to: 64'b0000000000000000000000000000000000000000000000000000000000000000 
	Parameter CVA6Cfg[PMPCfgRstVal][38] bound to: 64'b0000000000000000000000000000000000000000000000000000000000000000 
	Parameter CVA6Cfg[PMPCfgRstVal][37] bound to: 64'b0000000000000000000000000000000000000000000000000000000000000000 
	Parameter CVA6Cfg[PMPCfgRstVal][36] bound to: 64'b0000000000000000000000000000000000000000000000000000000000000000 
	Parameter CVA6Cfg[PMPCfgRstVal][35] bound to: 64'b0000000000000000000000000000000000000000000000000000000000000000 
	Parameter CVA6Cfg[PMPCfgRstVal][34] bound to: 64'b0000000000000000000000000000000000000000000000000000000000000000 
	Parameter CVA6Cfg[PMPCfgRstVal][33] bound to: 64'b0000000000000000000000000000000000000000000000000000000000000000 
	Parameter CVA6Cfg[PMPCfgRstVal][32] bound to: 64'b0000000000000000000000000000000000000000000000000000000000000000 
	Parameter CVA6Cfg[PMPCfgRstVal][31] bound to: 64'b0000000000000000000000000000000000000000000000000000000000000000 
	Parameter CVA6Cfg[PMPCfgRstVal][30] bound to: 64'b0000000000000000000000000000000000000000000000000000000000000000 
	Parameter CVA6Cfg[PMPCfgRstVal][29] bound to: 64'b0000000000000000000000000000000000000000000000000000000000000000 
	Parameter CVA6Cfg[PMPCfgRstVal][28] bound to: 64'b0000000000000000000000000000000000000000000000000000000000000000 
	Parameter CVA6Cfg[PMPCfgRstVal][27] bound to: 64'b0000000000000000000000000000000000000000000000000000000000000000 
	Parameter CVA6Cfg[PMPCfgRstVal][26] bound to: 64'b0000000000000000000000000000000000000000000000000000000000000000 
	Parameter CVA6Cfg[PMPCfgRstVal][25] bound to: 64'b0000000000000000000000000000000000000000000000000000000000000000 
	Parameter CVA6Cfg[PMPCfgRstVal][24] bound to: 64'b0000000000000000000000000000000000000000000000000000000000000000 
	Parameter CVA6Cfg[PMPCfgRstVal][23] bound to: 64'b0000000000000000000000000000000000000000000000000000000000000000 
	Parameter CVA6Cfg[PMPCfgRstVal][22] bound to: 64'b0000000000000000000000000000000000000000000000000000000000000000 
	Parameter CVA6Cfg[PMPCfgRstVal][21] bound to: 64'b0000000000000000000000000000000000000000000000000000000000000000 
	Parameter CVA6Cfg[PMPCfgRstVal][20] bound to: 64'b0000000000000000000000000000000000000000000000000000000000000000 
	Parameter CVA6Cfg[PMPCfgRstVal][19] bound to: 64'b0000000000000000000000000000000000000000000000000000000000000000 
	Parameter CVA6Cfg[PMPCfgRstVal][18] bound to: 64'b0000000000000000000000000000000000000000000000000000000000000000 
	Parameter CVA6Cfg[PMPCfgRstVal][17] bound to: 64'b0000000000000000000000000000000000000000000000000000000000000000 
	Parameter CVA6Cfg[PMPCfgRstVal][16] bound to: 64'b0000000000000000000000000000000000000000000000000000000000000000 
	Parameter CVA6Cfg[PMPCfgRstVal][15] bound to: 64'b0000000000000000000000000000000000000000000000000000000000000000 
	Parameter CVA6Cfg[PMPCfgRstVal][14] bound to: 64'b0000000000000000000000000000000000000000000000000000000000000000 
	Parameter CVA6Cfg[PMPCfgRstVal][13] bound to: 64'b0000000000000000000000000000000000000000000000000000000000000000 
	Parameter CVA6Cfg[PMPCfgRstVal][12] bound to: 64'b0000000000000000000000000000000000000000000000000000000000000000 
	Parameter CVA6Cfg[PMPCfgRstVal][11] bound to: 64'b0000000000000000000000000000000000000000000000000000000000000000 
	Parameter CVA6Cfg[PMPCfgRstVal][10] bound to: 64'b0000000000000000000000000000000000000000000000000000000000000000 
	Parameter CVA6Cfg[PMPCfgRstVal][9] bound to: 64'b0000000000000000000000000000000000000000000000000000000000000000 
	Parameter CVA6Cfg[PMPCfgRstVal][8] bound to: 64'b0000000000000000000000000000000000000000000000000000000000000000 
	Parameter CVA6Cfg[PMPCfgRstVal][7] bound to: 64'b0000000000000000000000000000000000000000000000000000000000000000 
	Parameter CVA6Cfg[PMPCfgRstVal][6] bound to: 64'b0000000000000000000000000000000000000000000000000000000000000000 
	Parameter CVA6Cfg[PMPCfgRstVal][5] bound to: 64'b0000000000000000000000000000000000000000000000000000000000000000 
	Parameter CVA6Cfg[PMPCfgRstVal][4] bound to: 64'b0000000000000000000000000000000000000000000000000000000000000000 
	Parameter CVA6Cfg[PMPCfgRstVal][3] bound to: 64'b0000000000000000000000000000000000000000000000000000000000000000 
	Parameter CVA6Cfg[PMPCfgRstVal][2] bound to: 64'b0000000000000000000000000000000000000000000000000000000000000000 
	Parameter CVA6Cfg[PMPCfgRstVal][1] bound to: 64'b0000000000000000000000000000000000000000000000000000000000000000 
	Parameter CVA6Cfg[PMPCfgRstVal][0] bound to: 64'b0000000000000000000000000000000000000000000000000000000000000000 
	Parameter CVA6Cfg[PMPAddrRstVal][63] bound to: 64'b0000000000000000000000000000000000000000000000000000000000000000 
	Parameter CVA6Cfg[PMPAddrRstVal][62] bound to: 64'b0000000000000000000000000000000000000000000000000000000000000000 
	Parameter CVA6Cfg[PMPAddrRstVal][61] bound to: 64'b0000000000000000000000000000000000000000000000000000000000000000 
	Parameter CVA6Cfg[PMPAddrRstVal][60] bound to: 64'b0000000000000000000000000000000000000000000000000000000000000000 
	Parameter CVA6Cfg[PMPAddrRstVal][59] bound to: 64'b0000000000000000000000000000000000000000000000000000000000000000 
	Parameter CVA6Cfg[PMPAddrRstVal][58] bound to: 64'b0000000000000000000000000000000000000000000000000000000000000000 
	Parameter CVA6Cfg[PMPAddrRstVal][57] bound to: 64'b0000000000000000000000000000000000000000000000000000000000000000 
	Parameter CVA6Cfg[PMPAddrRstVal][56] bound to: 64'b0000000000000000000000000000000000000000000000000000000000000000 
	Parameter CVA6Cfg[PMPAddrRstVal][55] bound to: 64'b0000000000000000000000000000000000000000000000000000000000000000 
	Parameter CVA6Cfg[PMPAddrRstVal][54] bound to: 64'b0000000000000000000000000000000000000000000000000000000000000000 
	Parameter CVA6Cfg[PMPAddrRstVal][53] bound to: 64'b0000000000000000000000000000000000000000000000000000000000000000 
	Parameter CVA6Cfg[PMPAddrRstVal][52] bound to: 64'b0000000000000000000000000000000000000000000000000000000000000000 
	Parameter CVA6Cfg[PMPAddrRstVal][51] bound to: 64'b0000000000000000000000000000000000000000000000000000000000000000 
	Parameter CVA6Cfg[PMPAddrRstVal][50] bound to: 64'b0000000000000000000000000000000000000000000000000000000000000000 
	Parameter CVA6Cfg[PMPAddrRstVal][49] bound to: 64'b0000000000000000000000000000000000000000000000000000000000000000 
	Parameter CVA6Cfg[PMPAddrRstVal][48] bound to: 64'b0000000000000000000000000000000000000000000000000000000000000000 
	Parameter CVA6Cfg[PMPAddrRstVal][47] bound to: 64'b0000000000000000000000000000000000000000000000000000000000000000 
	Parameter CVA6Cfg[PMPAddrRstVal][46] bound to: 64'b0000000000000000000000000000000000000000000000000000000000000000 
	Parameter CVA6Cfg[PMPAddrRstVal][45] bound to: 64'b0000000000000000000000000000000000000000000000000000000000000000 
	Parameter CVA6Cfg[PMPAddrRstVal][44] bound to: 64'b0000000000000000000000000000000000000000000000000000000000000000 
	Parameter CVA6Cfg[PMPAddrRstVal][43] bound to: 64'b0000000000000000000000000000000000000000000000000000000000000000 
	Parameter CVA6Cfg[PMPAddrRstVal][42] bound to: 64'b0000000000000000000000000000000000000000000000000000000000000000 
	Parameter CVA6Cfg[PMPAddrRstVal][41] bound to: 64'b0000000000000000000000000000000000000000000000000000000000000000 
	Parameter CVA6Cfg[PMPAddrRstVal][40] bound to: 64'b0000000000000000000000000000000000000000000000000000000000000000 
	Parameter CVA6Cfg[PMPAddrRstVal][39] bound to: 64'b0000000000000000000000000000000000000000000000000000000000000000 
	Parameter CVA6Cfg[PMPAddrRstVal][38] bound to: 64'b0000000000000000000000000000000000000000000000000000000000000000 
	Parameter CVA6Cfg[PMPAddrRstVal][37] bound to: 64'b0000000000000000000000000000000000000000000000000000000000000000 
	Parameter CVA6Cfg[PMPAddrRstVal][36] bound to: 64'b0000000000000000000000000000000000000000000000000000000000000000 
	Parameter CVA6Cfg[PMPAddrRstVal][35] bound to: 64'b0000000000000000000000000000000000000000000000000000000000000000 
	Parameter CVA6Cfg[PMPAddrRstVal][34] bound to: 64'b0000000000000000000000000000000000000000000000000000000000000000 
	Parameter CVA6Cfg[PMPAddrRstVal][33] bound to: 64'b0000000000000000000000000000000000000000000000000000000000000000 
	Parameter CVA6Cfg[PMPAddrRstVal][32] bound to: 64'b0000000000000000000000000000000000000000000000000000000000000000 
	Parameter CVA6Cfg[PMPAddrRstVal][31] bound to: 64'b0000000000000000000000000000000000000000000000000000000000000000 
	Parameter CVA6Cfg[PMPAddrRstVal][30] bound to: 64'b0000000000000000000000000000000000000000000000000000000000000000 
	Parameter CVA6Cfg[PMPAddrRstVal][29] bound to: 64'b0000000000000000000000000000000000000000000000000000000000000000 
	Parameter CVA6Cfg[PMPAddrRstVal][28] bound to: 64'b0000000000000000000000000000000000000000000000000000000000000000 
	Parameter CVA6Cfg[PMPAddrRstVal][27] bound to: 64'b0000000000000000000000000000000000000000000000000000000000000000 
	Parameter CVA6Cfg[PMPAddrRstVal][26] bound to: 64'b0000000000000000000000000000000000000000000000000000000000000000 
	Parameter CVA6Cfg[PMPAddrRstVal][25] bound to: 64'b0000000000000000000000000000000000000000000000000000000000000000 
	Parameter CVA6Cfg[PMPAddrRstVal][24] bound to: 64'b0000000000000000000000000000000000000000000000000000000000000000 
	Parameter CVA6Cfg[PMPAddrRstVal][23] bound to: 64'b0000000000000000000000000000000000000000000000000000000000000000 
	Parameter CVA6Cfg[PMPAddrRstVal][22] bound to: 64'b0000000000000000000000000000000000000000000000000000000000000000 
	Parameter CVA6Cfg[PMPAddrRstVal][21] bound to: 64'b0000000000000000000000000000000000000000000000000000000000000000 
	Parameter CVA6Cfg[PMPAddrRstVal][20] bound to: 64'b0000000000000000000000000000000000000000000000000000000000000000 
	Parameter CVA6Cfg[PMPAddrRstVal][19] bound to: 64'b0000000000000000000000000000000000000000000000000000000000000000 
	Parameter CVA6Cfg[PMPAddrRstVal][18] bound to: 64'b0000000000000000000000000000000000000000000000000000000000000000 
	Parameter CVA6Cfg[PMPAddrRstVal][17] bound to: 64'b0000000000000000000000000000000000000000000000000000000000000000 
	Parameter CVA6Cfg[PMPAddrRstVal][16] bound to: 64'b0000000000000000000000000000000000000000000000000000000000000000 
	Parameter CVA6Cfg[PMPAddrRstVal][15] bound to: 64'b0000000000000000000000000000000000000000000000000000000000000000 
	Parameter CVA6Cfg[PMPAddrRstVal][14] bound to: 64'b0000000000000000000000000000000000000000000000000000000000000000 
	Parameter CVA6Cfg[PMPAddrRstVal][13] bound to: 64'b0000000000000000000000000000000000000000000000000000000000000000 
	Parameter CVA6Cfg[PMPAddrRstVal][12] bound to: 64'b0000000000000000000000000000000000000000000000000000000000000000 
	Parameter CVA6Cfg[PMPAddrRstVal][11] bound to: 64'b0000000000000000000000000000000000000000000000000000000000000000 
	Parameter CVA6Cfg[PMPAddrRstVal][10] bound to: 64'b0000000000000000000000000000000000000000000000000000000000000000 
	Parameter CVA6Cfg[PMPAddrRstVal][9] bound to: 64'b0000000000000000000000000000000000000000000000000000000000000000 
	Parameter CVA6Cfg[PMPAddrRstVal][8] bound to: 64'b0000000000000000000000000000000000000000000000000000000000000000 
	Parameter CVA6Cfg[PMPAddrRstVal][7] bound to: 64'b0000000000000000000000000000000000000000000000000000000000000000 
	Parameter CVA6Cfg[PMPAddrRstVal][6] bound to: 64'b0000000000000000000000000000000000000000000000000000000000000000 
	Parameter CVA6Cfg[PMPAddrRstVal][5] bound to: 64'b0000000000000000000000000000000000000000000000000000000000000000 
	Parameter CVA6Cfg[PMPAddrRstVal][4] bound to: 64'b0000000000000000000000000000000000000000000000000000000000000000 
	Parameter CVA6Cfg[PMPAddrRstVal][3] bound to: 64'b0000000000000000000000000000000000000000000000000000000000000000 
	Parameter CVA6Cfg[PMPAddrRstVal][2] bound to: 64'b0000000000000000000000000000000000000000000000000000000000000000 
	Parameter CVA6Cfg[PMPAddrRstVal][1] bound to: 64'b0000000000000000000000000000000000000000000000000000000000000000 
	Parameter CVA6Cfg[PMPAddrRstVal][0] bound to: 64'b0000000000000000000000000000000000000000000000000000000000000000 
	Parameter CVA6Cfg[PMPEntryReadOnly] bound to: 64'b0000000000000000000000000000000000000000000000000000000000000000 
	Parameter CVA6Cfg[PMPNapotEn] bound to: 1'b0 
	Parameter CVA6Cfg[NOCType] bound to: 32'sb00000000000000000000000000000000 
	Parameter CVA6Cfg[NrNonIdempotentRules] bound to: 32'b00000000000000000000000000000010 
	Parameter CVA6Cfg[NonIdempotentAddrBase][15] bound to: 64'b0000000000000000000000000000000000000000000000000000000000000000 
	Parameter CVA6Cfg[NonIdempotentAddrBase][14] bound to: 64'b0000000000000000000000000000000000000000000000000000000000000000 
	Parameter CVA6Cfg[NonIdempotentAddrBase][13] bound to: 64'b0000000000000000000000000000000000000000000000000000000000000000 
	Parameter CVA6Cfg[NonIdempotentAddrBase][12] bound to: 64'b0000000000000000000000000000000000000000000000000000000000000000 
	Parameter CVA6Cfg[NonIdempotentAddrBase][11] bound to: 64'b0000000000000000000000000000000000000000000000000000000000000000 
	Parameter CVA6Cfg[NonIdempotentAddrBase][10] bound to: 64'b0000000000000000000000000000000000000000000000000000000000000000 
	Parameter CVA6Cfg[NonIdempotentAddrBase][9] bound to: 64'b0000000000000000000000000000000000000000000000000000000000000000 
	Parameter CVA6Cfg[NonIdempotentAddrBase][8] bound to: 64'b0000000000000000000000000000000000000000000000000000000000000000 
	Parameter CVA6Cfg[NonIdempotentAddrBase][7] bound to: 64'b0000000000000000000000000000000000000000000000000000000000000000 
	Parameter CVA6Cfg[NonIdempotentAddrBase][6] bound to: 64'b0000000000000000000000000000000000000000000000000000000000000000 
	Parameter CVA6Cfg[NonIdempotentAddrBase][5] bound to: 64'b0000000000000000000000000000000000000000000000000000000000000000 
	Parameter CVA6Cfg[NonIdempotentAddrBase][4] bound to: 64'b0000000000000000000000000000000000000000000000000000000000000000 
	Parameter CVA6Cfg[NonIdempotentAddrBase][3] bound to: 64'b0000000000000000000000000000000000000000000000000000000000000000 
	Parameter CVA6Cfg[NonIdempotentAddrBase][2] bound to: 64'b0000000000000000000000000000000000000000000000000000000000000000 
	Parameter CVA6Cfg[NonIdempotentAddrBase][1] bound to: 64'b0000000000000000000000000000000011000000000000000000000000000000 
	Parameter CVA6Cfg[NonIdempotentAddrBase][0] bound to: 64'b0000000000000000000000000000000011010000000000000000000000000000 
	Parameter CVA6Cfg[NonIdempotentLength][15] bound to: 64'b0000000000000000000000000000000000000000000000000000000000000000 
	Parameter CVA6Cfg[NonIdempotentLength][14] bound to: 64'b0000000000000000000000000000000000000000000000000000000000000000 
	Parameter CVA6Cfg[NonIdempotentLength][13] bound to: 64'b0000000000000000000000000000000000000000000000000000000000000000 
	Parameter CVA6Cfg[NonIdempotentLength][12] bound to: 64'b0000000000000000000000000000000000000000000000000000000000000000 
	Parameter CVA6Cfg[NonIdempotentLength][11] bound to: 64'b0000000000000000000000000000000000000000000000000000000000000000 
	Parameter CVA6Cfg[NonIdempotentLength][10] bound to: 64'b0000000000000000000000000000000000000000000000000000000000000000 
	Parameter CVA6Cfg[NonIdempotentLength][9] bound to: 64'b0000000000000000000000000000000000000000000000000000000000000000 
	Parameter CVA6Cfg[NonIdempotentLength][8] bound to: 64'b0000000000000000000000000000000000000000000000000000000000000000 
	Parameter CVA6Cfg[NonIdempotentLength][7] bound to: 64'b0000000000000000000000000000000000000000000000000000000000000000 
	Parameter CVA6Cfg[NonIdempotentLength][6] bound to: 64'b0000000000000000000000000000000000000000000000000000000000000000 
	Parameter CVA6Cfg[NonIdempotentLength][5] bound to: 64'b0000000000000000000000000000000000000000000000000000000000000000 
	Parameter CVA6Cfg[NonIdempotentLength][4] bound to: 64'b0000000000000000000000000000000000000000000000000000000000000000 
	Parameter CVA6Cfg[NonIdempotentLength][3] bound to: 64'b0000000000000000000000000000000000000000000000000000000000000000 
	Parameter CVA6Cfg[NonIdempotentLength][2] bound to: 64'b0000000000000000000000000000000000000000000000000000000000000000 
	Parameter CVA6Cfg[NonIdempotentLength][1] bound to: 64'b0000000000000000000000000000000000000000000000100000000000000000 
	Parameter CVA6Cfg[NonIdempotentLength][0] bound to: 64'b0000000000000000000000000000000000000000000000000000000000010000 
	Parameter CVA6Cfg[NrExecuteRegionRules] bound to: 32'b00000000000000000000000000000011 
	Parameter CVA6Cfg[ExecuteRegionAddrBase][15] bound to: 64'b0000000000000000000000000000000000000000000000000000000000000000 
	Parameter CVA6Cfg[ExecuteRegionAddrBase][14] bound to: 64'b0000000000000000000000000000000000000000000000000000000000000000 
	Parameter CVA6Cfg[ExecuteRegionAddrBase][13] bound to: 64'b0000000000000000000000000000000000000000000000000000000000000000 
	Parameter CVA6Cfg[ExecuteRegionAddrBase][12] bound to: 64'b0000000000000000000000000000000000000000000000000000000000000000 
	Parameter CVA6Cfg[ExecuteRegionAddrBase][11] bound to: 64'b0000000000000000000000000000000000000000000000000000000000000000 
	Parameter CVA6Cfg[ExecuteRegionAddrBase][10] bound to: 64'b0000000000000000000000000000000000000000000000000000000000000000 
	Parameter CVA6Cfg[ExecuteRegionAddrBase][9] bound to: 64'b0000000000000000000000000000000000000000000000000000000000000000 
	Parameter CVA6Cfg[ExecuteRegionAddrBase][8] bound to: 64'b0000000000000000000000000000000000000000000000000000000000000000 
	Parameter CVA6Cfg[ExecuteRegionAddrBase][7] bound to: 64'b0000000000000000000000000000000000000000000000000000000000000000 
	Parameter CVA6Cfg[ExecuteRegionAddrBase][6] bound to: 64'b0000000000000000000000000000000000000000000000000000000000000000 
	Parameter CVA6Cfg[ExecuteRegionAddrBase][5] bound to: 64'b0000000000000000000000000000000000000000000000000000000000000000 
	Parameter CVA6Cfg[ExecuteRegionAddrBase][4] bound to: 64'b0000000000000000000000000000000000000000000000000000000000000000 
	Parameter CVA6Cfg[ExecuteRegionAddrBase][3] bound to: 64'b0000000000000000000000000000000000000000000000000000000000000000 
	Parameter CVA6Cfg[ExecuteRegionAddrBase][2] bound to: 64'b0000000000000000000000000000000010000000000000000000000000000000 
	Parameter CVA6Cfg[ExecuteRegionAddrBase][1] bound to: 64'b0000000000000000000000000000000000000000000000010000000000000000 
	Parameter CVA6Cfg[ExecuteRegionAddrBase][0] bound to: 64'b0000000000000000000000000000000000000000000000000000000000000000 
	Parameter CVA6Cfg[ExecuteRegionLength][15] bound to: 64'b0000000000000000000000000000000000000000000000000000000000000000 
	Parameter CVA6Cfg[ExecuteRegionLength][14] bound to: 64'b0000000000000000000000000000000000000000000000000000000000000000 
	Parameter CVA6Cfg[ExecuteRegionLength][13] bound to: 64'b0000000000000000000000000000000000000000000000000000000000000000 
	Parameter CVA6Cfg[ExecuteRegionLength][12] bound to: 64'b0000000000000000000000000000000000000000000000000000000000000000 
	Parameter CVA6Cfg[ExecuteRegionLength][11] bound to: 64'b0000000000000000000000000000000000000000000000000000000000000000 
	Parameter CVA6Cfg[ExecuteRegionLength][10] bound to: 64'b0000000000000000000000000000000000000000000000000000000000000000 
	Parameter CVA6Cfg[ExecuteRegionLength][9] bound to: 64'b0000000000000000000000000000000000000000000000000000000000000000 
	Parameter CVA6Cfg[ExecuteRegionLength][8] bound to: 64'b0000000000000000000000000000000000000000000000000000000000000000 
	Parameter CVA6Cfg[ExecuteRegionLength][7] bound to: 64'b0000000000000000000000000000000000000000000000000000000000000000 
	Parameter CVA6Cfg[ExecuteRegionLength][6] bound to: 64'b0000000000000000000000000000000000000000000000000000000000000000 
	Parameter CVA6Cfg[ExecuteRegionLength][5] bound to: 64'b0000000000000000000000000000000000000000000000000000000000000000 
	Parameter CVA6Cfg[ExecuteRegionLength][4] bound to: 64'b0000000000000000000000000000000000000000000000000000000000000000 
	Parameter CVA6Cfg[ExecuteRegionLength][3] bound to: 64'b0000000000000000000000000000000000000000000000000000000000000000 
	Parameter CVA6Cfg[ExecuteRegionLength][2] bound to: 64'b0000000000000000000000000000000000000010000000000000000000000000 
	Parameter CVA6Cfg[ExecuteRegionLength][1] bound to: 64'b0000000000000000000000000000000000000000000000010000000000000000 
	Parameter CVA6Cfg[ExecuteRegionLength][0] bound to: 64'b0000000000000000000000000000000000000000000000000001000000000000 
	Parameter CVA6Cfg[NrCachedRegionRules] bound to: 32'b00000000000000000000000000000001 
	Parameter CVA6Cfg[CachedRegionAddrBase][15] bound to: 64'b0000000000000000000000000000000000000000000000000000000000000000 
	Parameter CVA6Cfg[CachedRegionAddrBase][14] bound to: 64'b0000000000000000000000000000000000000000000000000000000000000000 
	Parameter CVA6Cfg[CachedRegionAddrBase][13] bound to: 64'b0000000000000000000000000000000000000000000000000000000000000000 
	Parameter CVA6Cfg[CachedRegionAddrBase][12] bound to: 64'b0000000000000000000000000000000000000000000000000000000000000000 
	Parameter CVA6Cfg[CachedRegionAddrBase][11] bound to: 64'b0000000000000000000000000000000000000000000000000000000000000000 
	Parameter CVA6Cfg[CachedRegionAddrBase][10] bound to: 64'b0000000000000000000000000000000000000000000000000000000000000000 
	Parameter CVA6Cfg[CachedRegionAddrBase][9] bound to: 64'b0000000000000000000000000000000000000000000000000000000000000000 
	Parameter CVA6Cfg[CachedRegionAddrBase][8] bound to: 64'b0000000000000000000000000000000000000000000000000000000000000000 
	Parameter CVA6Cfg[CachedRegionAddrBase][7] bound to: 64'b0000000000000000000000000000000000000000000000000000000000000000 
	Parameter CVA6Cfg[CachedRegionAddrBase][6] bound to: 64'b0000000000000000000000000000000000000000000000000000000000000000 
	Parameter CVA6Cfg[CachedRegionAddrBase][5] bound to: 64'b0000000000000000000000000000000000000000000000000000000000000000 
	Parameter CVA6Cfg[CachedRegionAddrBase][4] bound to: 64'b0000000000000000000000000000000000000000000000000000000000000000 
	Parameter CVA6Cfg[CachedRegionAddrBase][3] bound to: 64'b0000000000000000000000000000000000000000000000000000000000000000 
	Parameter CVA6Cfg[CachedRegionAddrBase][2] bound to: 64'b0000000000000000000000000000000000000000000000000000000000000000 
	Parameter CVA6Cfg[CachedRegionAddrBase][1] bound to: 64'b0000000000000000000000000000000000000000000000000000000000000000 
	Parameter CVA6Cfg[CachedRegionAddrBase][0] bound to: 64'b0000000000000000000000000000000010000000000000000000000000000000 
	Parameter CVA6Cfg[CachedRegionLength][15] bound to: 64'b0000000000000000000000000000000000000000000000000000000000000000 
	Parameter CVA6Cfg[CachedRegionLength][14] bound to: 64'b0000000000000000000000000000000000000000000000000000000000000000 
	Parameter CVA6Cfg[CachedRegionLength][13] bound to: 64'b0000000000000000000000000000000000000000000000000000000000000000 
	Parameter CVA6Cfg[CachedRegionLength][12] bound to: 64'b0000000000000000000000000000000000000000000000000000000000000000 
	Parameter CVA6Cfg[CachedRegionLength][11] bound to: 64'b0000000000000000000000000000000000000000000000000000000000000000 
	Parameter CVA6Cfg[CachedRegionLength][10] bound to: 64'b0000000000000000000000000000000000000000000000000000000000000000 
	Parameter CVA6Cfg[CachedRegionLength][9] bound to: 64'b0000000000000000000000000000000000000000000000000000000000000000 
	Parameter CVA6Cfg[CachedRegionLength][8] bound to: 64'b0000000000000000000000000000000000000000000000000000000000000000 
	Parameter CVA6Cfg[CachedRegionLength][7] bound to: 64'b0000000000000000000000000000000000000000000000000000000000000000 
	Parameter CVA6Cfg[CachedRegionLength][6] bound to: 64'b0000000000000000000000000000000000000000000000000000000000000000 
	Parameter CVA6Cfg[CachedRegionLength][5] bound to: 64'b0000000000000000000000000000000000000000000000000000000000000000 
	Parameter CVA6Cfg[CachedRegionLength][4] bound to: 64'b0000000000000000000000000000000000000000000000000000000000000000 
	Parameter CVA6Cfg[CachedRegionLength][3] bound to: 64'b0000000000000000000000000000000000000000000000000000000000000000 
	Parameter CVA6Cfg[CachedRegionLength][2] bound to: 64'b0000000000000000000000000000000000000000000000000000000000000000 
	Parameter CVA6Cfg[CachedRegionLength][1] bound to: 64'b0000000000000000000000000000000000000000000000000000000000000000 
	Parameter CVA6Cfg[CachedRegionLength][0] bound to: 64'b0000000000000000000000000000000000000010000000000000000000000000 
	Parameter CVA6Cfg[MaxOutstandingStores] bound to: 32'b00000000000000000000000000000111 
	Parameter CVA6Cfg[DebugEn] bound to: 1'b0 
	Parameter CVA6Cfg[NonIdemPotenceEn] bound to: 1'b1 
	Parameter CVA6Cfg[AxiBurstWriteEn] bound to: 1'b1 
	Parameter CVA6Cfg[ICACHE_SET_ASSOC] bound to: 32'b00000000000000000000000000000100 
	Parameter CVA6Cfg[ICACHE_SET_ASSOC_WIDTH] bound to: 32'b00000000000000000000000000000010 
	Parameter CVA6Cfg[ICACHE_INDEX_WIDTH] bound to: 32'b00000000000000000000000000001010 
	Parameter CVA6Cfg[ICACHE_TAG_WIDTH] bound to: 32'b00000000000000000000000000011000 
	Parameter CVA6Cfg[ICACHE_LINE_WIDTH] bound to: 32'b00000000000000000000000010000000 
	Parameter CVA6Cfg[ICACHE_USER_LINE_WIDTH] bound to: 32'b00000000000000000000000000000100 
	Parameter CVA6Cfg[DCacheType] bound to: 3'b001 
	Parameter CVA6Cfg[DcacheIdWidth] bound to: 32'b00000000000000000000000000000001 
	Parameter CVA6Cfg[DCACHE_SET_ASSOC] bound to: 32'b00000000000000000000000000000100 
	Parameter CVA6Cfg[DCACHE_SET_ASSOC_WIDTH] bound to: 32'b00000000000000000000000000000010 
	Parameter CVA6Cfg[DCACHE_INDEX_WIDTH] bound to: 32'b00000000000000000000000000001011 
	Parameter CVA6Cfg[DCACHE_TAG_WIDTH] bound to: 32'b00000000000000000000000000010111 
	Parameter CVA6Cfg[DCACHE_LINE_WIDTH] bound to: 32'b00000000000000000000000100000000 
	Parameter CVA6Cfg[DCACHE_USER_LINE_WIDTH] bound to: 32'b00000000000000000000000000000100 
	Parameter CVA6Cfg[DCACHE_USER_WIDTH] bound to: 32'b00000000000000000000000000000001 
	Parameter CVA6Cfg[DCACHE_OFFSET_WIDTH] bound to: 32'b00000000000000000000000000000101 
	Parameter CVA6Cfg[DCACHE_NUM_WORDS] bound to: 32'b00000000000000000000000001000000 
	Parameter CVA6Cfg[DCACHE_MAX_TX] bound to: 32'b00000000000000000000000000000100 
	Parameter CVA6Cfg[DcacheFlushOnFence] bound to: 1'b0 
	Parameter CVA6Cfg[DcacheInvalidateOnFlush] bound to: 1'b0 
	Parameter CVA6Cfg[DATA_USER_EN] bound to: 32'b00000000000000000000000000000000 
	Parameter CVA6Cfg[WtDcacheWbufDepth] bound to: 32'b00000000000000000000000000001000 
	Parameter CVA6Cfg[FETCH_USER_WIDTH] bound to: 32'b00000000000000000000000000100000 
	Parameter CVA6Cfg[FETCH_USER_EN] bound to: 32'b00000000000000000000000000000000 
	Parameter CVA6Cfg[AXI_USER_EN] bound to: 1'b0 
	Parameter CVA6Cfg[FETCH_WIDTH] bound to: 32'b00000000000000000000000000100000 
	Parameter CVA6Cfg[FETCH_ALIGN_BITS] bound to: 32'b00000000000000000000000000000010 
	Parameter CVA6Cfg[INSTR_PER_FETCH] bound to: 32'b00000000000000000000000000000010 
	Parameter CVA6Cfg[LOG2_INSTR_PER_FETCH] bound to: 32'b00000000000000000000000000000001 
	Parameter CVA6Cfg[ModeW] bound to: 32'b00000000000000000000000000000001 
	Parameter CVA6Cfg[ASIDW] bound to: 32'b00000000000000000000000000001001 
	Parameter CVA6Cfg[VMIDW] bound to: 32'b00000000000000000000000000000111 
	Parameter CVA6Cfg[PPNW] bound to: 32'b00000000000000000000000000010110 
	Parameter CVA6Cfg[GPPNW] bound to: 32'b00000000000000000000000000010110 
	Parameter CVA6Cfg[MODE_SV] bound to: 4'b0001 
	Parameter CVA6Cfg[SV] bound to: 32'b00000000000000000000000000100000 
	Parameter CVA6Cfg[SVX] bound to: 32'b00000000000000000000000000100010 
	Parameter CVA6Cfg[X_NUM_RS] bound to: 32'b00000000000000000000000000000010 
	Parameter CVA6Cfg[X_ID_WIDTH] bound to: 32'b00000000000000000000000000000011 
	Parameter CVA6Cfg[X_RFR_WIDTH] bound to: 32'b00000000000000000000000000100000 
	Parameter CVA6Cfg[X_RFW_WIDTH] bound to: 32'b00000000000000000000000000100000 
	Parameter CVA6Cfg[X_NUM_HARTS] bound to: 32'b00000000000000000000000000000001 
	Parameter CVA6Cfg[X_HARTID_WIDTH] bound to: 32'b00000000000000000000000000100000 
	Parameter CVA6Cfg[X_DUALREAD] bound to: 32'b00000000000000000000000000000000 
	Parameter CVA6Cfg[X_DUALWRITE] bound to: 32'b00000000000000000000000000000000 
	Parameter CVA6Cfg[X_ISSUE_REGISTER_SPLIT] bound to: 32'b00000000000000000000000000000000 
	Parameter NumPorts bound to: 4 - type: integer 
INFO: [Synth 8-6157] synthesizing module 'cva6_icache' [/home/alex/Isolde/MatrixAcceleratorDemo/src/ips/ariane/core/cache_subsystem/cva6_icache.sv:28]
	Parameter CVA6Cfg[XLEN] bound to: 32'b00000000000000000000000000100000 
	Parameter CVA6Cfg[VLEN] bound to: 32'b00000000000000000000000000100000 
	Parameter CVA6Cfg[PLEN] bound to: 32'b00000000000000000000000000100010 
	Parameter CVA6Cfg[GPLEN] bound to: 32'b00000000000000000000000000100010 
	Parameter CVA6Cfg[IS_XLEN32] bound to: 1'b1 
	Parameter CVA6Cfg[IS_XLEN64] bound to: 1'b0 
	Parameter CVA6Cfg[XLEN_ALIGN_BYTES] bound to: 32'b00000000000000000000000000000010 
	Parameter CVA6Cfg[ASID_WIDTH] bound to: 32'b00000000000000000000000000000001 
	Parameter CVA6Cfg[VMID_WIDTH] bound to: 32'b00000000000000000000000000000001 
	Parameter CVA6Cfg[FpgaEn] bound to: 1'b1 
	Parameter CVA6Cfg[FpgaAlteraEn] bound to: 1'b0 
	Parameter CVA6Cfg[TechnoCut] bound to: 1'b0 
	Parameter CVA6Cfg[SuperscalarEn] bound to: 1'b0 
	Parameter CVA6Cfg[NrCommitPorts] bound to: 32'b00000000000000000000000000000010 
	Parameter CVA6Cfg[NrIssuePorts] bound to: 32'b00000000000000000000000000000001 
	Parameter CVA6Cfg[SpeculativeSb] bound to: 1'b0 
	Parameter CVA6Cfg[NrLoadPipeRegs] bound to: 32'b00000000000000000000000000000001 
	Parameter CVA6Cfg[NrStorePipeRegs] bound to: 32'b00000000000000000000000000000000 
	Parameter CVA6Cfg[AxiAddrWidth] bound to: 32'b00000000000000000000000001000000 
	Parameter CVA6Cfg[AxiDataWidth] bound to: 32'b00000000000000000000000001000000 
	Parameter CVA6Cfg[AxiIdWidth] bound to: 32'b00000000000000000000000000000100 
	Parameter CVA6Cfg[AxiUserWidth] bound to: 32'b00000000000000000000000000000001 
	Parameter CVA6Cfg[MEM_TID_WIDTH] bound to: 32'b00000000000000000000000000000010 
	Parameter CVA6Cfg[NrLoadBufEntries] bound to: 32'b00000000000000000000000000000010 
	Parameter CVA6Cfg[RVF] bound to: 1'b0 
	Parameter CVA6Cfg[RVD] bound to: 1'b0 
	Parameter CVA6Cfg[XF16] bound to: 1'b0 
	Parameter CVA6Cfg[XF16ALT] bound to: 1'b0 
	Parameter CVA6Cfg[XF8] bound to: 1'b0 
	Parameter CVA6Cfg[RVA] bound to: 1'b0 
	Parameter CVA6Cfg[RVB] bound to: 1'b0 
	Parameter CVA6Cfg[ZKN] bound to: 1'b0 
	Parameter CVA6Cfg[RVV] bound to: 1'b0 
	Parameter CVA6Cfg[RVC] bound to: 1'b1 
	Parameter CVA6Cfg[RVH] bound to: 1'b0 
	Parameter CVA6Cfg[RVZCB] bound to: 1'b0 
	Parameter CVA6Cfg[RVZCMP] bound to: 1'b0 
	Parameter CVA6Cfg[RVZCMT] bound to: 1'b0 
	Parameter CVA6Cfg[XFVec] bound to: 1'b0 
	Parameter CVA6Cfg[CvxifEn] bound to: 1'b1 
	Parameter CVA6Cfg[CoproType] bound to: 32'sb00000000000000000000000000000000 
	Parameter CVA6Cfg[RVZiCond] bound to: 1'b0 
	Parameter CVA6Cfg[RVZicntr] bound to: 1'b1 
	Parameter CVA6Cfg[RVZihpm] bound to: 1'b1 
	Parameter CVA6Cfg[NR_SB_ENTRIES] bound to: 32'b00000000000000000000000000001000 
	Parameter CVA6Cfg[TRANS_ID_BITS] bound to: 32'b00000000000000000000000000000011 
	Parameter CVA6Cfg[FpPresent] bound to: 1'b0 
	Parameter CVA6Cfg[NSX] bound to: 1'b0 
	Parameter CVA6Cfg[FLen] bound to: 32'b00000000000000000000000000000001 
	Parameter CVA6Cfg[RVFVec] bound to: 1'b0 
	Parameter CVA6Cfg[XF16Vec] bound to: 1'b0 
	Parameter CVA6Cfg[XF16ALTVec] bound to: 1'b0 
	Parameter CVA6Cfg[XF8Vec] bound to: 1'b0 
	Parameter CVA6Cfg[NrRgprPorts] bound to: 32'b00000000000000000000000000000010 
	Parameter CVA6Cfg[NrWbPorts] bound to: 32'b00000000000000000000000000000101 
	Parameter CVA6Cfg[EnableAccelerator] bound to: 1'b0 
	Parameter CVA6Cfg[PerfCounterEn] bound to: 1'b1 
	Parameter CVA6Cfg[MmuPresent] bound to: 1'b0 
	Parameter CVA6Cfg[RVS] bound to: 1'b1 
	Parameter CVA6Cfg[RVU] bound to: 1'b1 
	Parameter CVA6Cfg[SoftwareInterruptEn] bound to: 1'b1 
	Parameter CVA6Cfg[HaltAddress] bound to: 64'b0000000000000000000000000000000000000000000000000000100000000000 
	Parameter CVA6Cfg[ExceptionAddress] bound to: 64'b0000000000000000000000000000000000000000000000000000100000001000 
	Parameter CVA6Cfg[RASDepth] bound to: 32'b00000000000000000000000000000010 
	Parameter CVA6Cfg[BTBEntries] bound to: 32'b00000000000000000000000000100000 
	Parameter CVA6Cfg[BPType] bound to: 1'b0 
	Parameter CVA6Cfg[BHTEntries] bound to: 32'b00000000000000000000000010000000 
	Parameter CVA6Cfg[BHTHist] bound to: 32'b00000000000000000000000000000011 
	Parameter CVA6Cfg[InstrTlbEntries] bound to: 32'b00000000000000000000000000000010 
	Parameter CVA6Cfg[DataTlbEntries] bound to: 32'b00000000000000000000000000000010 
	Parameter CVA6Cfg[UseSharedTlb] bound to: 1'b1 
	Parameter CVA6Cfg[SharedTlbDepth] bound to: 32'b00000000000000000000000001000000 
	Parameter CVA6Cfg[VpnLen] bound to: 32'b00000000000000000000000000010100 
	Parameter CVA6Cfg[PtLevels] bound to: 32'b00000000000000000000000000000010 
	Parameter CVA6Cfg[DmBaseAddress] bound to: 64'b0000000000000000000000000000000000000000000000000000000000000000 
	Parameter CVA6Cfg[TvalEn] bound to: 1'b1 
	Parameter CVA6Cfg[DirectVecOnly] bound to: 1'b0 
	Parameter CVA6Cfg[NrPMPEntries] bound to: 32'b00000000000000000000000000000000 
	Parameter CVA6Cfg[PMPCfgRstVal][63] bound to: 64'b0000000000000000000000000000000000000000000000000000000000000000 
	Parameter CVA6Cfg[PMPCfgRstVal][62] bound to: 64'b0000000000000000000000000000000000000000000000000000000000000000 
	Parameter CVA6Cfg[PMPCfgRstVal][61] bound to: 64'b0000000000000000000000000000000000000000000000000000000000000000 
	Parameter CVA6Cfg[PMPCfgRstVal][60] bound to: 64'b0000000000000000000000000000000000000000000000000000000000000000 
	Parameter CVA6Cfg[PMPCfgRstVal][59] bound to: 64'b0000000000000000000000000000000000000000000000000000000000000000 
	Parameter CVA6Cfg[PMPCfgRstVal][58] bound to: 64'b0000000000000000000000000000000000000000000000000000000000000000 
	Parameter CVA6Cfg[PMPCfgRstVal][57] bound to: 64'b0000000000000000000000000000000000000000000000000000000000000000 
	Parameter CVA6Cfg[PMPCfgRstVal][56] bound to: 64'b0000000000000000000000000000000000000000000000000000000000000000 
	Parameter CVA6Cfg[PMPCfgRstVal][55] bound to: 64'b0000000000000000000000000000000000000000000000000000000000000000 
	Parameter CVA6Cfg[PMPCfgRstVal][54] bound to: 64'b0000000000000000000000000000000000000000000000000000000000000000 
	Parameter CVA6Cfg[PMPCfgRstVal][53] bound to: 64'b0000000000000000000000000000000000000000000000000000000000000000 
	Parameter CVA6Cfg[PMPCfgRstVal][52] bound to: 64'b0000000000000000000000000000000000000000000000000000000000000000 
	Parameter CVA6Cfg[PMPCfgRstVal][51] bound to: 64'b0000000000000000000000000000000000000000000000000000000000000000 
	Parameter CVA6Cfg[PMPCfgRstVal][50] bound to: 64'b0000000000000000000000000000000000000000000000000000000000000000 
	Parameter CVA6Cfg[PMPCfgRstVal][49] bound to: 64'b0000000000000000000000000000000000000000000000000000000000000000 
	Parameter CVA6Cfg[PMPCfgRstVal][48] bound to: 64'b0000000000000000000000000000000000000000000000000000000000000000 
	Parameter CVA6Cfg[PMPCfgRstVal][47] bound to: 64'b0000000000000000000000000000000000000000000000000000000000000000 
	Parameter CVA6Cfg[PMPCfgRstVal][46] bound to: 64'b0000000000000000000000000000000000000000000000000000000000000000 
	Parameter CVA6Cfg[PMPCfgRstVal][45] bound to: 64'b0000000000000000000000000000000000000000000000000000000000000000 
	Parameter CVA6Cfg[PMPCfgRstVal][44] bound to: 64'b0000000000000000000000000000000000000000000000000000000000000000 
	Parameter CVA6Cfg[PMPCfgRstVal][43] bound to: 64'b0000000000000000000000000000000000000000000000000000000000000000 
	Parameter CVA6Cfg[PMPCfgRstVal][42] bound to: 64'b0000000000000000000000000000000000000000000000000000000000000000 
	Parameter CVA6Cfg[PMPCfgRstVal][41] bound to: 64'b0000000000000000000000000000000000000000000000000000000000000000 
	Parameter CVA6Cfg[PMPCfgRstVal][40] bound to: 64'b0000000000000000000000000000000000000000000000000000000000000000 
	Parameter CVA6Cfg[PMPCfgRstVal][39] bound to: 64'b0000000000000000000000000000000000000000000000000000000000000000 
	Parameter CVA6Cfg[PMPCfgRstVal][38] bound to: 64'b0000000000000000000000000000000000000000000000000000000000000000 
	Parameter CVA6Cfg[PMPCfgRstVal][37] bound to: 64'b0000000000000000000000000000000000000000000000000000000000000000 
	Parameter CVA6Cfg[PMPCfgRstVal][36] bound to: 64'b0000000000000000000000000000000000000000000000000000000000000000 
	Parameter CVA6Cfg[PMPCfgRstVal][35] bound to: 64'b0000000000000000000000000000000000000000000000000000000000000000 
	Parameter CVA6Cfg[PMPCfgRstVal][34] bound to: 64'b0000000000000000000000000000000000000000000000000000000000000000 
	Parameter CVA6Cfg[PMPCfgRstVal][33] bound to: 64'b0000000000000000000000000000000000000000000000000000000000000000 
	Parameter CVA6Cfg[PMPCfgRstVal][32] bound to: 64'b0000000000000000000000000000000000000000000000000000000000000000 
	Parameter CVA6Cfg[PMPCfgRstVal][31] bound to: 64'b0000000000000000000000000000000000000000000000000000000000000000 
	Parameter CVA6Cfg[PMPCfgRstVal][30] bound to: 64'b0000000000000000000000000000000000000000000000000000000000000000 
	Parameter CVA6Cfg[PMPCfgRstVal][29] bound to: 64'b0000000000000000000000000000000000000000000000000000000000000000 
	Parameter CVA6Cfg[PMPCfgRstVal][28] bound to: 64'b0000000000000000000000000000000000000000000000000000000000000000 
	Parameter CVA6Cfg[PMPCfgRstVal][27] bound to: 64'b0000000000000000000000000000000000000000000000000000000000000000 
	Parameter CVA6Cfg[PMPCfgRstVal][26] bound to: 64'b0000000000000000000000000000000000000000000000000000000000000000 
	Parameter CVA6Cfg[PMPCfgRstVal][25] bound to: 64'b0000000000000000000000000000000000000000000000000000000000000000 
	Parameter CVA6Cfg[PMPCfgRstVal][24] bound to: 64'b0000000000000000000000000000000000000000000000000000000000000000 
	Parameter CVA6Cfg[PMPCfgRstVal][23] bound to: 64'b0000000000000000000000000000000000000000000000000000000000000000 
	Parameter CVA6Cfg[PMPCfgRstVal][22] bound to: 64'b0000000000000000000000000000000000000000000000000000000000000000 
	Parameter CVA6Cfg[PMPCfgRstVal][21] bound to: 64'b0000000000000000000000000000000000000000000000000000000000000000 
	Parameter CVA6Cfg[PMPCfgRstVal][20] bound to: 64'b0000000000000000000000000000000000000000000000000000000000000000 
	Parameter CVA6Cfg[PMPCfgRstVal][19] bound to: 64'b0000000000000000000000000000000000000000000000000000000000000000 
	Parameter CVA6Cfg[PMPCfgRstVal][18] bound to: 64'b0000000000000000000000000000000000000000000000000000000000000000 
	Parameter CVA6Cfg[PMPCfgRstVal][17] bound to: 64'b0000000000000000000000000000000000000000000000000000000000000000 
	Parameter CVA6Cfg[PMPCfgRstVal][16] bound to: 64'b0000000000000000000000000000000000000000000000000000000000000000 
	Parameter CVA6Cfg[PMPCfgRstVal][15] bound to: 64'b0000000000000000000000000000000000000000000000000000000000000000 
	Parameter CVA6Cfg[PMPCfgRstVal][14] bound to: 64'b0000000000000000000000000000000000000000000000000000000000000000 
	Parameter CVA6Cfg[PMPCfgRstVal][13] bound to: 64'b0000000000000000000000000000000000000000000000000000000000000000 
	Parameter CVA6Cfg[PMPCfgRstVal][12] bound to: 64'b0000000000000000000000000000000000000000000000000000000000000000 
	Parameter CVA6Cfg[PMPCfgRstVal][11] bound to: 64'b0000000000000000000000000000000000000000000000000000000000000000 
	Parameter CVA6Cfg[PMPCfgRstVal][10] bound to: 64'b0000000000000000000000000000000000000000000000000000000000000000 
	Parameter CVA6Cfg[PMPCfgRstVal][9] bound to: 64'b0000000000000000000000000000000000000000000000000000000000000000 
	Parameter CVA6Cfg[PMPCfgRstVal][8] bound to: 64'b0000000000000000000000000000000000000000000000000000000000000000 
	Parameter CVA6Cfg[PMPCfgRstVal][7] bound to: 64'b0000000000000000000000000000000000000000000000000000000000000000 
	Parameter CVA6Cfg[PMPCfgRstVal][6] bound to: 64'b0000000000000000000000000000000000000000000000000000000000000000 
	Parameter CVA6Cfg[PMPCfgRstVal][5] bound to: 64'b0000000000000000000000000000000000000000000000000000000000000000 
	Parameter CVA6Cfg[PMPCfgRstVal][4] bound to: 64'b0000000000000000000000000000000000000000000000000000000000000000 
	Parameter CVA6Cfg[PMPCfgRstVal][3] bound to: 64'b0000000000000000000000000000000000000000000000000000000000000000 
	Parameter CVA6Cfg[PMPCfgRstVal][2] bound to: 64'b0000000000000000000000000000000000000000000000000000000000000000 
	Parameter CVA6Cfg[PMPCfgRstVal][1] bound to: 64'b0000000000000000000000000000000000000000000000000000000000000000 
	Parameter CVA6Cfg[PMPCfgRstVal][0] bound to: 64'b0000000000000000000000000000000000000000000000000000000000000000 
	Parameter CVA6Cfg[PMPAddrRstVal][63] bound to: 64'b0000000000000000000000000000000000000000000000000000000000000000 
	Parameter CVA6Cfg[PMPAddrRstVal][62] bound to: 64'b0000000000000000000000000000000000000000000000000000000000000000 
	Parameter CVA6Cfg[PMPAddrRstVal][61] bound to: 64'b0000000000000000000000000000000000000000000000000000000000000000 
	Parameter CVA6Cfg[PMPAddrRstVal][60] bound to: 64'b0000000000000000000000000000000000000000000000000000000000000000 
	Parameter CVA6Cfg[PMPAddrRstVal][59] bound to: 64'b0000000000000000000000000000000000000000000000000000000000000000 
	Parameter CVA6Cfg[PMPAddrRstVal][58] bound to: 64'b0000000000000000000000000000000000000000000000000000000000000000 
	Parameter CVA6Cfg[PMPAddrRstVal][57] bound to: 64'b0000000000000000000000000000000000000000000000000000000000000000 
	Parameter CVA6Cfg[PMPAddrRstVal][56] bound to: 64'b0000000000000000000000000000000000000000000000000000000000000000 
	Parameter CVA6Cfg[PMPAddrRstVal][55] bound to: 64'b0000000000000000000000000000000000000000000000000000000000000000 
	Parameter CVA6Cfg[PMPAddrRstVal][54] bound to: 64'b0000000000000000000000000000000000000000000000000000000000000000 
	Parameter CVA6Cfg[PMPAddrRstVal][53] bound to: 64'b0000000000000000000000000000000000000000000000000000000000000000 
	Parameter CVA6Cfg[PMPAddrRstVal][52] bound to: 64'b0000000000000000000000000000000000000000000000000000000000000000 
	Parameter CVA6Cfg[PMPAddrRstVal][51] bound to: 64'b0000000000000000000000000000000000000000000000000000000000000000 
	Parameter CVA6Cfg[PMPAddrRstVal][50] bound to: 64'b0000000000000000000000000000000000000000000000000000000000000000 
	Parameter CVA6Cfg[PMPAddrRstVal][49] bound to: 64'b0000000000000000000000000000000000000000000000000000000000000000 
	Parameter CVA6Cfg[PMPAddrRstVal][48] bound to: 64'b0000000000000000000000000000000000000000000000000000000000000000 
	Parameter CVA6Cfg[PMPAddrRstVal][47] bound to: 64'b0000000000000000000000000000000000000000000000000000000000000000 
	Parameter CVA6Cfg[PMPAddrRstVal][46] bound to: 64'b0000000000000000000000000000000000000000000000000000000000000000 
	Parameter CVA6Cfg[PMPAddrRstVal][45] bound to: 64'b0000000000000000000000000000000000000000000000000000000000000000 
	Parameter CVA6Cfg[PMPAddrRstVal][44] bound to: 64'b0000000000000000000000000000000000000000000000000000000000000000 
	Parameter CVA6Cfg[PMPAddrRstVal][43] bound to: 64'b0000000000000000000000000000000000000000000000000000000000000000 
	Parameter CVA6Cfg[PMPAddrRstVal][42] bound to: 64'b0000000000000000000000000000000000000000000000000000000000000000 
	Parameter CVA6Cfg[PMPAddrRstVal][41] bound to: 64'b0000000000000000000000000000000000000000000000000000000000000000 
	Parameter CVA6Cfg[PMPAddrRstVal][40] bound to: 64'b0000000000000000000000000000000000000000000000000000000000000000 
	Parameter CVA6Cfg[PMPAddrRstVal][39] bound to: 64'b0000000000000000000000000000000000000000000000000000000000000000 
	Parameter CVA6Cfg[PMPAddrRstVal][38] bound to: 64'b0000000000000000000000000000000000000000000000000000000000000000 
	Parameter CVA6Cfg[PMPAddrRstVal][37] bound to: 64'b0000000000000000000000000000000000000000000000000000000000000000 
	Parameter CVA6Cfg[PMPAddrRstVal][36] bound to: 64'b0000000000000000000000000000000000000000000000000000000000000000 
	Parameter CVA6Cfg[PMPAddrRstVal][35] bound to: 64'b0000000000000000000000000000000000000000000000000000000000000000 
	Parameter CVA6Cfg[PMPAddrRstVal][34] bound to: 64'b0000000000000000000000000000000000000000000000000000000000000000 
	Parameter CVA6Cfg[PMPAddrRstVal][33] bound to: 64'b0000000000000000000000000000000000000000000000000000000000000000 
	Parameter CVA6Cfg[PMPAddrRstVal][32] bound to: 64'b0000000000000000000000000000000000000000000000000000000000000000 
	Parameter CVA6Cfg[PMPAddrRstVal][31] bound to: 64'b0000000000000000000000000000000000000000000000000000000000000000 
	Parameter CVA6Cfg[PMPAddrRstVal][30] bound to: 64'b0000000000000000000000000000000000000000000000000000000000000000 
	Parameter CVA6Cfg[PMPAddrRstVal][29] bound to: 64'b0000000000000000000000000000000000000000000000000000000000000000 
	Parameter CVA6Cfg[PMPAddrRstVal][28] bound to: 64'b0000000000000000000000000000000000000000000000000000000000000000 
	Parameter CVA6Cfg[PMPAddrRstVal][27] bound to: 64'b0000000000000000000000000000000000000000000000000000000000000000 
	Parameter CVA6Cfg[PMPAddrRstVal][26] bound to: 64'b0000000000000000000000000000000000000000000000000000000000000000 
	Parameter CVA6Cfg[PMPAddrRstVal][25] bound to: 64'b0000000000000000000000000000000000000000000000000000000000000000 
	Parameter CVA6Cfg[PMPAddrRstVal][24] bound to: 64'b0000000000000000000000000000000000000000000000000000000000000000 
	Parameter CVA6Cfg[PMPAddrRstVal][23] bound to: 64'b0000000000000000000000000000000000000000000000000000000000000000 
	Parameter CVA6Cfg[PMPAddrRstVal][22] bound to: 64'b0000000000000000000000000000000000000000000000000000000000000000 
	Parameter CVA6Cfg[PMPAddrRstVal][21] bound to: 64'b0000000000000000000000000000000000000000000000000000000000000000 
	Parameter CVA6Cfg[PMPAddrRstVal][20] bound to: 64'b0000000000000000000000000000000000000000000000000000000000000000 
	Parameter CVA6Cfg[PMPAddrRstVal][19] bound to: 64'b0000000000000000000000000000000000000000000000000000000000000000 
	Parameter CVA6Cfg[PMPAddrRstVal][18] bound to: 64'b0000000000000000000000000000000000000000000000000000000000000000 
	Parameter CVA6Cfg[PMPAddrRstVal][17] bound to: 64'b0000000000000000000000000000000000000000000000000000000000000000 
	Parameter CVA6Cfg[PMPAddrRstVal][16] bound to: 64'b0000000000000000000000000000000000000000000000000000000000000000 
	Parameter CVA6Cfg[PMPAddrRstVal][15] bound to: 64'b0000000000000000000000000000000000000000000000000000000000000000 
	Parameter CVA6Cfg[PMPAddrRstVal][14] bound to: 64'b0000000000000000000000000000000000000000000000000000000000000000 
	Parameter CVA6Cfg[PMPAddrRstVal][13] bound to: 64'b0000000000000000000000000000000000000000000000000000000000000000 
	Parameter CVA6Cfg[PMPAddrRstVal][12] bound to: 64'b0000000000000000000000000000000000000000000000000000000000000000 
	Parameter CVA6Cfg[PMPAddrRstVal][11] bound to: 64'b0000000000000000000000000000000000000000000000000000000000000000 
	Parameter CVA6Cfg[PMPAddrRstVal][10] bound to: 64'b0000000000000000000000000000000000000000000000000000000000000000 
	Parameter CVA6Cfg[PMPAddrRstVal][9] bound to: 64'b0000000000000000000000000000000000000000000000000000000000000000 
	Parameter CVA6Cfg[PMPAddrRstVal][8] bound to: 64'b0000000000000000000000000000000000000000000000000000000000000000 
	Parameter CVA6Cfg[PMPAddrRstVal][7] bound to: 64'b0000000000000000000000000000000000000000000000000000000000000000 
	Parameter CVA6Cfg[PMPAddrRstVal][6] bound to: 64'b0000000000000000000000000000000000000000000000000000000000000000 
	Parameter CVA6Cfg[PMPAddrRstVal][5] bound to: 64'b0000000000000000000000000000000000000000000000000000000000000000 
	Parameter CVA6Cfg[PMPAddrRstVal][4] bound to: 64'b0000000000000000000000000000000000000000000000000000000000000000 
	Parameter CVA6Cfg[PMPAddrRstVal][3] bound to: 64'b0000000000000000000000000000000000000000000000000000000000000000 
	Parameter CVA6Cfg[PMPAddrRstVal][2] bound to: 64'b0000000000000000000000000000000000000000000000000000000000000000 
	Parameter CVA6Cfg[PMPAddrRstVal][1] bound to: 64'b0000000000000000000000000000000000000000000000000000000000000000 
	Parameter CVA6Cfg[PMPAddrRstVal][0] bound to: 64'b0000000000000000000000000000000000000000000000000000000000000000 
	Parameter CVA6Cfg[PMPEntryReadOnly] bound to: 64'b0000000000000000000000000000000000000000000000000000000000000000 
	Parameter CVA6Cfg[PMPNapotEn] bound to: 1'b0 
	Parameter CVA6Cfg[NOCType] bound to: 32'sb00000000000000000000000000000000 
	Parameter CVA6Cfg[NrNonIdempotentRules] bound to: 32'b00000000000000000000000000000010 
	Parameter CVA6Cfg[NonIdempotentAddrBase][15] bound to: 64'b0000000000000000000000000000000000000000000000000000000000000000 
	Parameter CVA6Cfg[NonIdempotentAddrBase][14] bound to: 64'b0000000000000000000000000000000000000000000000000000000000000000 
	Parameter CVA6Cfg[NonIdempotentAddrBase][13] bound to: 64'b0000000000000000000000000000000000000000000000000000000000000000 
	Parameter CVA6Cfg[NonIdempotentAddrBase][12] bound to: 64'b0000000000000000000000000000000000000000000000000000000000000000 
	Parameter CVA6Cfg[NonIdempotentAddrBase][11] bound to: 64'b0000000000000000000000000000000000000000000000000000000000000000 
	Parameter CVA6Cfg[NonIdempotentAddrBase][10] bound to: 64'b0000000000000000000000000000000000000000000000000000000000000000 
	Parameter CVA6Cfg[NonIdempotentAddrBase][9] bound to: 64'b0000000000000000000000000000000000000000000000000000000000000000 
	Parameter CVA6Cfg[NonIdempotentAddrBase][8] bound to: 64'b0000000000000000000000000000000000000000000000000000000000000000 
	Parameter CVA6Cfg[NonIdempotentAddrBase][7] bound to: 64'b0000000000000000000000000000000000000000000000000000000000000000 
	Parameter CVA6Cfg[NonIdempotentAddrBase][6] bound to: 64'b0000000000000000000000000000000000000000000000000000000000000000 
	Parameter CVA6Cfg[NonIdempotentAddrBase][5] bound to: 64'b0000000000000000000000000000000000000000000000000000000000000000 
	Parameter CVA6Cfg[NonIdempotentAddrBase][4] bound to: 64'b0000000000000000000000000000000000000000000000000000000000000000 
	Parameter CVA6Cfg[NonIdempotentAddrBase][3] bound to: 64'b0000000000000000000000000000000000000000000000000000000000000000 
	Parameter CVA6Cfg[NonIdempotentAddrBase][2] bound to: 64'b0000000000000000000000000000000000000000000000000000000000000000 
	Parameter CVA6Cfg[NonIdempotentAddrBase][1] bound to: 64'b0000000000000000000000000000000011000000000000000000000000000000 
	Parameter CVA6Cfg[NonIdempotentAddrBase][0] bound to: 64'b0000000000000000000000000000000011010000000000000000000000000000 
	Parameter CVA6Cfg[NonIdempotentLength][15] bound to: 64'b0000000000000000000000000000000000000000000000000000000000000000 
	Parameter CVA6Cfg[NonIdempotentLength][14] bound to: 64'b0000000000000000000000000000000000000000000000000000000000000000 
	Parameter CVA6Cfg[NonIdempotentLength][13] bound to: 64'b0000000000000000000000000000000000000000000000000000000000000000 
	Parameter CVA6Cfg[NonIdempotentLength][12] bound to: 64'b0000000000000000000000000000000000000000000000000000000000000000 
	Parameter CVA6Cfg[NonIdempotentLength][11] bound to: 64'b0000000000000000000000000000000000000000000000000000000000000000 
	Parameter CVA6Cfg[NonIdempotentLength][10] bound to: 64'b0000000000000000000000000000000000000000000000000000000000000000 
	Parameter CVA6Cfg[NonIdempotentLength][9] bound to: 64'b0000000000000000000000000000000000000000000000000000000000000000 
	Parameter CVA6Cfg[NonIdempotentLength][8] bound to: 64'b0000000000000000000000000000000000000000000000000000000000000000 
	Parameter CVA6Cfg[NonIdempotentLength][7] bound to: 64'b0000000000000000000000000000000000000000000000000000000000000000 
	Parameter CVA6Cfg[NonIdempotentLength][6] bound to: 64'b0000000000000000000000000000000000000000000000000000000000000000 
	Parameter CVA6Cfg[NonIdempotentLength][5] bound to: 64'b0000000000000000000000000000000000000000000000000000000000000000 
	Parameter CVA6Cfg[NonIdempotentLength][4] bound to: 64'b0000000000000000000000000000000000000000000000000000000000000000 
	Parameter CVA6Cfg[NonIdempotentLength][3] bound to: 64'b0000000000000000000000000000000000000000000000000000000000000000 
	Parameter CVA6Cfg[NonIdempotentLength][2] bound to: 64'b0000000000000000000000000000000000000000000000000000000000000000 
	Parameter CVA6Cfg[NonIdempotentLength][1] bound to: 64'b0000000000000000000000000000000000000000000000100000000000000000 
	Parameter CVA6Cfg[NonIdempotentLength][0] bound to: 64'b0000000000000000000000000000000000000000000000000000000000010000 
	Parameter CVA6Cfg[NrExecuteRegionRules] bound to: 32'b00000000000000000000000000000011 
	Parameter CVA6Cfg[ExecuteRegionAddrBase][15] bound to: 64'b0000000000000000000000000000000000000000000000000000000000000000 
	Parameter CVA6Cfg[ExecuteRegionAddrBase][14] bound to: 64'b0000000000000000000000000000000000000000000000000000000000000000 
	Parameter CVA6Cfg[ExecuteRegionAddrBase][13] bound to: 64'b0000000000000000000000000000000000000000000000000000000000000000 
	Parameter CVA6Cfg[ExecuteRegionAddrBase][12] bound to: 64'b0000000000000000000000000000000000000000000000000000000000000000 
	Parameter CVA6Cfg[ExecuteRegionAddrBase][11] bound to: 64'b0000000000000000000000000000000000000000000000000000000000000000 
	Parameter CVA6Cfg[ExecuteRegionAddrBase][10] bound to: 64'b0000000000000000000000000000000000000000000000000000000000000000 
	Parameter CVA6Cfg[ExecuteRegionAddrBase][9] bound to: 64'b0000000000000000000000000000000000000000000000000000000000000000 
	Parameter CVA6Cfg[ExecuteRegionAddrBase][8] bound to: 64'b0000000000000000000000000000000000000000000000000000000000000000 
	Parameter CVA6Cfg[ExecuteRegionAddrBase][7] bound to: 64'b0000000000000000000000000000000000000000000000000000000000000000 
	Parameter CVA6Cfg[ExecuteRegionAddrBase][6] bound to: 64'b0000000000000000000000000000000000000000000000000000000000000000 
	Parameter CVA6Cfg[ExecuteRegionAddrBase][5] bound to: 64'b0000000000000000000000000000000000000000000000000000000000000000 
	Parameter CVA6Cfg[ExecuteRegionAddrBase][4] bound to: 64'b0000000000000000000000000000000000000000000000000000000000000000 
	Parameter CVA6Cfg[ExecuteRegionAddrBase][3] bound to: 64'b0000000000000000000000000000000000000000000000000000000000000000 
	Parameter CVA6Cfg[ExecuteRegionAddrBase][2] bound to: 64'b0000000000000000000000000000000010000000000000000000000000000000 
	Parameter CVA6Cfg[ExecuteRegionAddrBase][1] bound to: 64'b0000000000000000000000000000000000000000000000010000000000000000 
	Parameter CVA6Cfg[ExecuteRegionAddrBase][0] bound to: 64'b0000000000000000000000000000000000000000000000000000000000000000 
	Parameter CVA6Cfg[ExecuteRegionLength][15] bound to: 64'b0000000000000000000000000000000000000000000000000000000000000000 
	Parameter CVA6Cfg[ExecuteRegionLength][14] bound to: 64'b0000000000000000000000000000000000000000000000000000000000000000 
	Parameter CVA6Cfg[ExecuteRegionLength][13] bound to: 64'b0000000000000000000000000000000000000000000000000000000000000000 
	Parameter CVA6Cfg[ExecuteRegionLength][12] bound to: 64'b0000000000000000000000000000000000000000000000000000000000000000 
	Parameter CVA6Cfg[ExecuteRegionLength][11] bound to: 64'b0000000000000000000000000000000000000000000000000000000000000000 
	Parameter CVA6Cfg[ExecuteRegionLength][10] bound to: 64'b0000000000000000000000000000000000000000000000000000000000000000 
	Parameter CVA6Cfg[ExecuteRegionLength][9] bound to: 64'b0000000000000000000000000000000000000000000000000000000000000000 
	Parameter CVA6Cfg[ExecuteRegionLength][8] bound to: 64'b0000000000000000000000000000000000000000000000000000000000000000 
	Parameter CVA6Cfg[ExecuteRegionLength][7] bound to: 64'b0000000000000000000000000000000000000000000000000000000000000000 
	Parameter CVA6Cfg[ExecuteRegionLength][6] bound to: 64'b0000000000000000000000000000000000000000000000000000000000000000 
	Parameter CVA6Cfg[ExecuteRegionLength][5] bound to: 64'b0000000000000000000000000000000000000000000000000000000000000000 
	Parameter CVA6Cfg[ExecuteRegionLength][4] bound to: 64'b0000000000000000000000000000000000000000000000000000000000000000 
	Parameter CVA6Cfg[ExecuteRegionLength][3] bound to: 64'b0000000000000000000000000000000000000000000000000000000000000000 
	Parameter CVA6Cfg[ExecuteRegionLength][2] bound to: 64'b0000000000000000000000000000000000000010000000000000000000000000 
	Parameter CVA6Cfg[ExecuteRegionLength][1] bound to: 64'b0000000000000000000000000000000000000000000000010000000000000000 
	Parameter CVA6Cfg[ExecuteRegionLength][0] bound to: 64'b0000000000000000000000000000000000000000000000000001000000000000 
	Parameter CVA6Cfg[NrCachedRegionRules] bound to: 32'b00000000000000000000000000000001 
	Parameter CVA6Cfg[CachedRegionAddrBase][15] bound to: 64'b0000000000000000000000000000000000000000000000000000000000000000 
	Parameter CVA6Cfg[CachedRegionAddrBase][14] bound to: 64'b0000000000000000000000000000000000000000000000000000000000000000 
	Parameter CVA6Cfg[CachedRegionAddrBase][13] bound to: 64'b0000000000000000000000000000000000000000000000000000000000000000 
	Parameter CVA6Cfg[CachedRegionAddrBase][12] bound to: 64'b0000000000000000000000000000000000000000000000000000000000000000 
	Parameter CVA6Cfg[CachedRegionAddrBase][11] bound to: 64'b0000000000000000000000000000000000000000000000000000000000000000 
	Parameter CVA6Cfg[CachedRegionAddrBase][10] bound to: 64'b0000000000000000000000000000000000000000000000000000000000000000 
	Parameter CVA6Cfg[CachedRegionAddrBase][9] bound to: 64'b0000000000000000000000000000000000000000000000000000000000000000 
	Parameter CVA6Cfg[CachedRegionAddrBase][8] bound to: 64'b0000000000000000000000000000000000000000000000000000000000000000 
	Parameter CVA6Cfg[CachedRegionAddrBase][7] bound to: 64'b0000000000000000000000000000000000000000000000000000000000000000 
	Parameter CVA6Cfg[CachedRegionAddrBase][6] bound to: 64'b0000000000000000000000000000000000000000000000000000000000000000 
	Parameter CVA6Cfg[CachedRegionAddrBase][5] bound to: 64'b0000000000000000000000000000000000000000000000000000000000000000 
	Parameter CVA6Cfg[CachedRegionAddrBase][4] bound to: 64'b0000000000000000000000000000000000000000000000000000000000000000 
	Parameter CVA6Cfg[CachedRegionAddrBase][3] bound to: 64'b0000000000000000000000000000000000000000000000000000000000000000 
	Parameter CVA6Cfg[CachedRegionAddrBase][2] bound to: 64'b0000000000000000000000000000000000000000000000000000000000000000 
	Parameter CVA6Cfg[CachedRegionAddrBase][1] bound to: 64'b0000000000000000000000000000000000000000000000000000000000000000 
	Parameter CVA6Cfg[CachedRegionAddrBase][0] bound to: 64'b0000000000000000000000000000000010000000000000000000000000000000 
	Parameter CVA6Cfg[CachedRegionLength][15] bound to: 64'b0000000000000000000000000000000000000000000000000000000000000000 
	Parameter CVA6Cfg[CachedRegionLength][14] bound to: 64'b0000000000000000000000000000000000000000000000000000000000000000 
	Parameter CVA6Cfg[CachedRegionLength][13] bound to: 64'b0000000000000000000000000000000000000000000000000000000000000000 
	Parameter CVA6Cfg[CachedRegionLength][12] bound to: 64'b0000000000000000000000000000000000000000000000000000000000000000 
	Parameter CVA6Cfg[CachedRegionLength][11] bound to: 64'b0000000000000000000000000000000000000000000000000000000000000000 
	Parameter CVA6Cfg[CachedRegionLength][10] bound to: 64'b0000000000000000000000000000000000000000000000000000000000000000 
	Parameter CVA6Cfg[CachedRegionLength][9] bound to: 64'b0000000000000000000000000000000000000000000000000000000000000000 
	Parameter CVA6Cfg[CachedRegionLength][8] bound to: 64'b0000000000000000000000000000000000000000000000000000000000000000 
	Parameter CVA6Cfg[CachedRegionLength][7] bound to: 64'b0000000000000000000000000000000000000000000000000000000000000000 
	Parameter CVA6Cfg[CachedRegionLength][6] bound to: 64'b0000000000000000000000000000000000000000000000000000000000000000 
	Parameter CVA6Cfg[CachedRegionLength][5] bound to: 64'b0000000000000000000000000000000000000000000000000000000000000000 
	Parameter CVA6Cfg[CachedRegionLength][4] bound to: 64'b0000000000000000000000000000000000000000000000000000000000000000 
	Parameter CVA6Cfg[CachedRegionLength][3] bound to: 64'b0000000000000000000000000000000000000000000000000000000000000000 
	Parameter CVA6Cfg[CachedRegionLength][2] bound to: 64'b0000000000000000000000000000000000000000000000000000000000000000 
	Parameter CVA6Cfg[CachedRegionLength][1] bound to: 64'b0000000000000000000000000000000000000000000000000000000000000000 
	Parameter CVA6Cfg[CachedRegionLength][0] bound to: 64'b0000000000000000000000000000000000000010000000000000000000000000 
	Parameter CVA6Cfg[MaxOutstandingStores] bound to: 32'b00000000000000000000000000000111 
	Parameter CVA6Cfg[DebugEn] bound to: 1'b0 
	Parameter CVA6Cfg[NonIdemPotenceEn] bound to: 1'b1 
	Parameter CVA6Cfg[AxiBurstWriteEn] bound to: 1'b1 
	Parameter CVA6Cfg[ICACHE_SET_ASSOC] bound to: 32'b00000000000000000000000000000100 
	Parameter CVA6Cfg[ICACHE_SET_ASSOC_WIDTH] bound to: 32'b00000000000000000000000000000010 
	Parameter CVA6Cfg[ICACHE_INDEX_WIDTH] bound to: 32'b00000000000000000000000000001010 
	Parameter CVA6Cfg[ICACHE_TAG_WIDTH] bound to: 32'b00000000000000000000000000011000 
	Parameter CVA6Cfg[ICACHE_LINE_WIDTH] bound to: 32'b00000000000000000000000010000000 
	Parameter CVA6Cfg[ICACHE_USER_LINE_WIDTH] bound to: 32'b00000000000000000000000000000100 
	Parameter CVA6Cfg[DCacheType] bound to: 3'b001 
	Parameter CVA6Cfg[DcacheIdWidth] bound to: 32'b00000000000000000000000000000001 
	Parameter CVA6Cfg[DCACHE_SET_ASSOC] bound to: 32'b00000000000000000000000000000100 
	Parameter CVA6Cfg[DCACHE_SET_ASSOC_WIDTH] bound to: 32'b00000000000000000000000000000010 
	Parameter CVA6Cfg[DCACHE_INDEX_WIDTH] bound to: 32'b00000000000000000000000000001011 
	Parameter CVA6Cfg[DCACHE_TAG_WIDTH] bound to: 32'b00000000000000000000000000010111 
	Parameter CVA6Cfg[DCACHE_LINE_WIDTH] bound to: 32'b00000000000000000000000100000000 
	Parameter CVA6Cfg[DCACHE_USER_LINE_WIDTH] bound to: 32'b00000000000000000000000000000100 
	Parameter CVA6Cfg[DCACHE_USER_WIDTH] bound to: 32'b00000000000000000000000000000001 
	Parameter CVA6Cfg[DCACHE_OFFSET_WIDTH] bound to: 32'b00000000000000000000000000000101 
	Parameter CVA6Cfg[DCACHE_NUM_WORDS] bound to: 32'b00000000000000000000000001000000 
	Parameter CVA6Cfg[DCACHE_MAX_TX] bound to: 32'b00000000000000000000000000000100 
	Parameter CVA6Cfg[DcacheFlushOnFence] bound to: 1'b0 
	Parameter CVA6Cfg[DcacheInvalidateOnFlush] bound to: 1'b0 
	Parameter CVA6Cfg[DATA_USER_EN] bound to: 32'b00000000000000000000000000000000 
	Parameter CVA6Cfg[WtDcacheWbufDepth] bound to: 32'b00000000000000000000000000001000 
	Parameter CVA6Cfg[FETCH_USER_WIDTH] bound to: 32'b00000000000000000000000000100000 
	Parameter CVA6Cfg[FETCH_USER_EN] bound to: 32'b00000000000000000000000000000000 
	Parameter CVA6Cfg[AXI_USER_EN] bound to: 1'b0 
	Parameter CVA6Cfg[FETCH_WIDTH] bound to: 32'b00000000000000000000000000100000 
	Parameter CVA6Cfg[FETCH_ALIGN_BITS] bound to: 32'b00000000000000000000000000000010 
	Parameter CVA6Cfg[INSTR_PER_FETCH] bound to: 32'b00000000000000000000000000000010 
	Parameter CVA6Cfg[LOG2_INSTR_PER_FETCH] bound to: 32'b00000000000000000000000000000001 
	Parameter CVA6Cfg[ModeW] bound to: 32'b00000000000000000000000000000001 
	Parameter CVA6Cfg[ASIDW] bound to: 32'b00000000000000000000000000001001 
	Parameter CVA6Cfg[VMIDW] bound to: 32'b00000000000000000000000000000111 
	Parameter CVA6Cfg[PPNW] bound to: 32'b00000000000000000000000000010110 
	Parameter CVA6Cfg[GPPNW] bound to: 32'b00000000000000000000000000010110 
	Parameter CVA6Cfg[MODE_SV] bound to: 4'b0001 
	Parameter CVA6Cfg[SV] bound to: 32'b00000000000000000000000000100000 
	Parameter CVA6Cfg[SVX] bound to: 32'b00000000000000000000000000100010 
	Parameter CVA6Cfg[X_NUM_RS] bound to: 32'b00000000000000000000000000000010 
	Parameter CVA6Cfg[X_ID_WIDTH] bound to: 32'b00000000000000000000000000000011 
	Parameter CVA6Cfg[X_RFR_WIDTH] bound to: 32'b00000000000000000000000000100000 
	Parameter CVA6Cfg[X_RFW_WIDTH] bound to: 32'b00000000000000000000000000100000 
	Parameter CVA6Cfg[X_NUM_HARTS] bound to: 32'b00000000000000000000000000000001 
	Parameter CVA6Cfg[X_HARTID_WIDTH] bound to: 32'b00000000000000000000000000100000 
	Parameter CVA6Cfg[X_DUALREAD] bound to: 32'b00000000000000000000000000000000 
	Parameter CVA6Cfg[X_DUALWRITE] bound to: 32'b00000000000000000000000000000000 
	Parameter CVA6Cfg[X_ISSUE_REGISTER_SPLIT] bound to: 32'b00000000000000000000000000000000 
	Parameter RdTxId bound to: 2'b00 
INFO: [Synth 8-6157] synthesizing module 'sram_cache' [/home/alex/Isolde/MatrixAcceleratorDemo/src/ips/ariane/common/local/util/sram_cache.sv:21]
	Parameter DATA_WIDTH bound to: 25 - type: integer 
	Parameter NUM_WORDS bound to: 64 - type: integer 
	Parameter BYTE_ACCESS bound to: 0 - type: integer 
	Parameter TECHNO_CUT bound to: 1'b0 
INFO: [Synth 8-6157] synthesizing module 'sram' [/home/alex/Isolde/MatrixAcceleratorDemo/src/ips/ariane/common/local/util/sram.sv:21]
	Parameter DATA_WIDTH bound to: 25 - type: integer 
	Parameter USER_WIDTH bound to: 1 - type: integer 
	Parameter USER_EN bound to: 0 - type: integer 
	Parameter NUM_WORDS bound to: 64 - type: integer 
INFO: [Synth 8-6157] synthesizing module 'tc_sram_wrapper' [/home/alex/Isolde/MatrixAcceleratorDemo/src/ips/ariane/common/local/util/tc_sram_fpga_wrapper.sv:10]
	Parameter NumWords bound to: 64 - type: integer 
	Parameter DataWidth bound to: 32'b00000000000000000000000001000000 
	Parameter ByteWidth bound to: 8 - type: integer 
	Parameter NumPorts bound to: 1 - type: integer 
	Parameter Latency bound to: 1 - type: integer 
	Parameter SimInit bound to: none - type: string 
	Parameter PrintSimCfg bound to: 1'b0 
INFO: [Synth 8-6157] synthesizing module 'SyncSpRamBeNx64' [/home/alex/Isolde/MatrixAcceleratorDemo/src/ips/ariane/vendor/pulp-platform/fpga-support/rtl/SyncSpRamBeNx64.sv:28]
	Parameter ADDR_WIDTH bound to: 6 - type: integer 
	Parameter DATA_DEPTH bound to: 64 - type: integer 
	Parameter OUT_REGS bound to: 0 - type: integer 
	Parameter SIM_INIT bound to: 1 - type: integer 
INFO: [Synth 8-6155] done synthesizing module 'SyncSpRamBeNx64' (0#1) [/home/alex/Isolde/MatrixAcceleratorDemo/src/ips/ariane/vendor/pulp-platform/fpga-support/rtl/SyncSpRamBeNx64.sv:28]
INFO: [Synth 8-6155] done synthesizing module 'tc_sram_wrapper' (0#1) [/home/alex/Isolde/MatrixAcceleratorDemo/src/ips/ariane/common/local/util/tc_sram_fpga_wrapper.sv:10]
INFO: [Synth 8-6155] done synthesizing module 'sram' (0#1) [/home/alex/Isolde/MatrixAcceleratorDemo/src/ips/ariane/common/local/util/sram.sv:21]
INFO: [Synth 8-6155] done synthesizing module 'sram_cache' (0#1) [/home/alex/Isolde/MatrixAcceleratorDemo/src/ips/ariane/common/local/util/sram_cache.sv:21]
INFO: [Synth 8-6157] synthesizing module 'sram_cache__parameterized0' [/home/alex/Isolde/MatrixAcceleratorDemo/src/ips/ariane/common/local/util/sram_cache.sv:21]
	Parameter DATA_WIDTH bound to: 128 - type: integer 
	Parameter USER_WIDTH bound to: 4 - type: integer 
	Parameter USER_EN bound to: 0 - type: integer 
	Parameter NUM_WORDS bound to: 64 - type: integer 
	Parameter BYTE_ACCESS bound to: 0 - type: integer 
	Parameter TECHNO_CUT bound to: 1'b0 
INFO: [Synth 8-6157] synthesizing module 'sram__parameterized0' [/home/alex/Isolde/MatrixAcceleratorDemo/src/ips/ariane/common/local/util/sram.sv:21]
	Parameter DATA_WIDTH bound to: 128 - type: integer 
	Parameter USER_WIDTH bound to: 4 - type: integer 
	Parameter USER_EN bound to: 0 - type: integer 
	Parameter NUM_WORDS bound to: 64 - type: integer 
INFO: [Synth 8-6155] done synthesizing module 'sram__parameterized0' (0#1) [/home/alex/Isolde/MatrixAcceleratorDemo/src/ips/ariane/common/local/util/sram.sv:21]
INFO: [Synth 8-6155] done synthesizing module 'sram_cache__parameterized0' (0#1) [/home/alex/Isolde/MatrixAcceleratorDemo/src/ips/ariane/common/local/util/sram_cache.sv:21]
INFO: [Synth 8-294] found qualifier unique on case statement: implementing as parallel_case [/home/alex/Isolde/MatrixAcceleratorDemo/src/ips/ariane/core/cache_subsystem/cva6_icache.sv:220]
INFO: [Synth 8-6157] synthesizing module 'lzc' [/home/alex/Isolde/MatrixAcceleratorDemo/src/ips/common_cells/src/lzc.sv:17]
	Parameter WIDTH bound to: 32'b00000000000000000000000000000100 
INFO: [Synth 8-6155] done synthesizing module 'lzc' (0#1) [/home/alex/Isolde/MatrixAcceleratorDemo/src/ips/common_cells/src/lzc.sv:17]
INFO: [Synth 8-6157] synthesizing module 'lfsr' [/home/alex/Isolde/MatrixAcceleratorDemo/src/ips/common_cells/src/lfsr.sv:24]
	Parameter LfsrWidth bound to: 32'b00000000000000000000000000001000 
	Parameter OutWidth bound to: 32'b00000000000000000000000000000010 
INFO: [Synth 8-6155] done synthesizing module 'lfsr' (0#1) [/home/alex/Isolde/MatrixAcceleratorDemo/src/ips/common_cells/src/lfsr.sv:24]
INFO: [Synth 8-6155] done synthesizing module 'cva6_icache' (0#1) [/home/alex/Isolde/MatrixAcceleratorDemo/src/ips/ariane/core/cache_subsystem/cva6_icache.sv:28]
INFO: [Synth 8-6157] synthesizing module 'wt_dcache' [/home/alex/Isolde/MatrixAcceleratorDemo/src/ips/ariane/core/cache_subsystem/wt_dcache.sv:16]
	Parameter CVA6Cfg[XLEN] bound to: 32'b00000000000000000000000000100000 
	Parameter CVA6Cfg[VLEN] bound to: 32'b00000000000000000000000000100000 
	Parameter CVA6Cfg[PLEN] bound to: 32'b00000000000000000000000000100010 
	Parameter CVA6Cfg[GPLEN] bound to: 32'b00000000000000000000000000100010 
	Parameter CVA6Cfg[IS_XLEN32] bound to: 1'b1 
	Parameter CVA6Cfg[IS_XLEN64] bound to: 1'b0 
	Parameter CVA6Cfg[XLEN_ALIGN_BYTES] bound to: 32'b00000000000000000000000000000010 
	Parameter CVA6Cfg[ASID_WIDTH] bound to: 32'b00000000000000000000000000000001 
	Parameter CVA6Cfg[VMID_WIDTH] bound to: 32'b00000000000000000000000000000001 
	Parameter CVA6Cfg[FpgaEn] bound to: 1'b1 
	Parameter CVA6Cfg[FpgaAlteraEn] bound to: 1'b0 
	Parameter CVA6Cfg[TechnoCut] bound to: 1'b0 
	Parameter CVA6Cfg[SuperscalarEn] bound to: 1'b0 
	Parameter CVA6Cfg[NrCommitPorts] bound to: 32'b00000000000000000000000000000010 
	Parameter CVA6Cfg[NrIssuePorts] bound to: 32'b00000000000000000000000000000001 
	Parameter CVA6Cfg[SpeculativeSb] bound to: 1'b0 
	Parameter CVA6Cfg[NrLoadPipeRegs] bound to: 32'b00000000000000000000000000000001 
	Parameter CVA6Cfg[NrStorePipeRegs] bound to: 32'b00000000000000000000000000000000 
	Parameter CVA6Cfg[AxiAddrWidth] bound to: 32'b00000000000000000000000001000000 
	Parameter CVA6Cfg[AxiDataWidth] bound to: 32'b00000000000000000000000001000000 
	Parameter CVA6Cfg[AxiIdWidth] bound to: 32'b00000000000000000000000000000100 
	Parameter CVA6Cfg[AxiUserWidth] bound to: 32'b00000000000000000000000000000001 
	Parameter CVA6Cfg[MEM_TID_WIDTH] bound to: 32'b00000000000000000000000000000010 
	Parameter CVA6Cfg[NrLoadBufEntries] bound to: 32'b00000000000000000000000000000010 
	Parameter CVA6Cfg[RVF] bound to: 1'b0 
	Parameter CVA6Cfg[RVD] bound to: 1'b0 
	Parameter CVA6Cfg[XF16] bound to: 1'b0 
	Parameter CVA6Cfg[XF16ALT] bound to: 1'b0 
	Parameter CVA6Cfg[XF8] bound to: 1'b0 
	Parameter CVA6Cfg[RVA] bound to: 1'b0 
	Parameter CVA6Cfg[RVB] bound to: 1'b0 
	Parameter CVA6Cfg[ZKN] bound to: 1'b0 
	Parameter CVA6Cfg[RVV] bound to: 1'b0 
	Parameter CVA6Cfg[RVC] bound to: 1'b1 
	Parameter CVA6Cfg[RVH] bound to: 1'b0 
	Parameter CVA6Cfg[RVZCB] bound to: 1'b0 
	Parameter CVA6Cfg[RVZCMP] bound to: 1'b0 
	Parameter CVA6Cfg[RVZCMT] bound to: 1'b0 
	Parameter CVA6Cfg[XFVec] bound to: 1'b0 
	Parameter CVA6Cfg[CvxifEn] bound to: 1'b1 
	Parameter CVA6Cfg[CoproType] bound to: 32'sb00000000000000000000000000000000 
	Parameter CVA6Cfg[RVZiCond] bound to: 1'b0 
	Parameter CVA6Cfg[RVZicntr] bound to: 1'b1 
	Parameter CVA6Cfg[RVZihpm] bound to: 1'b1 
	Parameter CVA6Cfg[NR_SB_ENTRIES] bound to: 32'b00000000000000000000000000001000 
	Parameter CVA6Cfg[TRANS_ID_BITS] bound to: 32'b00000000000000000000000000000011 
	Parameter CVA6Cfg[FpPresent] bound to: 1'b0 
	Parameter CVA6Cfg[NSX] bound to: 1'b0 
	Parameter CVA6Cfg[FLen] bound to: 32'b00000000000000000000000000000001 
	Parameter CVA6Cfg[RVFVec] bound to: 1'b0 
	Parameter CVA6Cfg[XF16Vec] bound to: 1'b0 
	Parameter CVA6Cfg[XF16ALTVec] bound to: 1'b0 
	Parameter CVA6Cfg[XF8Vec] bound to: 1'b0 
	Parameter CVA6Cfg[NrRgprPorts] bound to: 32'b00000000000000000000000000000010 
	Parameter CVA6Cfg[NrWbPorts] bound to: 32'b00000000000000000000000000000101 
	Parameter CVA6Cfg[EnableAccelerator] bound to: 1'b0 
	Parameter CVA6Cfg[PerfCounterEn] bound to: 1'b1 
	Parameter CVA6Cfg[MmuPresent] bound to: 1'b0 
	Parameter CVA6Cfg[RVS] bound to: 1'b1 
	Parameter CVA6Cfg[RVU] bound to: 1'b1 
	Parameter CVA6Cfg[SoftwareInterruptEn] bound to: 1'b1 
	Parameter CVA6Cfg[HaltAddress] bound to: 64'b0000000000000000000000000000000000000000000000000000100000000000 
	Parameter CVA6Cfg[ExceptionAddress] bound to: 64'b0000000000000000000000000000000000000000000000000000100000001000 
	Parameter CVA6Cfg[RASDepth] bound to: 32'b00000000000000000000000000000010 
	Parameter CVA6Cfg[BTBEntries] bound to: 32'b00000000000000000000000000100000 
	Parameter CVA6Cfg[BPType] bound to: 1'b0 
	Parameter CVA6Cfg[BHTEntries] bound to: 32'b00000000000000000000000010000000 
	Parameter CVA6Cfg[BHTHist] bound to: 32'b00000000000000000000000000000011 
	Parameter CVA6Cfg[InstrTlbEntries] bound to: 32'b00000000000000000000000000000010 
	Parameter CVA6Cfg[DataTlbEntries] bound to: 32'b00000000000000000000000000000010 
	Parameter CVA6Cfg[UseSharedTlb] bound to: 1'b1 
	Parameter CVA6Cfg[SharedTlbDepth] bound to: 32'b00000000000000000000000001000000 
	Parameter CVA6Cfg[VpnLen] bound to: 32'b00000000000000000000000000010100 
	Parameter CVA6Cfg[PtLevels] bound to: 32'b00000000000000000000000000000010 
	Parameter CVA6Cfg[DmBaseAddress] bound to: 64'b0000000000000000000000000000000000000000000000000000000000000000 
	Parameter CVA6Cfg[TvalEn] bound to: 1'b1 
	Parameter CVA6Cfg[DirectVecOnly] bound to: 1'b0 
	Parameter CVA6Cfg[NrPMPEntries] bound to: 32'b00000000000000000000000000000000 
	Parameter CVA6Cfg[PMPCfgRstVal][63] bound to: 64'b0000000000000000000000000000000000000000000000000000000000000000 
	Parameter CVA6Cfg[PMPCfgRstVal][62] bound to: 64'b0000000000000000000000000000000000000000000000000000000000000000 
	Parameter CVA6Cfg[PMPCfgRstVal][61] bound to: 64'b0000000000000000000000000000000000000000000000000000000000000000 
	Parameter CVA6Cfg[PMPCfgRstVal][60] bound to: 64'b0000000000000000000000000000000000000000000000000000000000000000 
	Parameter CVA6Cfg[PMPCfgRstVal][59] bound to: 64'b0000000000000000000000000000000000000000000000000000000000000000 
	Parameter CVA6Cfg[PMPCfgRstVal][58] bound to: 64'b0000000000000000000000000000000000000000000000000000000000000000 
	Parameter CVA6Cfg[PMPCfgRstVal][57] bound to: 64'b0000000000000000000000000000000000000000000000000000000000000000 
	Parameter CVA6Cfg[PMPCfgRstVal][56] bound to: 64'b0000000000000000000000000000000000000000000000000000000000000000 
	Parameter CVA6Cfg[PMPCfgRstVal][55] bound to: 64'b0000000000000000000000000000000000000000000000000000000000000000 
	Parameter CVA6Cfg[PMPCfgRstVal][54] bound to: 64'b0000000000000000000000000000000000000000000000000000000000000000 
	Parameter CVA6Cfg[PMPCfgRstVal][53] bound to: 64'b0000000000000000000000000000000000000000000000000000000000000000 
	Parameter CVA6Cfg[PMPCfgRstVal][52] bound to: 64'b0000000000000000000000000000000000000000000000000000000000000000 
	Parameter CVA6Cfg[PMPCfgRstVal][51] bound to: 64'b0000000000000000000000000000000000000000000000000000000000000000 
	Parameter CVA6Cfg[PMPCfgRstVal][50] bound to: 64'b0000000000000000000000000000000000000000000000000000000000000000 
	Parameter CVA6Cfg[PMPCfgRstVal][49] bound to: 64'b0000000000000000000000000000000000000000000000000000000000000000 
	Parameter CVA6Cfg[PMPCfgRstVal][48] bound to: 64'b0000000000000000000000000000000000000000000000000000000000000000 
	Parameter CVA6Cfg[PMPCfgRstVal][47] bound to: 64'b0000000000000000000000000000000000000000000000000000000000000000 
	Parameter CVA6Cfg[PMPCfgRstVal][46] bound to: 64'b0000000000000000000000000000000000000000000000000000000000000000 
	Parameter CVA6Cfg[PMPCfgRstVal][45] bound to: 64'b0000000000000000000000000000000000000000000000000000000000000000 
	Parameter CVA6Cfg[PMPCfgRstVal][44] bound to: 64'b0000000000000000000000000000000000000000000000000000000000000000 
	Parameter CVA6Cfg[PMPCfgRstVal][43] bound to: 64'b0000000000000000000000000000000000000000000000000000000000000000 
	Parameter CVA6Cfg[PMPCfgRstVal][42] bound to: 64'b0000000000000000000000000000000000000000000000000000000000000000 
	Parameter CVA6Cfg[PMPCfgRstVal][41] bound to: 64'b0000000000000000000000000000000000000000000000000000000000000000 
	Parameter CVA6Cfg[PMPCfgRstVal][40] bound to: 64'b0000000000000000000000000000000000000000000000000000000000000000 
	Parameter CVA6Cfg[PMPCfgRstVal][39] bound to: 64'b0000000000000000000000000000000000000000000000000000000000000000 
	Parameter CVA6Cfg[PMPCfgRstVal][38] bound to: 64'b0000000000000000000000000000000000000000000000000000000000000000 
	Parameter CVA6Cfg[PMPCfgRstVal][37] bound to: 64'b0000000000000000000000000000000000000000000000000000000000000000 
	Parameter CVA6Cfg[PMPCfgRstVal][36] bound to: 64'b0000000000000000000000000000000000000000000000000000000000000000 
	Parameter CVA6Cfg[PMPCfgRstVal][35] bound to: 64'b0000000000000000000000000000000000000000000000000000000000000000 
	Parameter CVA6Cfg[PMPCfgRstVal][34] bound to: 64'b0000000000000000000000000000000000000000000000000000000000000000 
	Parameter CVA6Cfg[PMPCfgRstVal][33] bound to: 64'b0000000000000000000000000000000000000000000000000000000000000000 
	Parameter CVA6Cfg[PMPCfgRstVal][32] bound to: 64'b0000000000000000000000000000000000000000000000000000000000000000 
	Parameter CVA6Cfg[PMPCfgRstVal][31] bound to: 64'b0000000000000000000000000000000000000000000000000000000000000000 
	Parameter CVA6Cfg[PMPCfgRstVal][30] bound to: 64'b0000000000000000000000000000000000000000000000000000000000000000 
	Parameter CVA6Cfg[PMPCfgRstVal][29] bound to: 64'b0000000000000000000000000000000000000000000000000000000000000000 
	Parameter CVA6Cfg[PMPCfgRstVal][28] bound to: 64'b0000000000000000000000000000000000000000000000000000000000000000 
	Parameter CVA6Cfg[PMPCfgRstVal][27] bound to: 64'b0000000000000000000000000000000000000000000000000000000000000000 
	Parameter CVA6Cfg[PMPCfgRstVal][26] bound to: 64'b0000000000000000000000000000000000000000000000000000000000000000 
	Parameter CVA6Cfg[PMPCfgRstVal][25] bound to: 64'b0000000000000000000000000000000000000000000000000000000000000000 
	Parameter CVA6Cfg[PMPCfgRstVal][24] bound to: 64'b0000000000000000000000000000000000000000000000000000000000000000 
	Parameter CVA6Cfg[PMPCfgRstVal][23] bound to: 64'b0000000000000000000000000000000000000000000000000000000000000000 
	Parameter CVA6Cfg[PMPCfgRstVal][22] bound to: 64'b0000000000000000000000000000000000000000000000000000000000000000 
	Parameter CVA6Cfg[PMPCfgRstVal][21] bound to: 64'b0000000000000000000000000000000000000000000000000000000000000000 
	Parameter CVA6Cfg[PMPCfgRstVal][20] bound to: 64'b0000000000000000000000000000000000000000000000000000000000000000 
	Parameter CVA6Cfg[PMPCfgRstVal][19] bound to: 64'b0000000000000000000000000000000000000000000000000000000000000000 
	Parameter CVA6Cfg[PMPCfgRstVal][18] bound to: 64'b0000000000000000000000000000000000000000000000000000000000000000 
	Parameter CVA6Cfg[PMPCfgRstVal][17] bound to: 64'b0000000000000000000000000000000000000000000000000000000000000000 
	Parameter CVA6Cfg[PMPCfgRstVal][16] bound to: 64'b0000000000000000000000000000000000000000000000000000000000000000 
	Parameter CVA6Cfg[PMPCfgRstVal][15] bound to: 64'b0000000000000000000000000000000000000000000000000000000000000000 
	Parameter CVA6Cfg[PMPCfgRstVal][14] bound to: 64'b0000000000000000000000000000000000000000000000000000000000000000 
	Parameter CVA6Cfg[PMPCfgRstVal][13] bound to: 64'b0000000000000000000000000000000000000000000000000000000000000000 
	Parameter CVA6Cfg[PMPCfgRstVal][12] bound to: 64'b0000000000000000000000000000000000000000000000000000000000000000 
	Parameter CVA6Cfg[PMPCfgRstVal][11] bound to: 64'b0000000000000000000000000000000000000000000000000000000000000000 
	Parameter CVA6Cfg[PMPCfgRstVal][10] bound to: 64'b0000000000000000000000000000000000000000000000000000000000000000 
	Parameter CVA6Cfg[PMPCfgRstVal][9] bound to: 64'b0000000000000000000000000000000000000000000000000000000000000000 
	Parameter CVA6Cfg[PMPCfgRstVal][8] bound to: 64'b0000000000000000000000000000000000000000000000000000000000000000 
	Parameter CVA6Cfg[PMPCfgRstVal][7] bound to: 64'b0000000000000000000000000000000000000000000000000000000000000000 
	Parameter CVA6Cfg[PMPCfgRstVal][6] bound to: 64'b0000000000000000000000000000000000000000000000000000000000000000 
	Parameter CVA6Cfg[PMPCfgRstVal][5] bound to: 64'b0000000000000000000000000000000000000000000000000000000000000000 
	Parameter CVA6Cfg[PMPCfgRstVal][4] bound to: 64'b0000000000000000000000000000000000000000000000000000000000000000 
	Parameter CVA6Cfg[PMPCfgRstVal][3] bound to: 64'b0000000000000000000000000000000000000000000000000000000000000000 
	Parameter CVA6Cfg[PMPCfgRstVal][2] bound to: 64'b0000000000000000000000000000000000000000000000000000000000000000 
	Parameter CVA6Cfg[PMPCfgRstVal][1] bound to: 64'b0000000000000000000000000000000000000000000000000000000000000000 
	Parameter CVA6Cfg[PMPCfgRstVal][0] bound to: 64'b0000000000000000000000000000000000000000000000000000000000000000 
	Parameter CVA6Cfg[PMPAddrRstVal][63] bound to: 64'b0000000000000000000000000000000000000000000000000000000000000000 
	Parameter CVA6Cfg[PMPAddrRstVal][62] bound to: 64'b0000000000000000000000000000000000000000000000000000000000000000 
	Parameter CVA6Cfg[PMPAddrRstVal][61] bound to: 64'b0000000000000000000000000000000000000000000000000000000000000000 
	Parameter CVA6Cfg[PMPAddrRstVal][60] bound to: 64'b0000000000000000000000000000000000000000000000000000000000000000 
	Parameter CVA6Cfg[PMPAddrRstVal][59] bound to: 64'b0000000000000000000000000000000000000000000000000000000000000000 
	Parameter CVA6Cfg[PMPAddrRstVal][58] bound to: 64'b0000000000000000000000000000000000000000000000000000000000000000 
	Parameter CVA6Cfg[PMPAddrRstVal][57] bound to: 64'b0000000000000000000000000000000000000000000000000000000000000000 
	Parameter CVA6Cfg[PMPAddrRstVal][56] bound to: 64'b0000000000000000000000000000000000000000000000000000000000000000 
	Parameter CVA6Cfg[PMPAddrRstVal][55] bound to: 64'b0000000000000000000000000000000000000000000000000000000000000000 
	Parameter CVA6Cfg[PMPAddrRstVal][54] bound to: 64'b0000000000000000000000000000000000000000000000000000000000000000 
	Parameter CVA6Cfg[PMPAddrRstVal][53] bound to: 64'b0000000000000000000000000000000000000000000000000000000000000000 
	Parameter CVA6Cfg[PMPAddrRstVal][52] bound to: 64'b0000000000000000000000000000000000000000000000000000000000000000 
	Parameter CVA6Cfg[PMPAddrRstVal][51] bound to: 64'b0000000000000000000000000000000000000000000000000000000000000000 
	Parameter CVA6Cfg[PMPAddrRstVal][50] bound to: 64'b0000000000000000000000000000000000000000000000000000000000000000 
	Parameter CVA6Cfg[PMPAddrRstVal][49] bound to: 64'b0000000000000000000000000000000000000000000000000000000000000000 
	Parameter CVA6Cfg[PMPAddrRstVal][48] bound to: 64'b0000000000000000000000000000000000000000000000000000000000000000 
	Parameter CVA6Cfg[PMPAddrRstVal][47] bound to: 64'b0000000000000000000000000000000000000000000000000000000000000000 
	Parameter CVA6Cfg[PMPAddrRstVal][46] bound to: 64'b0000000000000000000000000000000000000000000000000000000000000000 
	Parameter CVA6Cfg[PMPAddrRstVal][45] bound to: 64'b0000000000000000000000000000000000000000000000000000000000000000 
	Parameter CVA6Cfg[PMPAddrRstVal][44] bound to: 64'b0000000000000000000000000000000000000000000000000000000000000000 
	Parameter CVA6Cfg[PMPAddrRstVal][43] bound to: 64'b0000000000000000000000000000000000000000000000000000000000000000 
	Parameter CVA6Cfg[PMPAddrRstVal][42] bound to: 64'b0000000000000000000000000000000000000000000000000000000000000000 
	Parameter CVA6Cfg[PMPAddrRstVal][41] bound to: 64'b0000000000000000000000000000000000000000000000000000000000000000 
	Parameter CVA6Cfg[PMPAddrRstVal][40] bound to: 64'b0000000000000000000000000000000000000000000000000000000000000000 
	Parameter CVA6Cfg[PMPAddrRstVal][39] bound to: 64'b0000000000000000000000000000000000000000000000000000000000000000 
	Parameter CVA6Cfg[PMPAddrRstVal][38] bound to: 64'b0000000000000000000000000000000000000000000000000000000000000000 
	Parameter CVA6Cfg[PMPAddrRstVal][37] bound to: 64'b0000000000000000000000000000000000000000000000000000000000000000 
	Parameter CVA6Cfg[PMPAddrRstVal][36] bound to: 64'b0000000000000000000000000000000000000000000000000000000000000000 
	Parameter CVA6Cfg[PMPAddrRstVal][35] bound to: 64'b0000000000000000000000000000000000000000000000000000000000000000 
	Parameter CVA6Cfg[PMPAddrRstVal][34] bound to: 64'b0000000000000000000000000000000000000000000000000000000000000000 
	Parameter CVA6Cfg[PMPAddrRstVal][33] bound to: 64'b0000000000000000000000000000000000000000000000000000000000000000 
	Parameter CVA6Cfg[PMPAddrRstVal][32] bound to: 64'b0000000000000000000000000000000000000000000000000000000000000000 
	Parameter CVA6Cfg[PMPAddrRstVal][31] bound to: 64'b0000000000000000000000000000000000000000000000000000000000000000 
	Parameter CVA6Cfg[PMPAddrRstVal][30] bound to: 64'b0000000000000000000000000000000000000000000000000000000000000000 
	Parameter CVA6Cfg[PMPAddrRstVal][29] bound to: 64'b0000000000000000000000000000000000000000000000000000000000000000 
	Parameter CVA6Cfg[PMPAddrRstVal][28] bound to: 64'b0000000000000000000000000000000000000000000000000000000000000000 
	Parameter CVA6Cfg[PMPAddrRstVal][27] bound to: 64'b0000000000000000000000000000000000000000000000000000000000000000 
	Parameter CVA6Cfg[PMPAddrRstVal][26] bound to: 64'b0000000000000000000000000000000000000000000000000000000000000000 
	Parameter CVA6Cfg[PMPAddrRstVal][25] bound to: 64'b0000000000000000000000000000000000000000000000000000000000000000 
	Parameter CVA6Cfg[PMPAddrRstVal][24] bound to: 64'b0000000000000000000000000000000000000000000000000000000000000000 
	Parameter CVA6Cfg[PMPAddrRstVal][23] bound to: 64'b0000000000000000000000000000000000000000000000000000000000000000 
	Parameter CVA6Cfg[PMPAddrRstVal][22] bound to: 64'b0000000000000000000000000000000000000000000000000000000000000000 
	Parameter CVA6Cfg[PMPAddrRstVal][21] bound to: 64'b0000000000000000000000000000000000000000000000000000000000000000 
	Parameter CVA6Cfg[PMPAddrRstVal][20] bound to: 64'b0000000000000000000000000000000000000000000000000000000000000000 
	Parameter CVA6Cfg[PMPAddrRstVal][19] bound to: 64'b0000000000000000000000000000000000000000000000000000000000000000 
	Parameter CVA6Cfg[PMPAddrRstVal][18] bound to: 64'b0000000000000000000000000000000000000000000000000000000000000000 
	Parameter CVA6Cfg[PMPAddrRstVal][17] bound to: 64'b0000000000000000000000000000000000000000000000000000000000000000 
	Parameter CVA6Cfg[PMPAddrRstVal][16] bound to: 64'b0000000000000000000000000000000000000000000000000000000000000000 
	Parameter CVA6Cfg[PMPAddrRstVal][15] bound to: 64'b0000000000000000000000000000000000000000000000000000000000000000 
	Parameter CVA6Cfg[PMPAddrRstVal][14] bound to: 64'b0000000000000000000000000000000000000000000000000000000000000000 
	Parameter CVA6Cfg[PMPAddrRstVal][13] bound to: 64'b0000000000000000000000000000000000000000000000000000000000000000 
	Parameter CVA6Cfg[PMPAddrRstVal][12] bound to: 64'b0000000000000000000000000000000000000000000000000000000000000000 
	Parameter CVA6Cfg[PMPAddrRstVal][11] bound to: 64'b0000000000000000000000000000000000000000000000000000000000000000 
	Parameter CVA6Cfg[PMPAddrRstVal][10] bound to: 64'b0000000000000000000000000000000000000000000000000000000000000000 
	Parameter CVA6Cfg[PMPAddrRstVal][9] bound to: 64'b0000000000000000000000000000000000000000000000000000000000000000 
	Parameter CVA6Cfg[PMPAddrRstVal][8] bound to: 64'b0000000000000000000000000000000000000000000000000000000000000000 
	Parameter CVA6Cfg[PMPAddrRstVal][7] bound to: 64'b0000000000000000000000000000000000000000000000000000000000000000 
	Parameter CVA6Cfg[PMPAddrRstVal][6] bound to: 64'b0000000000000000000000000000000000000000000000000000000000000000 
	Parameter CVA6Cfg[PMPAddrRstVal][5] bound to: 64'b0000000000000000000000000000000000000000000000000000000000000000 
	Parameter CVA6Cfg[PMPAddrRstVal][4] bound to: 64'b0000000000000000000000000000000000000000000000000000000000000000 
	Parameter CVA6Cfg[PMPAddrRstVal][3] bound to: 64'b0000000000000000000000000000000000000000000000000000000000000000 
	Parameter CVA6Cfg[PMPAddrRstVal][2] bound to: 64'b0000000000000000000000000000000000000000000000000000000000000000 
	Parameter CVA6Cfg[PMPAddrRstVal][1] bound to: 64'b0000000000000000000000000000000000000000000000000000000000000000 
	Parameter CVA6Cfg[PMPAddrRstVal][0] bound to: 64'b0000000000000000000000000000000000000000000000000000000000000000 
	Parameter CVA6Cfg[PMPEntryReadOnly] bound to: 64'b0000000000000000000000000000000000000000000000000000000000000000 
	Parameter CVA6Cfg[PMPNapotEn] bound to: 1'b0 
	Parameter CVA6Cfg[NOCType] bound to: 32'sb00000000000000000000000000000000 
	Parameter CVA6Cfg[NrNonIdempotentRules] bound to: 32'b00000000000000000000000000000010 
	Parameter CVA6Cfg[NonIdempotentAddrBase][15] bound to: 64'b0000000000000000000000000000000000000000000000000000000000000000 
	Parameter CVA6Cfg[NonIdempotentAddrBase][14] bound to: 64'b0000000000000000000000000000000000000000000000000000000000000000 
	Parameter CVA6Cfg[NonIdempotentAddrBase][13] bound to: 64'b0000000000000000000000000000000000000000000000000000000000000000 
	Parameter CVA6Cfg[NonIdempotentAddrBase][12] bound to: 64'b0000000000000000000000000000000000000000000000000000000000000000 
	Parameter CVA6Cfg[NonIdempotentAddrBase][11] bound to: 64'b0000000000000000000000000000000000000000000000000000000000000000 
	Parameter CVA6Cfg[NonIdempotentAddrBase][10] bound to: 64'b0000000000000000000000000000000000000000000000000000000000000000 
	Parameter CVA6Cfg[NonIdempotentAddrBase][9] bound to: 64'b0000000000000000000000000000000000000000000000000000000000000000 
	Parameter CVA6Cfg[NonIdempotentAddrBase][8] bound to: 64'b0000000000000000000000000000000000000000000000000000000000000000 
	Parameter CVA6Cfg[NonIdempotentAddrBase][7] bound to: 64'b0000000000000000000000000000000000000000000000000000000000000000 
	Parameter CVA6Cfg[NonIdempotentAddrBase][6] bound to: 64'b0000000000000000000000000000000000000000000000000000000000000000 
	Parameter CVA6Cfg[NonIdempotentAddrBase][5] bound to: 64'b0000000000000000000000000000000000000000000000000000000000000000 
	Parameter CVA6Cfg[NonIdempotentAddrBase][4] bound to: 64'b0000000000000000000000000000000000000000000000000000000000000000 
	Parameter CVA6Cfg[NonIdempotentAddrBase][3] bound to: 64'b0000000000000000000000000000000000000000000000000000000000000000 
	Parameter CVA6Cfg[NonIdempotentAddrBase][2] bound to: 64'b0000000000000000000000000000000000000000000000000000000000000000 
	Parameter CVA6Cfg[NonIdempotentAddrBase][1] bound to: 64'b0000000000000000000000000000000011000000000000000000000000000000 
	Parameter CVA6Cfg[NonIdempotentAddrBase][0] bound to: 64'b0000000000000000000000000000000011010000000000000000000000000000 
	Parameter CVA6Cfg[NonIdempotentLength][15] bound to: 64'b0000000000000000000000000000000000000000000000000000000000000000 
	Parameter CVA6Cfg[NonIdempotentLength][14] bound to: 64'b0000000000000000000000000000000000000000000000000000000000000000 
	Parameter CVA6Cfg[NonIdempotentLength][13] bound to: 64'b0000000000000000000000000000000000000000000000000000000000000000 
	Parameter CVA6Cfg[NonIdempotentLength][12] bound to: 64'b0000000000000000000000000000000000000000000000000000000000000000 
	Parameter CVA6Cfg[NonIdempotentLength][11] bound to: 64'b0000000000000000000000000000000000000000000000000000000000000000 
	Parameter CVA6Cfg[NonIdempotentLength][10] bound to: 64'b0000000000000000000000000000000000000000000000000000000000000000 
	Parameter CVA6Cfg[NonIdempotentLength][9] bound to: 64'b0000000000000000000000000000000000000000000000000000000000000000 
	Parameter CVA6Cfg[NonIdempotentLength][8] bound to: 64'b0000000000000000000000000000000000000000000000000000000000000000 
	Parameter CVA6Cfg[NonIdempotentLength][7] bound to: 64'b0000000000000000000000000000000000000000000000000000000000000000 
	Parameter CVA6Cfg[NonIdempotentLength][6] bound to: 64'b0000000000000000000000000000000000000000000000000000000000000000 
	Parameter CVA6Cfg[NonIdempotentLength][5] bound to: 64'b0000000000000000000000000000000000000000000000000000000000000000 
	Parameter CVA6Cfg[NonIdempotentLength][4] bound to: 64'b0000000000000000000000000000000000000000000000000000000000000000 
	Parameter CVA6Cfg[NonIdempotentLength][3] bound to: 64'b0000000000000000000000000000000000000000000000000000000000000000 
	Parameter CVA6Cfg[NonIdempotentLength][2] bound to: 64'b0000000000000000000000000000000000000000000000000000000000000000 
	Parameter CVA6Cfg[NonIdempotentLength][1] bound to: 64'b0000000000000000000000000000000000000000000000100000000000000000 
	Parameter CVA6Cfg[NonIdempotentLength][0] bound to: 64'b0000000000000000000000000000000000000000000000000000000000010000 
	Parameter CVA6Cfg[NrExecuteRegionRules] bound to: 32'b00000000000000000000000000000011 
	Parameter CVA6Cfg[ExecuteRegionAddrBase][15] bound to: 64'b0000000000000000000000000000000000000000000000000000000000000000 
	Parameter CVA6Cfg[ExecuteRegionAddrBase][14] bound to: 64'b0000000000000000000000000000000000000000000000000000000000000000 
	Parameter CVA6Cfg[ExecuteRegionAddrBase][13] bound to: 64'b0000000000000000000000000000000000000000000000000000000000000000 
	Parameter CVA6Cfg[ExecuteRegionAddrBase][12] bound to: 64'b0000000000000000000000000000000000000000000000000000000000000000 
	Parameter CVA6Cfg[ExecuteRegionAddrBase][11] bound to: 64'b0000000000000000000000000000000000000000000000000000000000000000 
	Parameter CVA6Cfg[ExecuteRegionAddrBase][10] bound to: 64'b0000000000000000000000000000000000000000000000000000000000000000 
	Parameter CVA6Cfg[ExecuteRegionAddrBase][9] bound to: 64'b0000000000000000000000000000000000000000000000000000000000000000 
	Parameter CVA6Cfg[ExecuteRegionAddrBase][8] bound to: 64'b0000000000000000000000000000000000000000000000000000000000000000 
	Parameter CVA6Cfg[ExecuteRegionAddrBase][7] bound to: 64'b0000000000000000000000000000000000000000000000000000000000000000 
	Parameter CVA6Cfg[ExecuteRegionAddrBase][6] bound to: 64'b0000000000000000000000000000000000000000000000000000000000000000 
	Parameter CVA6Cfg[ExecuteRegionAddrBase][5] bound to: 64'b0000000000000000000000000000000000000000000000000000000000000000 
	Parameter CVA6Cfg[ExecuteRegionAddrBase][4] bound to: 64'b0000000000000000000000000000000000000000000000000000000000000000 
	Parameter CVA6Cfg[ExecuteRegionAddrBase][3] bound to: 64'b0000000000000000000000000000000000000000000000000000000000000000 
	Parameter CVA6Cfg[ExecuteRegionAddrBase][2] bound to: 64'b0000000000000000000000000000000010000000000000000000000000000000 
	Parameter CVA6Cfg[ExecuteRegionAddrBase][1] bound to: 64'b0000000000000000000000000000000000000000000000010000000000000000 
	Parameter CVA6Cfg[ExecuteRegionAddrBase][0] bound to: 64'b0000000000000000000000000000000000000000000000000000000000000000 
	Parameter CVA6Cfg[ExecuteRegionLength][15] bound to: 64'b0000000000000000000000000000000000000000000000000000000000000000 
	Parameter CVA6Cfg[ExecuteRegionLength][14] bound to: 64'b0000000000000000000000000000000000000000000000000000000000000000 
	Parameter CVA6Cfg[ExecuteRegionLength][13] bound to: 64'b0000000000000000000000000000000000000000000000000000000000000000 
	Parameter CVA6Cfg[ExecuteRegionLength][12] bound to: 64'b0000000000000000000000000000000000000000000000000000000000000000 
	Parameter CVA6Cfg[ExecuteRegionLength][11] bound to: 64'b0000000000000000000000000000000000000000000000000000000000000000 
	Parameter CVA6Cfg[ExecuteRegionLength][10] bound to: 64'b0000000000000000000000000000000000000000000000000000000000000000 
	Parameter CVA6Cfg[ExecuteRegionLength][9] bound to: 64'b0000000000000000000000000000000000000000000000000000000000000000 
	Parameter CVA6Cfg[ExecuteRegionLength][8] bound to: 64'b0000000000000000000000000000000000000000000000000000000000000000 
	Parameter CVA6Cfg[ExecuteRegionLength][7] bound to: 64'b0000000000000000000000000000000000000000000000000000000000000000 
	Parameter CVA6Cfg[ExecuteRegionLength][6] bound to: 64'b0000000000000000000000000000000000000000000000000000000000000000 
	Parameter CVA6Cfg[ExecuteRegionLength][5] bound to: 64'b0000000000000000000000000000000000000000000000000000000000000000 
	Parameter CVA6Cfg[ExecuteRegionLength][4] bound to: 64'b0000000000000000000000000000000000000000000000000000000000000000 
	Parameter CVA6Cfg[ExecuteRegionLength][3] bound to: 64'b0000000000000000000000000000000000000000000000000000000000000000 
	Parameter CVA6Cfg[ExecuteRegionLength][2] bound to: 64'b0000000000000000000000000000000000000010000000000000000000000000 
	Parameter CVA6Cfg[ExecuteRegionLength][1] bound to: 64'b0000000000000000000000000000000000000000000000010000000000000000 
	Parameter CVA6Cfg[ExecuteRegionLength][0] bound to: 64'b0000000000000000000000000000000000000000000000000001000000000000 
	Parameter CVA6Cfg[NrCachedRegionRules] bound to: 32'b00000000000000000000000000000001 
	Parameter CVA6Cfg[CachedRegionAddrBase][15] bound to: 64'b0000000000000000000000000000000000000000000000000000000000000000 
	Parameter CVA6Cfg[CachedRegionAddrBase][14] bound to: 64'b0000000000000000000000000000000000000000000000000000000000000000 
	Parameter CVA6Cfg[CachedRegionAddrBase][13] bound to: 64'b0000000000000000000000000000000000000000000000000000000000000000 
	Parameter CVA6Cfg[CachedRegionAddrBase][12] bound to: 64'b0000000000000000000000000000000000000000000000000000000000000000 
	Parameter CVA6Cfg[CachedRegionAddrBase][11] bound to: 64'b0000000000000000000000000000000000000000000000000000000000000000 
	Parameter CVA6Cfg[CachedRegionAddrBase][10] bound to: 64'b0000000000000000000000000000000000000000000000000000000000000000 
	Parameter CVA6Cfg[CachedRegionAddrBase][9] bound to: 64'b0000000000000000000000000000000000000000000000000000000000000000 
	Parameter CVA6Cfg[CachedRegionAddrBase][8] bound to: 64'b0000000000000000000000000000000000000000000000000000000000000000 
	Parameter CVA6Cfg[CachedRegionAddrBase][7] bound to: 64'b0000000000000000000000000000000000000000000000000000000000000000 
	Parameter CVA6Cfg[CachedRegionAddrBase][6] bound to: 64'b0000000000000000000000000000000000000000000000000000000000000000 
	Parameter CVA6Cfg[CachedRegionAddrBase][5] bound to: 64'b0000000000000000000000000000000000000000000000000000000000000000 
	Parameter CVA6Cfg[CachedRegionAddrBase][4] bound to: 64'b0000000000000000000000000000000000000000000000000000000000000000 
	Parameter CVA6Cfg[CachedRegionAddrBase][3] bound to: 64'b0000000000000000000000000000000000000000000000000000000000000000 
	Parameter CVA6Cfg[CachedRegionAddrBase][2] bound to: 64'b0000000000000000000000000000000000000000000000000000000000000000 
	Parameter CVA6Cfg[CachedRegionAddrBase][1] bound to: 64'b0000000000000000000000000000000000000000000000000000000000000000 
	Parameter CVA6Cfg[CachedRegionAddrBase][0] bound to: 64'b0000000000000000000000000000000010000000000000000000000000000000 
	Parameter CVA6Cfg[CachedRegionLength][15] bound to: 64'b0000000000000000000000000000000000000000000000000000000000000000 
	Parameter CVA6Cfg[CachedRegionLength][14] bound to: 64'b0000000000000000000000000000000000000000000000000000000000000000 
	Parameter CVA6Cfg[CachedRegionLength][13] bound to: 64'b0000000000000000000000000000000000000000000000000000000000000000 
	Parameter CVA6Cfg[CachedRegionLength][12] bound to: 64'b0000000000000000000000000000000000000000000000000000000000000000 
	Parameter CVA6Cfg[CachedRegionLength][11] bound to: 64'b0000000000000000000000000000000000000000000000000000000000000000 
	Parameter CVA6Cfg[CachedRegionLength][10] bound to: 64'b0000000000000000000000000000000000000000000000000000000000000000 
	Parameter CVA6Cfg[CachedRegionLength][9] bound to: 64'b0000000000000000000000000000000000000000000000000000000000000000 
	Parameter CVA6Cfg[CachedRegionLength][8] bound to: 64'b0000000000000000000000000000000000000000000000000000000000000000 
	Parameter CVA6Cfg[CachedRegionLength][7] bound to: 64'b0000000000000000000000000000000000000000000000000000000000000000 
	Parameter CVA6Cfg[CachedRegionLength][6] bound to: 64'b0000000000000000000000000000000000000000000000000000000000000000 
	Parameter CVA6Cfg[CachedRegionLength][5] bound to: 64'b0000000000000000000000000000000000000000000000000000000000000000 
	Parameter CVA6Cfg[CachedRegionLength][4] bound to: 64'b0000000000000000000000000000000000000000000000000000000000000000 
	Parameter CVA6Cfg[CachedRegionLength][3] bound to: 64'b0000000000000000000000000000000000000000000000000000000000000000 
	Parameter CVA6Cfg[CachedRegionLength][2] bound to: 64'b0000000000000000000000000000000000000000000000000000000000000000 
	Parameter CVA6Cfg[CachedRegionLength][1] bound to: 64'b0000000000000000000000000000000000000000000000000000000000000000 
	Parameter CVA6Cfg[CachedRegionLength][0] bound to: 64'b0000000000000000000000000000000000000010000000000000000000000000 
	Parameter CVA6Cfg[MaxOutstandingStores] bound to: 32'b00000000000000000000000000000111 
	Parameter CVA6Cfg[DebugEn] bound to: 1'b0 
	Parameter CVA6Cfg[NonIdemPotenceEn] bound to: 1'b1 
	Parameter CVA6Cfg[AxiBurstWriteEn] bound to: 1'b1 
	Parameter CVA6Cfg[ICACHE_SET_ASSOC] bound to: 32'b00000000000000000000000000000100 
	Parameter CVA6Cfg[ICACHE_SET_ASSOC_WIDTH] bound to: 32'b00000000000000000000000000000010 
	Parameter CVA6Cfg[ICACHE_INDEX_WIDTH] bound to: 32'b00000000000000000000000000001010 
	Parameter CVA6Cfg[ICACHE_TAG_WIDTH] bound to: 32'b00000000000000000000000000011000 
	Parameter CVA6Cfg[ICACHE_LINE_WIDTH] bound to: 32'b00000000000000000000000010000000 
	Parameter CVA6Cfg[ICACHE_USER_LINE_WIDTH] bound to: 32'b00000000000000000000000000000100 
	Parameter CVA6Cfg[DCacheType] bound to: 3'b001 
	Parameter CVA6Cfg[DcacheIdWidth] bound to: 32'b00000000000000000000000000000001 
	Parameter CVA6Cfg[DCACHE_SET_ASSOC] bound to: 32'b00000000000000000000000000000100 
	Parameter CVA6Cfg[DCACHE_SET_ASSOC_WIDTH] bound to: 32'b00000000000000000000000000000010 
	Parameter CVA6Cfg[DCACHE_INDEX_WIDTH] bound to: 32'b00000000000000000000000000001011 
	Parameter CVA6Cfg[DCACHE_TAG_WIDTH] bound to: 32'b00000000000000000000000000010111 
	Parameter CVA6Cfg[DCACHE_LINE_WIDTH] bound to: 32'b00000000000000000000000100000000 
	Parameter CVA6Cfg[DCACHE_USER_LINE_WIDTH] bound to: 32'b00000000000000000000000000000100 
	Parameter CVA6Cfg[DCACHE_USER_WIDTH] bound to: 32'b00000000000000000000000000000001 
	Parameter CVA6Cfg[DCACHE_OFFSET_WIDTH] bound to: 32'b00000000000000000000000000000101 
	Parameter CVA6Cfg[DCACHE_NUM_WORDS] bound to: 32'b00000000000000000000000001000000 
	Parameter CVA6Cfg[DCACHE_MAX_TX] bound to: 32'b00000000000000000000000000000100 
	Parameter CVA6Cfg[DcacheFlushOnFence] bound to: 1'b0 
	Parameter CVA6Cfg[DcacheInvalidateOnFlush] bound to: 1'b0 
	Parameter CVA6Cfg[DATA_USER_EN] bound to: 32'b00000000000000000000000000000000 
	Parameter CVA6Cfg[WtDcacheWbufDepth] bound to: 32'b00000000000000000000000000001000 
	Parameter CVA6Cfg[FETCH_USER_WIDTH] bound to: 32'b00000000000000000000000000100000 
	Parameter CVA6Cfg[FETCH_USER_EN] bound to: 32'b00000000000000000000000000000000 
	Parameter CVA6Cfg[AXI_USER_EN] bound to: 1'b0 
	Parameter CVA6Cfg[FETCH_WIDTH] bound to: 32'b00000000000000000000000000100000 
	Parameter CVA6Cfg[FETCH_ALIGN_BITS] bound to: 32'b00000000000000000000000000000010 
	Parameter CVA6Cfg[INSTR_PER_FETCH] bound to: 32'b00000000000000000000000000000010 
	Parameter CVA6Cfg[LOG2_INSTR_PER_FETCH] bound to: 32'b00000000000000000000000000000001 
	Parameter CVA6Cfg[ModeW] bound to: 32'b00000000000000000000000000000001 
	Parameter CVA6Cfg[ASIDW] bound to: 32'b00000000000000000000000000001001 
	Parameter CVA6Cfg[VMIDW] bound to: 32'b00000000000000000000000000000111 
	Parameter CVA6Cfg[PPNW] bound to: 32'b00000000000000000000000000010110 
	Parameter CVA6Cfg[GPPNW] bound to: 32'b00000000000000000000000000010110 
	Parameter CVA6Cfg[MODE_SV] bound to: 4'b0001 
	Parameter CVA6Cfg[SV] bound to: 32'b00000000000000000000000000100000 
	Parameter CVA6Cfg[SVX] bound to: 32'b00000000000000000000000000100010 
	Parameter CVA6Cfg[X_NUM_RS] bound to: 32'b00000000000000000000000000000010 
	Parameter CVA6Cfg[X_ID_WIDTH] bound to: 32'b00000000000000000000000000000011 
	Parameter CVA6Cfg[X_RFR_WIDTH] bound to: 32'b00000000000000000000000000100000 
	Parameter CVA6Cfg[X_RFW_WIDTH] bound to: 32'b00000000000000000000000000100000 
	Parameter CVA6Cfg[X_NUM_HARTS] bound to: 32'b00000000000000000000000000000001 
	Parameter CVA6Cfg[X_HARTID_WIDTH] bound to: 32'b00000000000000000000000000100000 
	Parameter CVA6Cfg[X_DUALREAD] bound to: 32'b00000000000000000000000000000000 
	Parameter CVA6Cfg[X_DUALWRITE] bound to: 32'b00000000000000000000000000000000 
	Parameter CVA6Cfg[X_ISSUE_REGISTER_SPLIT] bound to: 32'b00000000000000000000000000000000 
	Parameter RdAmoTxId bound to: 2'b01 
INFO: [Synth 8-6157] synthesizing module 'wt_dcache_ctrl' [/home/alex/Isolde/MatrixAcceleratorDemo/src/ips/ariane/core/cache_subsystem/wt_dcache_ctrl.sv:16]
	Parameter CVA6Cfg[XLEN] bound to: 32'b00000000000000000000000000100000 
	Parameter CVA6Cfg[VLEN] bound to: 32'b00000000000000000000000000100000 
	Parameter CVA6Cfg[PLEN] bound to: 32'b00000000000000000000000000100010 
	Parameter CVA6Cfg[GPLEN] bound to: 32'b00000000000000000000000000100010 
	Parameter CVA6Cfg[IS_XLEN32] bound to: 1'b1 
	Parameter CVA6Cfg[IS_XLEN64] bound to: 1'b0 
	Parameter CVA6Cfg[XLEN_ALIGN_BYTES] bound to: 32'b00000000000000000000000000000010 
	Parameter CVA6Cfg[ASID_WIDTH] bound to: 32'b00000000000000000000000000000001 
	Parameter CVA6Cfg[VMID_WIDTH] bound to: 32'b00000000000000000000000000000001 
	Parameter CVA6Cfg[FpgaEn] bound to: 1'b1 
	Parameter CVA6Cfg[FpgaAlteraEn] bound to: 1'b0 
	Parameter CVA6Cfg[TechnoCut] bound to: 1'b0 
	Parameter CVA6Cfg[SuperscalarEn] bound to: 1'b0 
	Parameter CVA6Cfg[NrCommitPorts] bound to: 32'b00000000000000000000000000000010 
	Parameter CVA6Cfg[NrIssuePorts] bound to: 32'b00000000000000000000000000000001 
	Parameter CVA6Cfg[SpeculativeSb] bound to: 1'b0 
	Parameter CVA6Cfg[NrLoadPipeRegs] bound to: 32'b00000000000000000000000000000001 
	Parameter CVA6Cfg[NrStorePipeRegs] bound to: 32'b00000000000000000000000000000000 
	Parameter CVA6Cfg[AxiAddrWidth] bound to: 32'b00000000000000000000000001000000 
	Parameter CVA6Cfg[AxiDataWidth] bound to: 32'b00000000000000000000000001000000 
	Parameter CVA6Cfg[AxiIdWidth] bound to: 32'b00000000000000000000000000000100 
	Parameter CVA6Cfg[AxiUserWidth] bound to: 32'b00000000000000000000000000000001 
	Parameter CVA6Cfg[MEM_TID_WIDTH] bound to: 32'b00000000000000000000000000000010 
	Parameter CVA6Cfg[NrLoadBufEntries] bound to: 32'b00000000000000000000000000000010 
	Parameter CVA6Cfg[RVF] bound to: 1'b0 
	Parameter CVA6Cfg[RVD] bound to: 1'b0 
	Parameter CVA6Cfg[XF16] bound to: 1'b0 
	Parameter CVA6Cfg[XF16ALT] bound to: 1'b0 
	Parameter CVA6Cfg[XF8] bound to: 1'b0 
	Parameter CVA6Cfg[RVA] bound to: 1'b0 
	Parameter CVA6Cfg[RVB] bound to: 1'b0 
	Parameter CVA6Cfg[ZKN] bound to: 1'b0 
	Parameter CVA6Cfg[RVV] bound to: 1'b0 
	Parameter CVA6Cfg[RVC] bound to: 1'b1 
	Parameter CVA6Cfg[RVH] bound to: 1'b0 
	Parameter CVA6Cfg[RVZCB] bound to: 1'b0 
	Parameter CVA6Cfg[RVZCMP] bound to: 1'b0 
	Parameter CVA6Cfg[RVZCMT] bound to: 1'b0 
	Parameter CVA6Cfg[XFVec] bound to: 1'b0 
	Parameter CVA6Cfg[CvxifEn] bound to: 1'b1 
	Parameter CVA6Cfg[CoproType] bound to: 32'sb00000000000000000000000000000000 
	Parameter CVA6Cfg[RVZiCond] bound to: 1'b0 
	Parameter CVA6Cfg[RVZicntr] bound to: 1'b1 
	Parameter CVA6Cfg[RVZihpm] bound to: 1'b1 
	Parameter CVA6Cfg[NR_SB_ENTRIES] bound to: 32'b00000000000000000000000000001000 
	Parameter CVA6Cfg[TRANS_ID_BITS] bound to: 32'b00000000000000000000000000000011 
	Parameter CVA6Cfg[FpPresent] bound to: 1'b0 
	Parameter CVA6Cfg[NSX] bound to: 1'b0 
	Parameter CVA6Cfg[FLen] bound to: 32'b00000000000000000000000000000001 
	Parameter CVA6Cfg[RVFVec] bound to: 1'b0 
	Parameter CVA6Cfg[XF16Vec] bound to: 1'b0 
	Parameter CVA6Cfg[XF16ALTVec] bound to: 1'b0 
	Parameter CVA6Cfg[XF8Vec] bound to: 1'b0 
	Parameter CVA6Cfg[NrRgprPorts] bound to: 32'b00000000000000000000000000000010 
	Parameter CVA6Cfg[NrWbPorts] bound to: 32'b00000000000000000000000000000101 
	Parameter CVA6Cfg[EnableAccelerator] bound to: 1'b0 
	Parameter CVA6Cfg[PerfCounterEn] bound to: 1'b1 
	Parameter CVA6Cfg[MmuPresent] bound to: 1'b0 
	Parameter CVA6Cfg[RVS] bound to: 1'b1 
	Parameter CVA6Cfg[RVU] bound to: 1'b1 
	Parameter CVA6Cfg[SoftwareInterruptEn] bound to: 1'b1 
	Parameter CVA6Cfg[HaltAddress] bound to: 64'b0000000000000000000000000000000000000000000000000000100000000000 
	Parameter CVA6Cfg[ExceptionAddress] bound to: 64'b0000000000000000000000000000000000000000000000000000100000001000 
	Parameter CVA6Cfg[RASDepth] bound to: 32'b00000000000000000000000000000010 
	Parameter CVA6Cfg[BTBEntries] bound to: 32'b00000000000000000000000000100000 
	Parameter CVA6Cfg[BPType] bound to: 1'b0 
	Parameter CVA6Cfg[BHTEntries] bound to: 32'b00000000000000000000000010000000 
	Parameter CVA6Cfg[BHTHist] bound to: 32'b00000000000000000000000000000011 
	Parameter CVA6Cfg[InstrTlbEntries] bound to: 32'b00000000000000000000000000000010 
	Parameter CVA6Cfg[DataTlbEntries] bound to: 32'b00000000000000000000000000000010 
	Parameter CVA6Cfg[UseSharedTlb] bound to: 1'b1 
	Parameter CVA6Cfg[SharedTlbDepth] bound to: 32'b00000000000000000000000001000000 
	Parameter CVA6Cfg[VpnLen] bound to: 32'b00000000000000000000000000010100 
	Parameter CVA6Cfg[PtLevels] bound to: 32'b00000000000000000000000000000010 
	Parameter CVA6Cfg[DmBaseAddress] bound to: 64'b0000000000000000000000000000000000000000000000000000000000000000 
	Parameter CVA6Cfg[TvalEn] bound to: 1'b1 
	Parameter CVA6Cfg[DirectVecOnly] bound to: 1'b0 
	Parameter CVA6Cfg[NrPMPEntries] bound to: 32'b00000000000000000000000000000000 
	Parameter CVA6Cfg[PMPCfgRstVal][63] bound to: 64'b0000000000000000000000000000000000000000000000000000000000000000 
	Parameter CVA6Cfg[PMPCfgRstVal][62] bound to: 64'b0000000000000000000000000000000000000000000000000000000000000000 
	Parameter CVA6Cfg[PMPCfgRstVal][61] bound to: 64'b0000000000000000000000000000000000000000000000000000000000000000 
	Parameter CVA6Cfg[PMPCfgRstVal][60] bound to: 64'b0000000000000000000000000000000000000000000000000000000000000000 
	Parameter CVA6Cfg[PMPCfgRstVal][59] bound to: 64'b0000000000000000000000000000000000000000000000000000000000000000 
	Parameter CVA6Cfg[PMPCfgRstVal][58] bound to: 64'b0000000000000000000000000000000000000000000000000000000000000000 
	Parameter CVA6Cfg[PMPCfgRstVal][57] bound to: 64'b0000000000000000000000000000000000000000000000000000000000000000 
	Parameter CVA6Cfg[PMPCfgRstVal][56] bound to: 64'b0000000000000000000000000000000000000000000000000000000000000000 
	Parameter CVA6Cfg[PMPCfgRstVal][55] bound to: 64'b0000000000000000000000000000000000000000000000000000000000000000 
	Parameter CVA6Cfg[PMPCfgRstVal][54] bound to: 64'b0000000000000000000000000000000000000000000000000000000000000000 
	Parameter CVA6Cfg[PMPCfgRstVal][53] bound to: 64'b0000000000000000000000000000000000000000000000000000000000000000 
	Parameter CVA6Cfg[PMPCfgRstVal][52] bound to: 64'b0000000000000000000000000000000000000000000000000000000000000000 
	Parameter CVA6Cfg[PMPCfgRstVal][51] bound to: 64'b0000000000000000000000000000000000000000000000000000000000000000 
	Parameter CVA6Cfg[PMPCfgRstVal][50] bound to: 64'b0000000000000000000000000000000000000000000000000000000000000000 
	Parameter CVA6Cfg[PMPCfgRstVal][49] bound to: 64'b0000000000000000000000000000000000000000000000000000000000000000 
	Parameter CVA6Cfg[PMPCfgRstVal][48] bound to: 64'b0000000000000000000000000000000000000000000000000000000000000000 
	Parameter CVA6Cfg[PMPCfgRstVal][47] bound to: 64'b0000000000000000000000000000000000000000000000000000000000000000 
	Parameter CVA6Cfg[PMPCfgRstVal][46] bound to: 64'b0000000000000000000000000000000000000000000000000000000000000000 
	Parameter CVA6Cfg[PMPCfgRstVal][45] bound to: 64'b0000000000000000000000000000000000000000000000000000000000000000 
	Parameter CVA6Cfg[PMPCfgRstVal][44] bound to: 64'b0000000000000000000000000000000000000000000000000000000000000000 
	Parameter CVA6Cfg[PMPCfgRstVal][43] bound to: 64'b0000000000000000000000000000000000000000000000000000000000000000 
	Parameter CVA6Cfg[PMPCfgRstVal][42] bound to: 64'b0000000000000000000000000000000000000000000000000000000000000000 
	Parameter CVA6Cfg[PMPCfgRstVal][41] bound to: 64'b0000000000000000000000000000000000000000000000000000000000000000 
	Parameter CVA6Cfg[PMPCfgRstVal][40] bound to: 64'b0000000000000000000000000000000000000000000000000000000000000000 
	Parameter CVA6Cfg[PMPCfgRstVal][39] bound to: 64'b0000000000000000000000000000000000000000000000000000000000000000 
	Parameter CVA6Cfg[PMPCfgRstVal][38] bound to: 64'b0000000000000000000000000000000000000000000000000000000000000000 
	Parameter CVA6Cfg[PMPCfgRstVal][37] bound to: 64'b0000000000000000000000000000000000000000000000000000000000000000 
	Parameter CVA6Cfg[PMPCfgRstVal][36] bound to: 64'b0000000000000000000000000000000000000000000000000000000000000000 
	Parameter CVA6Cfg[PMPCfgRstVal][35] bound to: 64'b0000000000000000000000000000000000000000000000000000000000000000 
	Parameter CVA6Cfg[PMPCfgRstVal][34] bound to: 64'b0000000000000000000000000000000000000000000000000000000000000000 
	Parameter CVA6Cfg[PMPCfgRstVal][33] bound to: 64'b0000000000000000000000000000000000000000000000000000000000000000 
	Parameter CVA6Cfg[PMPCfgRstVal][32] bound to: 64'b0000000000000000000000000000000000000000000000000000000000000000 
	Parameter CVA6Cfg[PMPCfgRstVal][31] bound to: 64'b0000000000000000000000000000000000000000000000000000000000000000 
	Parameter CVA6Cfg[PMPCfgRstVal][30] bound to: 64'b0000000000000000000000000000000000000000000000000000000000000000 
	Parameter CVA6Cfg[PMPCfgRstVal][29] bound to: 64'b0000000000000000000000000000000000000000000000000000000000000000 
	Parameter CVA6Cfg[PMPCfgRstVal][28] bound to: 64'b0000000000000000000000000000000000000000000000000000000000000000 
	Parameter CVA6Cfg[PMPCfgRstVal][27] bound to: 64'b0000000000000000000000000000000000000000000000000000000000000000 
	Parameter CVA6Cfg[PMPCfgRstVal][26] bound to: 64'b0000000000000000000000000000000000000000000000000000000000000000 
	Parameter CVA6Cfg[PMPCfgRstVal][25] bound to: 64'b0000000000000000000000000000000000000000000000000000000000000000 
	Parameter CVA6Cfg[PMPCfgRstVal][24] bound to: 64'b0000000000000000000000000000000000000000000000000000000000000000 
	Parameter CVA6Cfg[PMPCfgRstVal][23] bound to: 64'b0000000000000000000000000000000000000000000000000000000000000000 
	Parameter CVA6Cfg[PMPCfgRstVal][22] bound to: 64'b0000000000000000000000000000000000000000000000000000000000000000 
	Parameter CVA6Cfg[PMPCfgRstVal][21] bound to: 64'b0000000000000000000000000000000000000000000000000000000000000000 
	Parameter CVA6Cfg[PMPCfgRstVal][20] bound to: 64'b0000000000000000000000000000000000000000000000000000000000000000 
	Parameter CVA6Cfg[PMPCfgRstVal][19] bound to: 64'b0000000000000000000000000000000000000000000000000000000000000000 
	Parameter CVA6Cfg[PMPCfgRstVal][18] bound to: 64'b0000000000000000000000000000000000000000000000000000000000000000 
	Parameter CVA6Cfg[PMPCfgRstVal][17] bound to: 64'b0000000000000000000000000000000000000000000000000000000000000000 
	Parameter CVA6Cfg[PMPCfgRstVal][16] bound to: 64'b0000000000000000000000000000000000000000000000000000000000000000 
	Parameter CVA6Cfg[PMPCfgRstVal][15] bound to: 64'b0000000000000000000000000000000000000000000000000000000000000000 
	Parameter CVA6Cfg[PMPCfgRstVal][14] bound to: 64'b0000000000000000000000000000000000000000000000000000000000000000 
	Parameter CVA6Cfg[PMPCfgRstVal][13] bound to: 64'b0000000000000000000000000000000000000000000000000000000000000000 
	Parameter CVA6Cfg[PMPCfgRstVal][12] bound to: 64'b0000000000000000000000000000000000000000000000000000000000000000 
	Parameter CVA6Cfg[PMPCfgRstVal][11] bound to: 64'b0000000000000000000000000000000000000000000000000000000000000000 
	Parameter CVA6Cfg[PMPCfgRstVal][10] bound to: 64'b0000000000000000000000000000000000000000000000000000000000000000 
	Parameter CVA6Cfg[PMPCfgRstVal][9] bound to: 64'b0000000000000000000000000000000000000000000000000000000000000000 
	Parameter CVA6Cfg[PMPCfgRstVal][8] bound to: 64'b0000000000000000000000000000000000000000000000000000000000000000 
	Parameter CVA6Cfg[PMPCfgRstVal][7] bound to: 64'b0000000000000000000000000000000000000000000000000000000000000000 
	Parameter CVA6Cfg[PMPCfgRstVal][6] bound to: 64'b0000000000000000000000000000000000000000000000000000000000000000 
	Parameter CVA6Cfg[PMPCfgRstVal][5] bound to: 64'b0000000000000000000000000000000000000000000000000000000000000000 
	Parameter CVA6Cfg[PMPCfgRstVal][4] bound to: 64'b0000000000000000000000000000000000000000000000000000000000000000 
	Parameter CVA6Cfg[PMPCfgRstVal][3] bound to: 64'b0000000000000000000000000000000000000000000000000000000000000000 
	Parameter CVA6Cfg[PMPCfgRstVal][2] bound to: 64'b0000000000000000000000000000000000000000000000000000000000000000 
	Parameter CVA6Cfg[PMPCfgRstVal][1] bound to: 64'b0000000000000000000000000000000000000000000000000000000000000000 
	Parameter CVA6Cfg[PMPCfgRstVal][0] bound to: 64'b0000000000000000000000000000000000000000000000000000000000000000 
	Parameter CVA6Cfg[PMPAddrRstVal][63] bound to: 64'b0000000000000000000000000000000000000000000000000000000000000000 
	Parameter CVA6Cfg[PMPAddrRstVal][62] bound to: 64'b0000000000000000000000000000000000000000000000000000000000000000 
	Parameter CVA6Cfg[PMPAddrRstVal][61] bound to: 64'b0000000000000000000000000000000000000000000000000000000000000000 
	Parameter CVA6Cfg[PMPAddrRstVal][60] bound to: 64'b0000000000000000000000000000000000000000000000000000000000000000 
	Parameter CVA6Cfg[PMPAddrRstVal][59] bound to: 64'b0000000000000000000000000000000000000000000000000000000000000000 
	Parameter CVA6Cfg[PMPAddrRstVal][58] bound to: 64'b0000000000000000000000000000000000000000000000000000000000000000 
	Parameter CVA6Cfg[PMPAddrRstVal][57] bound to: 64'b0000000000000000000000000000000000000000000000000000000000000000 
	Parameter CVA6Cfg[PMPAddrRstVal][56] bound to: 64'b0000000000000000000000000000000000000000000000000000000000000000 
	Parameter CVA6Cfg[PMPAddrRstVal][55] bound to: 64'b0000000000000000000000000000000000000000000000000000000000000000 
	Parameter CVA6Cfg[PMPAddrRstVal][54] bound to: 64'b0000000000000000000000000000000000000000000000000000000000000000 
	Parameter CVA6Cfg[PMPAddrRstVal][53] bound to: 64'b0000000000000000000000000000000000000000000000000000000000000000 
	Parameter CVA6Cfg[PMPAddrRstVal][52] bound to: 64'b0000000000000000000000000000000000000000000000000000000000000000 
	Parameter CVA6Cfg[PMPAddrRstVal][51] bound to: 64'b0000000000000000000000000000000000000000000000000000000000000000 
	Parameter CVA6Cfg[PMPAddrRstVal][50] bound to: 64'b0000000000000000000000000000000000000000000000000000000000000000 
	Parameter CVA6Cfg[PMPAddrRstVal][49] bound to: 64'b0000000000000000000000000000000000000000000000000000000000000000 
	Parameter CVA6Cfg[PMPAddrRstVal][48] bound to: 64'b0000000000000000000000000000000000000000000000000000000000000000 
	Parameter CVA6Cfg[PMPAddrRstVal][47] bound to: 64'b0000000000000000000000000000000000000000000000000000000000000000 
	Parameter CVA6Cfg[PMPAddrRstVal][46] bound to: 64'b0000000000000000000000000000000000000000000000000000000000000000 
	Parameter CVA6Cfg[PMPAddrRstVal][45] bound to: 64'b0000000000000000000000000000000000000000000000000000000000000000 
	Parameter CVA6Cfg[PMPAddrRstVal][44] bound to: 64'b0000000000000000000000000000000000000000000000000000000000000000 
	Parameter CVA6Cfg[PMPAddrRstVal][43] bound to: 64'b0000000000000000000000000000000000000000000000000000000000000000 
	Parameter CVA6Cfg[PMPAddrRstVal][42] bound to: 64'b0000000000000000000000000000000000000000000000000000000000000000 
	Parameter CVA6Cfg[PMPAddrRstVal][41] bound to: 64'b0000000000000000000000000000000000000000000000000000000000000000 
	Parameter CVA6Cfg[PMPAddrRstVal][40] bound to: 64'b0000000000000000000000000000000000000000000000000000000000000000 
	Parameter CVA6Cfg[PMPAddrRstVal][39] bound to: 64'b0000000000000000000000000000000000000000000000000000000000000000 
	Parameter CVA6Cfg[PMPAddrRstVal][38] bound to: 64'b0000000000000000000000000000000000000000000000000000000000000000 
	Parameter CVA6Cfg[PMPAddrRstVal][37] bound to: 64'b0000000000000000000000000000000000000000000000000000000000000000 
	Parameter CVA6Cfg[PMPAddrRstVal][36] bound to: 64'b0000000000000000000000000000000000000000000000000000000000000000 
	Parameter CVA6Cfg[PMPAddrRstVal][35] bound to: 64'b0000000000000000000000000000000000000000000000000000000000000000 
	Parameter CVA6Cfg[PMPAddrRstVal][34] bound to: 64'b0000000000000000000000000000000000000000000000000000000000000000 
	Parameter CVA6Cfg[PMPAddrRstVal][33] bound to: 64'b0000000000000000000000000000000000000000000000000000000000000000 
	Parameter CVA6Cfg[PMPAddrRstVal][32] bound to: 64'b0000000000000000000000000000000000000000000000000000000000000000 
	Parameter CVA6Cfg[PMPAddrRstVal][31] bound to: 64'b0000000000000000000000000000000000000000000000000000000000000000 
	Parameter CVA6Cfg[PMPAddrRstVal][30] bound to: 64'b0000000000000000000000000000000000000000000000000000000000000000 
	Parameter CVA6Cfg[PMPAddrRstVal][29] bound to: 64'b0000000000000000000000000000000000000000000000000000000000000000 
	Parameter CVA6Cfg[PMPAddrRstVal][28] bound to: 64'b0000000000000000000000000000000000000000000000000000000000000000 
	Parameter CVA6Cfg[PMPAddrRstVal][27] bound to: 64'b0000000000000000000000000000000000000000000000000000000000000000 
	Parameter CVA6Cfg[PMPAddrRstVal][26] bound to: 64'b0000000000000000000000000000000000000000000000000000000000000000 
	Parameter CVA6Cfg[PMPAddrRstVal][25] bound to: 64'b0000000000000000000000000000000000000000000000000000000000000000 
	Parameter CVA6Cfg[PMPAddrRstVal][24] bound to: 64'b0000000000000000000000000000000000000000000000000000000000000000 
	Parameter CVA6Cfg[PMPAddrRstVal][23] bound to: 64'b0000000000000000000000000000000000000000000000000000000000000000 
	Parameter CVA6Cfg[PMPAddrRstVal][22] bound to: 64'b0000000000000000000000000000000000000000000000000000000000000000 
	Parameter CVA6Cfg[PMPAddrRstVal][21] bound to: 64'b0000000000000000000000000000000000000000000000000000000000000000 
	Parameter CVA6Cfg[PMPAddrRstVal][20] bound to: 64'b0000000000000000000000000000000000000000000000000000000000000000 
	Parameter CVA6Cfg[PMPAddrRstVal][19] bound to: 64'b0000000000000000000000000000000000000000000000000000000000000000 
	Parameter CVA6Cfg[PMPAddrRstVal][18] bound to: 64'b0000000000000000000000000000000000000000000000000000000000000000 
	Parameter CVA6Cfg[PMPAddrRstVal][17] bound to: 64'b0000000000000000000000000000000000000000000000000000000000000000 
	Parameter CVA6Cfg[PMPAddrRstVal][16] bound to: 64'b0000000000000000000000000000000000000000000000000000000000000000 
	Parameter CVA6Cfg[PMPAddrRstVal][15] bound to: 64'b0000000000000000000000000000000000000000000000000000000000000000 
	Parameter CVA6Cfg[PMPAddrRstVal][14] bound to: 64'b0000000000000000000000000000000000000000000000000000000000000000 
	Parameter CVA6Cfg[PMPAddrRstVal][13] bound to: 64'b0000000000000000000000000000000000000000000000000000000000000000 
	Parameter CVA6Cfg[PMPAddrRstVal][12] bound to: 64'b0000000000000000000000000000000000000000000000000000000000000000 
	Parameter CVA6Cfg[PMPAddrRstVal][11] bound to: 64'b0000000000000000000000000000000000000000000000000000000000000000 
	Parameter CVA6Cfg[PMPAddrRstVal][10] bound to: 64'b0000000000000000000000000000000000000000000000000000000000000000 
	Parameter CVA6Cfg[PMPAddrRstVal][9] bound to: 64'b0000000000000000000000000000000000000000000000000000000000000000 
	Parameter CVA6Cfg[PMPAddrRstVal][8] bound to: 64'b0000000000000000000000000000000000000000000000000000000000000000 
	Parameter CVA6Cfg[PMPAddrRstVal][7] bound to: 64'b0000000000000000000000000000000000000000000000000000000000000000 
	Parameter CVA6Cfg[PMPAddrRstVal][6] bound to: 64'b0000000000000000000000000000000000000000000000000000000000000000 
	Parameter CVA6Cfg[PMPAddrRstVal][5] bound to: 64'b0000000000000000000000000000000000000000000000000000000000000000 
	Parameter CVA6Cfg[PMPAddrRstVal][4] bound to: 64'b0000000000000000000000000000000000000000000000000000000000000000 
	Parameter CVA6Cfg[PMPAddrRstVal][3] bound to: 64'b0000000000000000000000000000000000000000000000000000000000000000 
	Parameter CVA6Cfg[PMPAddrRstVal][2] bound to: 64'b0000000000000000000000000000000000000000000000000000000000000000 
	Parameter CVA6Cfg[PMPAddrRstVal][1] bound to: 64'b0000000000000000000000000000000000000000000000000000000000000000 
	Parameter CVA6Cfg[PMPAddrRstVal][0] bound to: 64'b0000000000000000000000000000000000000000000000000000000000000000 
	Parameter CVA6Cfg[PMPEntryReadOnly] bound to: 64'b0000000000000000000000000000000000000000000000000000000000000000 
	Parameter CVA6Cfg[PMPNapotEn] bound to: 1'b0 
	Parameter CVA6Cfg[NOCType] bound to: 32'sb00000000000000000000000000000000 
	Parameter CVA6Cfg[NrNonIdempotentRules] bound to: 32'b00000000000000000000000000000010 
	Parameter CVA6Cfg[NonIdempotentAddrBase][15] bound to: 64'b0000000000000000000000000000000000000000000000000000000000000000 
	Parameter CVA6Cfg[NonIdempotentAddrBase][14] bound to: 64'b0000000000000000000000000000000000000000000000000000000000000000 
	Parameter CVA6Cfg[NonIdempotentAddrBase][13] bound to: 64'b0000000000000000000000000000000000000000000000000000000000000000 
	Parameter CVA6Cfg[NonIdempotentAddrBase][12] bound to: 64'b0000000000000000000000000000000000000000000000000000000000000000 
	Parameter CVA6Cfg[NonIdempotentAddrBase][11] bound to: 64'b0000000000000000000000000000000000000000000000000000000000000000 
	Parameter CVA6Cfg[NonIdempotentAddrBase][10] bound to: 64'b0000000000000000000000000000000000000000000000000000000000000000 
	Parameter CVA6Cfg[NonIdempotentAddrBase][9] bound to: 64'b0000000000000000000000000000000000000000000000000000000000000000 
	Parameter CVA6Cfg[NonIdempotentAddrBase][8] bound to: 64'b0000000000000000000000000000000000000000000000000000000000000000 
	Parameter CVA6Cfg[NonIdempotentAddrBase][7] bound to: 64'b0000000000000000000000000000000000000000000000000000000000000000 
	Parameter CVA6Cfg[NonIdempotentAddrBase][6] bound to: 64'b0000000000000000000000000000000000000000000000000000000000000000 
	Parameter CVA6Cfg[NonIdempotentAddrBase][5] bound to: 64'b0000000000000000000000000000000000000000000000000000000000000000 
	Parameter CVA6Cfg[NonIdempotentAddrBase][4] bound to: 64'b0000000000000000000000000000000000000000000000000000000000000000 
	Parameter CVA6Cfg[NonIdempotentAddrBase][3] bound to: 64'b0000000000000000000000000000000000000000000000000000000000000000 
	Parameter CVA6Cfg[NonIdempotentAddrBase][2] bound to: 64'b0000000000000000000000000000000000000000000000000000000000000000 
	Parameter CVA6Cfg[NonIdempotentAddrBase][1] bound to: 64'b0000000000000000000000000000000011000000000000000000000000000000 
	Parameter CVA6Cfg[NonIdempotentAddrBase][0] bound to: 64'b0000000000000000000000000000000011010000000000000000000000000000 
	Parameter CVA6Cfg[NonIdempotentLength][15] bound to: 64'b0000000000000000000000000000000000000000000000000000000000000000 
	Parameter CVA6Cfg[NonIdempotentLength][14] bound to: 64'b0000000000000000000000000000000000000000000000000000000000000000 
	Parameter CVA6Cfg[NonIdempotentLength][13] bound to: 64'b0000000000000000000000000000000000000000000000000000000000000000 
	Parameter CVA6Cfg[NonIdempotentLength][12] bound to: 64'b0000000000000000000000000000000000000000000000000000000000000000 
	Parameter CVA6Cfg[NonIdempotentLength][11] bound to: 64'b0000000000000000000000000000000000000000000000000000000000000000 
	Parameter CVA6Cfg[NonIdempotentLength][10] bound to: 64'b0000000000000000000000000000000000000000000000000000000000000000 
	Parameter CVA6Cfg[NonIdempotentLength][9] bound to: 64'b0000000000000000000000000000000000000000000000000000000000000000 
	Parameter CVA6Cfg[NonIdempotentLength][8] bound to: 64'b0000000000000000000000000000000000000000000000000000000000000000 
	Parameter CVA6Cfg[NonIdempotentLength][7] bound to: 64'b0000000000000000000000000000000000000000000000000000000000000000 
	Parameter CVA6Cfg[NonIdempotentLength][6] bound to: 64'b0000000000000000000000000000000000000000000000000000000000000000 
	Parameter CVA6Cfg[NonIdempotentLength][5] bound to: 64'b0000000000000000000000000000000000000000000000000000000000000000 
	Parameter CVA6Cfg[NonIdempotentLength][4] bound to: 64'b0000000000000000000000000000000000000000000000000000000000000000 
	Parameter CVA6Cfg[NonIdempotentLength][3] bound to: 64'b0000000000000000000000000000000000000000000000000000000000000000 
	Parameter CVA6Cfg[NonIdempotentLength][2] bound to: 64'b0000000000000000000000000000000000000000000000000000000000000000 
	Parameter CVA6Cfg[NonIdempotentLength][1] bound to: 64'b0000000000000000000000000000000000000000000000100000000000000000 
	Parameter CVA6Cfg[NonIdempotentLength][0] bound to: 64'b0000000000000000000000000000000000000000000000000000000000010000 
	Parameter CVA6Cfg[NrExecuteRegionRules] bound to: 32'b00000000000000000000000000000011 
	Parameter CVA6Cfg[ExecuteRegionAddrBase][15] bound to: 64'b0000000000000000000000000000000000000000000000000000000000000000 
	Parameter CVA6Cfg[ExecuteRegionAddrBase][14] bound to: 64'b0000000000000000000000000000000000000000000000000000000000000000 
	Parameter CVA6Cfg[ExecuteRegionAddrBase][13] bound to: 64'b0000000000000000000000000000000000000000000000000000000000000000 
	Parameter CVA6Cfg[ExecuteRegionAddrBase][12] bound to: 64'b0000000000000000000000000000000000000000000000000000000000000000 
	Parameter CVA6Cfg[ExecuteRegionAddrBase][11] bound to: 64'b0000000000000000000000000000000000000000000000000000000000000000 
	Parameter CVA6Cfg[ExecuteRegionAddrBase][10] bound to: 64'b0000000000000000000000000000000000000000000000000000000000000000 
	Parameter CVA6Cfg[ExecuteRegionAddrBase][9] bound to: 64'b0000000000000000000000000000000000000000000000000000000000000000 
	Parameter CVA6Cfg[ExecuteRegionAddrBase][8] bound to: 64'b0000000000000000000000000000000000000000000000000000000000000000 
	Parameter CVA6Cfg[ExecuteRegionAddrBase][7] bound to: 64'b0000000000000000000000000000000000000000000000000000000000000000 
	Parameter CVA6Cfg[ExecuteRegionAddrBase][6] bound to: 64'b0000000000000000000000000000000000000000000000000000000000000000 
	Parameter CVA6Cfg[ExecuteRegionAddrBase][5] bound to: 64'b0000000000000000000000000000000000000000000000000000000000000000 
	Parameter CVA6Cfg[ExecuteRegionAddrBase][4] bound to: 64'b0000000000000000000000000000000000000000000000000000000000000000 
	Parameter CVA6Cfg[ExecuteRegionAddrBase][3] bound to: 64'b0000000000000000000000000000000000000000000000000000000000000000 
	Parameter CVA6Cfg[ExecuteRegionAddrBase][2] bound to: 64'b0000000000000000000000000000000010000000000000000000000000000000 
	Parameter CVA6Cfg[ExecuteRegionAddrBase][1] bound to: 64'b0000000000000000000000000000000000000000000000010000000000000000 
	Parameter CVA6Cfg[ExecuteRegionAddrBase][0] bound to: 64'b0000000000000000000000000000000000000000000000000000000000000000 
	Parameter CVA6Cfg[ExecuteRegionLength][15] bound to: 64'b0000000000000000000000000000000000000000000000000000000000000000 
	Parameter CVA6Cfg[ExecuteRegionLength][14] bound to: 64'b0000000000000000000000000000000000000000000000000000000000000000 
	Parameter CVA6Cfg[ExecuteRegionLength][13] bound to: 64'b0000000000000000000000000000000000000000000000000000000000000000 
	Parameter CVA6Cfg[ExecuteRegionLength][12] bound to: 64'b0000000000000000000000000000000000000000000000000000000000000000 
	Parameter CVA6Cfg[ExecuteRegionLength][11] bound to: 64'b0000000000000000000000000000000000000000000000000000000000000000 
	Parameter CVA6Cfg[ExecuteRegionLength][10] bound to: 64'b0000000000000000000000000000000000000000000000000000000000000000 
	Parameter CVA6Cfg[ExecuteRegionLength][9] bound to: 64'b0000000000000000000000000000000000000000000000000000000000000000 
	Parameter CVA6Cfg[ExecuteRegionLength][8] bound to: 64'b0000000000000000000000000000000000000000000000000000000000000000 
	Parameter CVA6Cfg[ExecuteRegionLength][7] bound to: 64'b0000000000000000000000000000000000000000000000000000000000000000 
	Parameter CVA6Cfg[ExecuteRegionLength][6] bound to: 64'b0000000000000000000000000000000000000000000000000000000000000000 
	Parameter CVA6Cfg[ExecuteRegionLength][5] bound to: 64'b0000000000000000000000000000000000000000000000000000000000000000 
	Parameter CVA6Cfg[ExecuteRegionLength][4] bound to: 64'b0000000000000000000000000000000000000000000000000000000000000000 
	Parameter CVA6Cfg[ExecuteRegionLength][3] bound to: 64'b0000000000000000000000000000000000000000000000000000000000000000 
	Parameter CVA6Cfg[ExecuteRegionLength][2] bound to: 64'b0000000000000000000000000000000000000010000000000000000000000000 
	Parameter CVA6Cfg[ExecuteRegionLength][1] bound to: 64'b0000000000000000000000000000000000000000000000010000000000000000 
	Parameter CVA6Cfg[ExecuteRegionLength][0] bound to: 64'b0000000000000000000000000000000000000000000000000001000000000000 
	Parameter CVA6Cfg[NrCachedRegionRules] bound to: 32'b00000000000000000000000000000001 
	Parameter CVA6Cfg[CachedRegionAddrBase][15] bound to: 64'b0000000000000000000000000000000000000000000000000000000000000000 
	Parameter CVA6Cfg[CachedRegionAddrBase][14] bound to: 64'b0000000000000000000000000000000000000000000000000000000000000000 
	Parameter CVA6Cfg[CachedRegionAddrBase][13] bound to: 64'b0000000000000000000000000000000000000000000000000000000000000000 
	Parameter CVA6Cfg[CachedRegionAddrBase][12] bound to: 64'b0000000000000000000000000000000000000000000000000000000000000000 
	Parameter CVA6Cfg[CachedRegionAddrBase][11] bound to: 64'b0000000000000000000000000000000000000000000000000000000000000000 
	Parameter CVA6Cfg[CachedRegionAddrBase][10] bound to: 64'b0000000000000000000000000000000000000000000000000000000000000000 
	Parameter CVA6Cfg[CachedRegionAddrBase][9] bound to: 64'b0000000000000000000000000000000000000000000000000000000000000000 
	Parameter CVA6Cfg[CachedRegionAddrBase][8] bound to: 64'b0000000000000000000000000000000000000000000000000000000000000000 
	Parameter CVA6Cfg[CachedRegionAddrBase][7] bound to: 64'b0000000000000000000000000000000000000000000000000000000000000000 
	Parameter CVA6Cfg[CachedRegionAddrBase][6] bound to: 64'b0000000000000000000000000000000000000000000000000000000000000000 
	Parameter CVA6Cfg[CachedRegionAddrBase][5] bound to: 64'b0000000000000000000000000000000000000000000000000000000000000000 
	Parameter CVA6Cfg[CachedRegionAddrBase][4] bound to: 64'b0000000000000000000000000000000000000000000000000000000000000000 
	Parameter CVA6Cfg[CachedRegionAddrBase][3] bound to: 64'b0000000000000000000000000000000000000000000000000000000000000000 
	Parameter CVA6Cfg[CachedRegionAddrBase][2] bound to: 64'b0000000000000000000000000000000000000000000000000000000000000000 
	Parameter CVA6Cfg[CachedRegionAddrBase][1] bound to: 64'b0000000000000000000000000000000000000000000000000000000000000000 
	Parameter CVA6Cfg[CachedRegionAddrBase][0] bound to: 64'b0000000000000000000000000000000010000000000000000000000000000000 
	Parameter CVA6Cfg[CachedRegionLength][15] bound to: 64'b0000000000000000000000000000000000000000000000000000000000000000 
	Parameter CVA6Cfg[CachedRegionLength][14] bound to: 64'b0000000000000000000000000000000000000000000000000000000000000000 
	Parameter CVA6Cfg[CachedRegionLength][13] bound to: 64'b0000000000000000000000000000000000000000000000000000000000000000 
	Parameter CVA6Cfg[CachedRegionLength][12] bound to: 64'b0000000000000000000000000000000000000000000000000000000000000000 
	Parameter CVA6Cfg[CachedRegionLength][11] bound to: 64'b0000000000000000000000000000000000000000000000000000000000000000 
	Parameter CVA6Cfg[CachedRegionLength][10] bound to: 64'b0000000000000000000000000000000000000000000000000000000000000000 
	Parameter CVA6Cfg[CachedRegionLength][9] bound to: 64'b0000000000000000000000000000000000000000000000000000000000000000 
	Parameter CVA6Cfg[CachedRegionLength][8] bound to: 64'b0000000000000000000000000000000000000000000000000000000000000000 
	Parameter CVA6Cfg[CachedRegionLength][7] bound to: 64'b0000000000000000000000000000000000000000000000000000000000000000 
	Parameter CVA6Cfg[CachedRegionLength][6] bound to: 64'b0000000000000000000000000000000000000000000000000000000000000000 
	Parameter CVA6Cfg[CachedRegionLength][5] bound to: 64'b0000000000000000000000000000000000000000000000000000000000000000 
	Parameter CVA6Cfg[CachedRegionLength][4] bound to: 64'b0000000000000000000000000000000000000000000000000000000000000000 
	Parameter CVA6Cfg[CachedRegionLength][3] bound to: 64'b0000000000000000000000000000000000000000000000000000000000000000 
	Parameter CVA6Cfg[CachedRegionLength][2] bound to: 64'b0000000000000000000000000000000000000000000000000000000000000000 
	Parameter CVA6Cfg[CachedRegionLength][1] bound to: 64'b0000000000000000000000000000000000000000000000000000000000000000 
	Parameter CVA6Cfg[CachedRegionLength][0] bound to: 64'b0000000000000000000000000000000000000010000000000000000000000000 
	Parameter CVA6Cfg[MaxOutstandingStores] bound to: 32'b00000000000000000000000000000111 
	Parameter CVA6Cfg[DebugEn] bound to: 1'b0 
	Parameter CVA6Cfg[NonIdemPotenceEn] bound to: 1'b1 
	Parameter CVA6Cfg[AxiBurstWriteEn] bound to: 1'b1 
	Parameter CVA6Cfg[ICACHE_SET_ASSOC] bound to: 32'b00000000000000000000000000000100 
	Parameter CVA6Cfg[ICACHE_SET_ASSOC_WIDTH] bound to: 32'b00000000000000000000000000000010 
	Parameter CVA6Cfg[ICACHE_INDEX_WIDTH] bound to: 32'b00000000000000000000000000001010 
	Parameter CVA6Cfg[ICACHE_TAG_WIDTH] bound to: 32'b00000000000000000000000000011000 
	Parameter CVA6Cfg[ICACHE_LINE_WIDTH] bound to: 32'b00000000000000000000000010000000 
	Parameter CVA6Cfg[ICACHE_USER_LINE_WIDTH] bound to: 32'b00000000000000000000000000000100 
	Parameter CVA6Cfg[DCacheType] bound to: 3'b001 
	Parameter CVA6Cfg[DcacheIdWidth] bound to: 32'b00000000000000000000000000000001 
	Parameter CVA6Cfg[DCACHE_SET_ASSOC] bound to: 32'b00000000000000000000000000000100 
	Parameter CVA6Cfg[DCACHE_SET_ASSOC_WIDTH] bound to: 32'b00000000000000000000000000000010 
	Parameter CVA6Cfg[DCACHE_INDEX_WIDTH] bound to: 32'b00000000000000000000000000001011 
	Parameter CVA6Cfg[DCACHE_TAG_WIDTH] bound to: 32'b00000000000000000000000000010111 
	Parameter CVA6Cfg[DCACHE_LINE_WIDTH] bound to: 32'b00000000000000000000000100000000 
	Parameter CVA6Cfg[DCACHE_USER_LINE_WIDTH] bound to: 32'b00000000000000000000000000000100 
	Parameter CVA6Cfg[DCACHE_USER_WIDTH] bound to: 32'b00000000000000000000000000000001 
	Parameter CVA6Cfg[DCACHE_OFFSET_WIDTH] bound to: 32'b00000000000000000000000000000101 
	Parameter CVA6Cfg[DCACHE_NUM_WORDS] bound to: 32'b00000000000000000000000001000000 
	Parameter CVA6Cfg[DCACHE_MAX_TX] bound to: 32'b00000000000000000000000000000100 
	Parameter CVA6Cfg[DcacheFlushOnFence] bound to: 1'b0 
	Parameter CVA6Cfg[DcacheInvalidateOnFlush] bound to: 1'b0 
	Parameter CVA6Cfg[DATA_USER_EN] bound to: 32'b00000000000000000000000000000000 
	Parameter CVA6Cfg[WtDcacheWbufDepth] bound to: 32'b00000000000000000000000000001000 
	Parameter CVA6Cfg[FETCH_USER_WIDTH] bound to: 32'b00000000000000000000000000100000 
	Parameter CVA6Cfg[FETCH_USER_EN] bound to: 32'b00000000000000000000000000000000 
	Parameter CVA6Cfg[AXI_USER_EN] bound to: 1'b0 
	Parameter CVA6Cfg[FETCH_WIDTH] bound to: 32'b00000000000000000000000000100000 
	Parameter CVA6Cfg[FETCH_ALIGN_BITS] bound to: 32'b00000000000000000000000000000010 
	Parameter CVA6Cfg[INSTR_PER_FETCH] bound to: 32'b00000000000000000000000000000010 
	Parameter CVA6Cfg[LOG2_INSTR_PER_FETCH] bound to: 32'b00000000000000000000000000000001 
	Parameter CVA6Cfg[ModeW] bound to: 32'b00000000000000000000000000000001 
	Parameter CVA6Cfg[ASIDW] bound to: 32'b00000000000000000000000000001001 
	Parameter CVA6Cfg[VMIDW] bound to: 32'b00000000000000000000000000000111 
	Parameter CVA6Cfg[PPNW] bound to: 32'b00000000000000000000000000010110 
	Parameter CVA6Cfg[GPPNW] bound to: 32'b00000000000000000000000000010110 
	Parameter CVA6Cfg[MODE_SV] bound to: 4'b0001 
	Parameter CVA6Cfg[SV] bound to: 32'b00000000000000000000000000100000 
	Parameter CVA6Cfg[SVX] bound to: 32'b00000000000000000000000000100010 
	Parameter CVA6Cfg[X_NUM_RS] bound to: 32'b00000000000000000000000000000010 
	Parameter CVA6Cfg[X_ID_WIDTH] bound to: 32'b00000000000000000000000000000011 
	Parameter CVA6Cfg[X_RFR_WIDTH] bound to: 32'b00000000000000000000000000100000 
	Parameter CVA6Cfg[X_RFW_WIDTH] bound to: 32'b00000000000000000000000000100000 
	Parameter CVA6Cfg[X_NUM_HARTS] bound to: 32'b00000000000000000000000000000001 
	Parameter CVA6Cfg[X_HARTID_WIDTH] bound to: 32'b00000000000000000000000000100000 
	Parameter CVA6Cfg[X_DUALREAD] bound to: 32'b00000000000000000000000000000000 
	Parameter CVA6Cfg[X_DUALWRITE] bound to: 32'b00000000000000000000000000000000 
	Parameter CVA6Cfg[X_ISSUE_REGISTER_SPLIT] bound to: 32'b00000000000000000000000000000000 
	Parameter DCACHE_CL_IDX_WIDTH bound to: 6 - type: integer 
	Parameter RdTxId bound to: 2'b01 
INFO: [Synth 8-294] found qualifier unique on case statement: implementing as parallel_case [/home/alex/Isolde/MatrixAcceleratorDemo/src/ips/ariane/core/cache_subsystem/wt_dcache_ctrl.sv:134]
INFO: [Synth 8-226] default block is never used [/home/alex/Isolde/MatrixAcceleratorDemo/src/ips/ariane/core/cache_subsystem/wt_dcache_ctrl.sv:134]
INFO: [Synth 8-6155] done synthesizing module 'wt_dcache_ctrl' (0#1) [/home/alex/Isolde/MatrixAcceleratorDemo/src/ips/ariane/core/cache_subsystem/wt_dcache_ctrl.sv:16]
INFO: [Synth 8-6157] synthesizing module 'wt_dcache_missunit' [/home/alex/Isolde/MatrixAcceleratorDemo/src/ips/ariane/core/cache_subsystem/wt_dcache_missunit.sv:17]
	Parameter CVA6Cfg[XLEN] bound to: 32'b00000000000000000000000000100000 
	Parameter CVA6Cfg[VLEN] bound to: 32'b00000000000000000000000000100000 
	Parameter CVA6Cfg[PLEN] bound to: 32'b00000000000000000000000000100010 
	Parameter CVA6Cfg[GPLEN] bound to: 32'b00000000000000000000000000100010 
	Parameter CVA6Cfg[IS_XLEN32] bound to: 1'b1 
	Parameter CVA6Cfg[IS_XLEN64] bound to: 1'b0 
	Parameter CVA6Cfg[XLEN_ALIGN_BYTES] bound to: 32'b00000000000000000000000000000010 
	Parameter CVA6Cfg[ASID_WIDTH] bound to: 32'b00000000000000000000000000000001 
	Parameter CVA6Cfg[VMID_WIDTH] bound to: 32'b00000000000000000000000000000001 
	Parameter CVA6Cfg[FpgaEn] bound to: 1'b1 
	Parameter CVA6Cfg[FpgaAlteraEn] bound to: 1'b0 
	Parameter CVA6Cfg[TechnoCut] bound to: 1'b0 
	Parameter CVA6Cfg[SuperscalarEn] bound to: 1'b0 
	Parameter CVA6Cfg[NrCommitPorts] bound to: 32'b00000000000000000000000000000010 
	Parameter CVA6Cfg[NrIssuePorts] bound to: 32'b00000000000000000000000000000001 
	Parameter CVA6Cfg[SpeculativeSb] bound to: 1'b0 
	Parameter CVA6Cfg[NrLoadPipeRegs] bound to: 32'b00000000000000000000000000000001 
	Parameter CVA6Cfg[NrStorePipeRegs] bound to: 32'b00000000000000000000000000000000 
	Parameter CVA6Cfg[AxiAddrWidth] bound to: 32'b00000000000000000000000001000000 
	Parameter CVA6Cfg[AxiDataWidth] bound to: 32'b00000000000000000000000001000000 
	Parameter CVA6Cfg[AxiIdWidth] bound to: 32'b00000000000000000000000000000100 
	Parameter CVA6Cfg[AxiUserWidth] bound to: 32'b00000000000000000000000000000001 
	Parameter CVA6Cfg[MEM_TID_WIDTH] bound to: 32'b00000000000000000000000000000010 
	Parameter CVA6Cfg[NrLoadBufEntries] bound to: 32'b00000000000000000000000000000010 
	Parameter CVA6Cfg[RVF] bound to: 1'b0 
	Parameter CVA6Cfg[RVD] bound to: 1'b0 
	Parameter CVA6Cfg[XF16] bound to: 1'b0 
	Parameter CVA6Cfg[XF16ALT] bound to: 1'b0 
	Parameter CVA6Cfg[XF8] bound to: 1'b0 
	Parameter CVA6Cfg[RVA] bound to: 1'b0 
	Parameter CVA6Cfg[RVB] bound to: 1'b0 
	Parameter CVA6Cfg[ZKN] bound to: 1'b0 
	Parameter CVA6Cfg[RVV] bound to: 1'b0 
	Parameter CVA6Cfg[RVC] bound to: 1'b1 
	Parameter CVA6Cfg[RVH] bound to: 1'b0 
	Parameter CVA6Cfg[RVZCB] bound to: 1'b0 
	Parameter CVA6Cfg[RVZCMP] bound to: 1'b0 
	Parameter CVA6Cfg[RVZCMT] bound to: 1'b0 
	Parameter CVA6Cfg[XFVec] bound to: 1'b0 
	Parameter CVA6Cfg[CvxifEn] bound to: 1'b1 
	Parameter CVA6Cfg[CoproType] bound to: 32'sb00000000000000000000000000000000 
	Parameter CVA6Cfg[RVZiCond] bound to: 1'b0 
	Parameter CVA6Cfg[RVZicntr] bound to: 1'b1 
	Parameter CVA6Cfg[RVZihpm] bound to: 1'b1 
	Parameter CVA6Cfg[NR_SB_ENTRIES] bound to: 32'b00000000000000000000000000001000 
	Parameter CVA6Cfg[TRANS_ID_BITS] bound to: 32'b00000000000000000000000000000011 
	Parameter CVA6Cfg[FpPresent] bound to: 1'b0 
	Parameter CVA6Cfg[NSX] bound to: 1'b0 
	Parameter CVA6Cfg[FLen] bound to: 32'b00000000000000000000000000000001 
	Parameter CVA6Cfg[RVFVec] bound to: 1'b0 
	Parameter CVA6Cfg[XF16Vec] bound to: 1'b0 
	Parameter CVA6Cfg[XF16ALTVec] bound to: 1'b0 
	Parameter CVA6Cfg[XF8Vec] bound to: 1'b0 
	Parameter CVA6Cfg[NrRgprPorts] bound to: 32'b00000000000000000000000000000010 
	Parameter CVA6Cfg[NrWbPorts] bound to: 32'b00000000000000000000000000000101 
	Parameter CVA6Cfg[EnableAccelerator] bound to: 1'b0 
	Parameter CVA6Cfg[PerfCounterEn] bound to: 1'b1 
	Parameter CVA6Cfg[MmuPresent] bound to: 1'b0 
	Parameter CVA6Cfg[RVS] bound to: 1'b1 
	Parameter CVA6Cfg[RVU] bound to: 1'b1 
	Parameter CVA6Cfg[SoftwareInterruptEn] bound to: 1'b1 
	Parameter CVA6Cfg[HaltAddress] bound to: 64'b0000000000000000000000000000000000000000000000000000100000000000 
	Parameter CVA6Cfg[ExceptionAddress] bound to: 64'b0000000000000000000000000000000000000000000000000000100000001000 
	Parameter CVA6Cfg[RASDepth] bound to: 32'b00000000000000000000000000000010 
	Parameter CVA6Cfg[BTBEntries] bound to: 32'b00000000000000000000000000100000 
	Parameter CVA6Cfg[BPType] bound to: 1'b0 
	Parameter CVA6Cfg[BHTEntries] bound to: 32'b00000000000000000000000010000000 
	Parameter CVA6Cfg[BHTHist] bound to: 32'b00000000000000000000000000000011 
	Parameter CVA6Cfg[InstrTlbEntries] bound to: 32'b00000000000000000000000000000010 
	Parameter CVA6Cfg[DataTlbEntries] bound to: 32'b00000000000000000000000000000010 
	Parameter CVA6Cfg[UseSharedTlb] bound to: 1'b1 
	Parameter CVA6Cfg[SharedTlbDepth] bound to: 32'b00000000000000000000000001000000 
	Parameter CVA6Cfg[VpnLen] bound to: 32'b00000000000000000000000000010100 
	Parameter CVA6Cfg[PtLevels] bound to: 32'b00000000000000000000000000000010 
	Parameter CVA6Cfg[DmBaseAddress] bound to: 64'b0000000000000000000000000000000000000000000000000000000000000000 
	Parameter CVA6Cfg[TvalEn] bound to: 1'b1 
	Parameter CVA6Cfg[DirectVecOnly] bound to: 1'b0 
	Parameter CVA6Cfg[NrPMPEntries] bound to: 32'b00000000000000000000000000000000 
	Parameter CVA6Cfg[PMPCfgRstVal][63] bound to: 64'b0000000000000000000000000000000000000000000000000000000000000000 
	Parameter CVA6Cfg[PMPCfgRstVal][62] bound to: 64'b0000000000000000000000000000000000000000000000000000000000000000 
	Parameter CVA6Cfg[PMPCfgRstVal][61] bound to: 64'b0000000000000000000000000000000000000000000000000000000000000000 
	Parameter CVA6Cfg[PMPCfgRstVal][60] bound to: 64'b0000000000000000000000000000000000000000000000000000000000000000 
	Parameter CVA6Cfg[PMPCfgRstVal][59] bound to: 64'b0000000000000000000000000000000000000000000000000000000000000000 
	Parameter CVA6Cfg[PMPCfgRstVal][58] bound to: 64'b0000000000000000000000000000000000000000000000000000000000000000 
	Parameter CVA6Cfg[PMPCfgRstVal][57] bound to: 64'b0000000000000000000000000000000000000000000000000000000000000000 
	Parameter CVA6Cfg[PMPCfgRstVal][56] bound to: 64'b0000000000000000000000000000000000000000000000000000000000000000 
	Parameter CVA6Cfg[PMPCfgRstVal][55] bound to: 64'b0000000000000000000000000000000000000000000000000000000000000000 
	Parameter CVA6Cfg[PMPCfgRstVal][54] bound to: 64'b0000000000000000000000000000000000000000000000000000000000000000 
	Parameter CVA6Cfg[PMPCfgRstVal][53] bound to: 64'b0000000000000000000000000000000000000000000000000000000000000000 
	Parameter CVA6Cfg[PMPCfgRstVal][52] bound to: 64'b0000000000000000000000000000000000000000000000000000000000000000 
	Parameter CVA6Cfg[PMPCfgRstVal][51] bound to: 64'b0000000000000000000000000000000000000000000000000000000000000000 
	Parameter CVA6Cfg[PMPCfgRstVal][50] bound to: 64'b0000000000000000000000000000000000000000000000000000000000000000 
	Parameter CVA6Cfg[PMPCfgRstVal][49] bound to: 64'b0000000000000000000000000000000000000000000000000000000000000000 
	Parameter CVA6Cfg[PMPCfgRstVal][48] bound to: 64'b0000000000000000000000000000000000000000000000000000000000000000 
	Parameter CVA6Cfg[PMPCfgRstVal][47] bound to: 64'b0000000000000000000000000000000000000000000000000000000000000000 
	Parameter CVA6Cfg[PMPCfgRstVal][46] bound to: 64'b0000000000000000000000000000000000000000000000000000000000000000 
	Parameter CVA6Cfg[PMPCfgRstVal][45] bound to: 64'b0000000000000000000000000000000000000000000000000000000000000000 
	Parameter CVA6Cfg[PMPCfgRstVal][44] bound to: 64'b0000000000000000000000000000000000000000000000000000000000000000 
	Parameter CVA6Cfg[PMPCfgRstVal][43] bound to: 64'b0000000000000000000000000000000000000000000000000000000000000000 
	Parameter CVA6Cfg[PMPCfgRstVal][42] bound to: 64'b0000000000000000000000000000000000000000000000000000000000000000 
	Parameter CVA6Cfg[PMPCfgRstVal][41] bound to: 64'b0000000000000000000000000000000000000000000000000000000000000000 
	Parameter CVA6Cfg[PMPCfgRstVal][40] bound to: 64'b0000000000000000000000000000000000000000000000000000000000000000 
	Parameter CVA6Cfg[PMPCfgRstVal][39] bound to: 64'b0000000000000000000000000000000000000000000000000000000000000000 
	Parameter CVA6Cfg[PMPCfgRstVal][38] bound to: 64'b0000000000000000000000000000000000000000000000000000000000000000 
	Parameter CVA6Cfg[PMPCfgRstVal][37] bound to: 64'b0000000000000000000000000000000000000000000000000000000000000000 
	Parameter CVA6Cfg[PMPCfgRstVal][36] bound to: 64'b0000000000000000000000000000000000000000000000000000000000000000 
	Parameter CVA6Cfg[PMPCfgRstVal][35] bound to: 64'b0000000000000000000000000000000000000000000000000000000000000000 
	Parameter CVA6Cfg[PMPCfgRstVal][34] bound to: 64'b0000000000000000000000000000000000000000000000000000000000000000 
	Parameter CVA6Cfg[PMPCfgRstVal][33] bound to: 64'b0000000000000000000000000000000000000000000000000000000000000000 
	Parameter CVA6Cfg[PMPCfgRstVal][32] bound to: 64'b0000000000000000000000000000000000000000000000000000000000000000 
	Parameter CVA6Cfg[PMPCfgRstVal][31] bound to: 64'b0000000000000000000000000000000000000000000000000000000000000000 
	Parameter CVA6Cfg[PMPCfgRstVal][30] bound to: 64'b0000000000000000000000000000000000000000000000000000000000000000 
	Parameter CVA6Cfg[PMPCfgRstVal][29] bound to: 64'b0000000000000000000000000000000000000000000000000000000000000000 
	Parameter CVA6Cfg[PMPCfgRstVal][28] bound to: 64'b0000000000000000000000000000000000000000000000000000000000000000 
	Parameter CVA6Cfg[PMPCfgRstVal][27] bound to: 64'b0000000000000000000000000000000000000000000000000000000000000000 
	Parameter CVA6Cfg[PMPCfgRstVal][26] bound to: 64'b0000000000000000000000000000000000000000000000000000000000000000 
	Parameter CVA6Cfg[PMPCfgRstVal][25] bound to: 64'b0000000000000000000000000000000000000000000000000000000000000000 
	Parameter CVA6Cfg[PMPCfgRstVal][24] bound to: 64'b0000000000000000000000000000000000000000000000000000000000000000 
	Parameter CVA6Cfg[PMPCfgRstVal][23] bound to: 64'b0000000000000000000000000000000000000000000000000000000000000000 
	Parameter CVA6Cfg[PMPCfgRstVal][22] bound to: 64'b0000000000000000000000000000000000000000000000000000000000000000 
	Parameter CVA6Cfg[PMPCfgRstVal][21] bound to: 64'b0000000000000000000000000000000000000000000000000000000000000000 
	Parameter CVA6Cfg[PMPCfgRstVal][20] bound to: 64'b0000000000000000000000000000000000000000000000000000000000000000 
	Parameter CVA6Cfg[PMPCfgRstVal][19] bound to: 64'b0000000000000000000000000000000000000000000000000000000000000000 
	Parameter CVA6Cfg[PMPCfgRstVal][18] bound to: 64'b0000000000000000000000000000000000000000000000000000000000000000 
	Parameter CVA6Cfg[PMPCfgRstVal][17] bound to: 64'b0000000000000000000000000000000000000000000000000000000000000000 
	Parameter CVA6Cfg[PMPCfgRstVal][16] bound to: 64'b0000000000000000000000000000000000000000000000000000000000000000 
	Parameter CVA6Cfg[PMPCfgRstVal][15] bound to: 64'b0000000000000000000000000000000000000000000000000000000000000000 
	Parameter CVA6Cfg[PMPCfgRstVal][14] bound to: 64'b0000000000000000000000000000000000000000000000000000000000000000 
	Parameter CVA6Cfg[PMPCfgRstVal][13] bound to: 64'b0000000000000000000000000000000000000000000000000000000000000000 
	Parameter CVA6Cfg[PMPCfgRstVal][12] bound to: 64'b0000000000000000000000000000000000000000000000000000000000000000 
	Parameter CVA6Cfg[PMPCfgRstVal][11] bound to: 64'b0000000000000000000000000000000000000000000000000000000000000000 
	Parameter CVA6Cfg[PMPCfgRstVal][10] bound to: 64'b0000000000000000000000000000000000000000000000000000000000000000 
	Parameter CVA6Cfg[PMPCfgRstVal][9] bound to: 64'b0000000000000000000000000000000000000000000000000000000000000000 
	Parameter CVA6Cfg[PMPCfgRstVal][8] bound to: 64'b0000000000000000000000000000000000000000000000000000000000000000 
	Parameter CVA6Cfg[PMPCfgRstVal][7] bound to: 64'b0000000000000000000000000000000000000000000000000000000000000000 
	Parameter CVA6Cfg[PMPCfgRstVal][6] bound to: 64'b0000000000000000000000000000000000000000000000000000000000000000 
	Parameter CVA6Cfg[PMPCfgRstVal][5] bound to: 64'b0000000000000000000000000000000000000000000000000000000000000000 
	Parameter CVA6Cfg[PMPCfgRstVal][4] bound to: 64'b0000000000000000000000000000000000000000000000000000000000000000 
	Parameter CVA6Cfg[PMPCfgRstVal][3] bound to: 64'b0000000000000000000000000000000000000000000000000000000000000000 
	Parameter CVA6Cfg[PMPCfgRstVal][2] bound to: 64'b0000000000000000000000000000000000000000000000000000000000000000 
	Parameter CVA6Cfg[PMPCfgRstVal][1] bound to: 64'b0000000000000000000000000000000000000000000000000000000000000000 
	Parameter CVA6Cfg[PMPCfgRstVal][0] bound to: 64'b0000000000000000000000000000000000000000000000000000000000000000 
	Parameter CVA6Cfg[PMPAddrRstVal][63] bound to: 64'b0000000000000000000000000000000000000000000000000000000000000000 
	Parameter CVA6Cfg[PMPAddrRstVal][62] bound to: 64'b0000000000000000000000000000000000000000000000000000000000000000 
	Parameter CVA6Cfg[PMPAddrRstVal][61] bound to: 64'b0000000000000000000000000000000000000000000000000000000000000000 
	Parameter CVA6Cfg[PMPAddrRstVal][60] bound to: 64'b0000000000000000000000000000000000000000000000000000000000000000 
	Parameter CVA6Cfg[PMPAddrRstVal][59] bound to: 64'b0000000000000000000000000000000000000000000000000000000000000000 
	Parameter CVA6Cfg[PMPAddrRstVal][58] bound to: 64'b0000000000000000000000000000000000000000000000000000000000000000 
	Parameter CVA6Cfg[PMPAddrRstVal][57] bound to: 64'b0000000000000000000000000000000000000000000000000000000000000000 
	Parameter CVA6Cfg[PMPAddrRstVal][56] bound to: 64'b0000000000000000000000000000000000000000000000000000000000000000 
	Parameter CVA6Cfg[PMPAddrRstVal][55] bound to: 64'b0000000000000000000000000000000000000000000000000000000000000000 
	Parameter CVA6Cfg[PMPAddrRstVal][54] bound to: 64'b0000000000000000000000000000000000000000000000000000000000000000 
	Parameter CVA6Cfg[PMPAddrRstVal][53] bound to: 64'b0000000000000000000000000000000000000000000000000000000000000000 
	Parameter CVA6Cfg[PMPAddrRstVal][52] bound to: 64'b0000000000000000000000000000000000000000000000000000000000000000 
	Parameter CVA6Cfg[PMPAddrRstVal][51] bound to: 64'b0000000000000000000000000000000000000000000000000000000000000000 
	Parameter CVA6Cfg[PMPAddrRstVal][50] bound to: 64'b0000000000000000000000000000000000000000000000000000000000000000 
	Parameter CVA6Cfg[PMPAddrRstVal][49] bound to: 64'b0000000000000000000000000000000000000000000000000000000000000000 
	Parameter CVA6Cfg[PMPAddrRstVal][48] bound to: 64'b0000000000000000000000000000000000000000000000000000000000000000 
	Parameter CVA6Cfg[PMPAddrRstVal][47] bound to: 64'b0000000000000000000000000000000000000000000000000000000000000000 
	Parameter CVA6Cfg[PMPAddrRstVal][46] bound to: 64'b0000000000000000000000000000000000000000000000000000000000000000 
	Parameter CVA6Cfg[PMPAddrRstVal][45] bound to: 64'b0000000000000000000000000000000000000000000000000000000000000000 
	Parameter CVA6Cfg[PMPAddrRstVal][44] bound to: 64'b0000000000000000000000000000000000000000000000000000000000000000 
	Parameter CVA6Cfg[PMPAddrRstVal][43] bound to: 64'b0000000000000000000000000000000000000000000000000000000000000000 
	Parameter CVA6Cfg[PMPAddrRstVal][42] bound to: 64'b0000000000000000000000000000000000000000000000000000000000000000 
	Parameter CVA6Cfg[PMPAddrRstVal][41] bound to: 64'b0000000000000000000000000000000000000000000000000000000000000000 
	Parameter CVA6Cfg[PMPAddrRstVal][40] bound to: 64'b0000000000000000000000000000000000000000000000000000000000000000 
	Parameter CVA6Cfg[PMPAddrRstVal][39] bound to: 64'b0000000000000000000000000000000000000000000000000000000000000000 
	Parameter CVA6Cfg[PMPAddrRstVal][38] bound to: 64'b0000000000000000000000000000000000000000000000000000000000000000 
	Parameter CVA6Cfg[PMPAddrRstVal][37] bound to: 64'b0000000000000000000000000000000000000000000000000000000000000000 
	Parameter CVA6Cfg[PMPAddrRstVal][36] bound to: 64'b0000000000000000000000000000000000000000000000000000000000000000 
	Parameter CVA6Cfg[PMPAddrRstVal][35] bound to: 64'b0000000000000000000000000000000000000000000000000000000000000000 
	Parameter CVA6Cfg[PMPAddrRstVal][34] bound to: 64'b0000000000000000000000000000000000000000000000000000000000000000 
	Parameter CVA6Cfg[PMPAddrRstVal][33] bound to: 64'b0000000000000000000000000000000000000000000000000000000000000000 
	Parameter CVA6Cfg[PMPAddrRstVal][32] bound to: 64'b0000000000000000000000000000000000000000000000000000000000000000 
	Parameter CVA6Cfg[PMPAddrRstVal][31] bound to: 64'b0000000000000000000000000000000000000000000000000000000000000000 
	Parameter CVA6Cfg[PMPAddrRstVal][30] bound to: 64'b0000000000000000000000000000000000000000000000000000000000000000 
	Parameter CVA6Cfg[PMPAddrRstVal][29] bound to: 64'b0000000000000000000000000000000000000000000000000000000000000000 
	Parameter CVA6Cfg[PMPAddrRstVal][28] bound to: 64'b0000000000000000000000000000000000000000000000000000000000000000 
	Parameter CVA6Cfg[PMPAddrRstVal][27] bound to: 64'b0000000000000000000000000000000000000000000000000000000000000000 
	Parameter CVA6Cfg[PMPAddrRstVal][26] bound to: 64'b0000000000000000000000000000000000000000000000000000000000000000 
	Parameter CVA6Cfg[PMPAddrRstVal][25] bound to: 64'b0000000000000000000000000000000000000000000000000000000000000000 
	Parameter CVA6Cfg[PMPAddrRstVal][24] bound to: 64'b0000000000000000000000000000000000000000000000000000000000000000 
	Parameter CVA6Cfg[PMPAddrRstVal][23] bound to: 64'b0000000000000000000000000000000000000000000000000000000000000000 
	Parameter CVA6Cfg[PMPAddrRstVal][22] bound to: 64'b0000000000000000000000000000000000000000000000000000000000000000 
	Parameter CVA6Cfg[PMPAddrRstVal][21] bound to: 64'b0000000000000000000000000000000000000000000000000000000000000000 
	Parameter CVA6Cfg[PMPAddrRstVal][20] bound to: 64'b0000000000000000000000000000000000000000000000000000000000000000 
	Parameter CVA6Cfg[PMPAddrRstVal][19] bound to: 64'b0000000000000000000000000000000000000000000000000000000000000000 
	Parameter CVA6Cfg[PMPAddrRstVal][18] bound to: 64'b0000000000000000000000000000000000000000000000000000000000000000 
	Parameter CVA6Cfg[PMPAddrRstVal][17] bound to: 64'b0000000000000000000000000000000000000000000000000000000000000000 
	Parameter CVA6Cfg[PMPAddrRstVal][16] bound to: 64'b0000000000000000000000000000000000000000000000000000000000000000 
	Parameter CVA6Cfg[PMPAddrRstVal][15] bound to: 64'b0000000000000000000000000000000000000000000000000000000000000000 
	Parameter CVA6Cfg[PMPAddrRstVal][14] bound to: 64'b0000000000000000000000000000000000000000000000000000000000000000 
	Parameter CVA6Cfg[PMPAddrRstVal][13] bound to: 64'b0000000000000000000000000000000000000000000000000000000000000000 
	Parameter CVA6Cfg[PMPAddrRstVal][12] bound to: 64'b0000000000000000000000000000000000000000000000000000000000000000 
	Parameter CVA6Cfg[PMPAddrRstVal][11] bound to: 64'b0000000000000000000000000000000000000000000000000000000000000000 
	Parameter CVA6Cfg[PMPAddrRstVal][10] bound to: 64'b0000000000000000000000000000000000000000000000000000000000000000 
	Parameter CVA6Cfg[PMPAddrRstVal][9] bound to: 64'b0000000000000000000000000000000000000000000000000000000000000000 
	Parameter CVA6Cfg[PMPAddrRstVal][8] bound to: 64'b0000000000000000000000000000000000000000000000000000000000000000 
	Parameter CVA6Cfg[PMPAddrRstVal][7] bound to: 64'b0000000000000000000000000000000000000000000000000000000000000000 
	Parameter CVA6Cfg[PMPAddrRstVal][6] bound to: 64'b0000000000000000000000000000000000000000000000000000000000000000 
	Parameter CVA6Cfg[PMPAddrRstVal][5] bound to: 64'b0000000000000000000000000000000000000000000000000000000000000000 
	Parameter CVA6Cfg[PMPAddrRstVal][4] bound to: 64'b0000000000000000000000000000000000000000000000000000000000000000 
	Parameter CVA6Cfg[PMPAddrRstVal][3] bound to: 64'b0000000000000000000000000000000000000000000000000000000000000000 
	Parameter CVA6Cfg[PMPAddrRstVal][2] bound to: 64'b0000000000000000000000000000000000000000000000000000000000000000 
	Parameter CVA6Cfg[PMPAddrRstVal][1] bound to: 64'b0000000000000000000000000000000000000000000000000000000000000000 
	Parameter CVA6Cfg[PMPAddrRstVal][0] bound to: 64'b0000000000000000000000000000000000000000000000000000000000000000 
	Parameter CVA6Cfg[PMPEntryReadOnly] bound to: 64'b0000000000000000000000000000000000000000000000000000000000000000 
	Parameter CVA6Cfg[PMPNapotEn] bound to: 1'b0 
	Parameter CVA6Cfg[NOCType] bound to: 32'sb00000000000000000000000000000000 
	Parameter CVA6Cfg[NrNonIdempotentRules] bound to: 32'b00000000000000000000000000000010 
	Parameter CVA6Cfg[NonIdempotentAddrBase][15] bound to: 64'b0000000000000000000000000000000000000000000000000000000000000000 
	Parameter CVA6Cfg[NonIdempotentAddrBase][14] bound to: 64'b0000000000000000000000000000000000000000000000000000000000000000 
	Parameter CVA6Cfg[NonIdempotentAddrBase][13] bound to: 64'b0000000000000000000000000000000000000000000000000000000000000000 
	Parameter CVA6Cfg[NonIdempotentAddrBase][12] bound to: 64'b0000000000000000000000000000000000000000000000000000000000000000 
	Parameter CVA6Cfg[NonIdempotentAddrBase][11] bound to: 64'b0000000000000000000000000000000000000000000000000000000000000000 
	Parameter CVA6Cfg[NonIdempotentAddrBase][10] bound to: 64'b0000000000000000000000000000000000000000000000000000000000000000 
	Parameter CVA6Cfg[NonIdempotentAddrBase][9] bound to: 64'b0000000000000000000000000000000000000000000000000000000000000000 
	Parameter CVA6Cfg[NonIdempotentAddrBase][8] bound to: 64'b0000000000000000000000000000000000000000000000000000000000000000 
	Parameter CVA6Cfg[NonIdempotentAddrBase][7] bound to: 64'b0000000000000000000000000000000000000000000000000000000000000000 
	Parameter CVA6Cfg[NonIdempotentAddrBase][6] bound to: 64'b0000000000000000000000000000000000000000000000000000000000000000 
	Parameter CVA6Cfg[NonIdempotentAddrBase][5] bound to: 64'b0000000000000000000000000000000000000000000000000000000000000000 
	Parameter CVA6Cfg[NonIdempotentAddrBase][4] bound to: 64'b0000000000000000000000000000000000000000000000000000000000000000 
	Parameter CVA6Cfg[NonIdempotentAddrBase][3] bound to: 64'b0000000000000000000000000000000000000000000000000000000000000000 
	Parameter CVA6Cfg[NonIdempotentAddrBase][2] bound to: 64'b0000000000000000000000000000000000000000000000000000000000000000 
	Parameter CVA6Cfg[NonIdempotentAddrBase][1] bound to: 64'b0000000000000000000000000000000011000000000000000000000000000000 
	Parameter CVA6Cfg[NonIdempotentAddrBase][0] bound to: 64'b0000000000000000000000000000000011010000000000000000000000000000 
	Parameter CVA6Cfg[NonIdempotentLength][15] bound to: 64'b0000000000000000000000000000000000000000000000000000000000000000 
	Parameter CVA6Cfg[NonIdempotentLength][14] bound to: 64'b0000000000000000000000000000000000000000000000000000000000000000 
	Parameter CVA6Cfg[NonIdempotentLength][13] bound to: 64'b0000000000000000000000000000000000000000000000000000000000000000 
	Parameter CVA6Cfg[NonIdempotentLength][12] bound to: 64'b0000000000000000000000000000000000000000000000000000000000000000 
	Parameter CVA6Cfg[NonIdempotentLength][11] bound to: 64'b0000000000000000000000000000000000000000000000000000000000000000 
	Parameter CVA6Cfg[NonIdempotentLength][10] bound to: 64'b0000000000000000000000000000000000000000000000000000000000000000 
	Parameter CVA6Cfg[NonIdempotentLength][9] bound to: 64'b0000000000000000000000000000000000000000000000000000000000000000 
	Parameter CVA6Cfg[NonIdempotentLength][8] bound to: 64'b0000000000000000000000000000000000000000000000000000000000000000 
	Parameter CVA6Cfg[NonIdempotentLength][7] bound to: 64'b0000000000000000000000000000000000000000000000000000000000000000 
	Parameter CVA6Cfg[NonIdempotentLength][6] bound to: 64'b0000000000000000000000000000000000000000000000000000000000000000 
	Parameter CVA6Cfg[NonIdempotentLength][5] bound to: 64'b0000000000000000000000000000000000000000000000000000000000000000 
	Parameter CVA6Cfg[NonIdempotentLength][4] bound to: 64'b0000000000000000000000000000000000000000000000000000000000000000 
	Parameter CVA6Cfg[NonIdempotentLength][3] bound to: 64'b0000000000000000000000000000000000000000000000000000000000000000 
	Parameter CVA6Cfg[NonIdempotentLength][2] bound to: 64'b0000000000000000000000000000000000000000000000000000000000000000 
	Parameter CVA6Cfg[NonIdempotentLength][1] bound to: 64'b0000000000000000000000000000000000000000000000100000000000000000 
	Parameter CVA6Cfg[NonIdempotentLength][0] bound to: 64'b0000000000000000000000000000000000000000000000000000000000010000 
	Parameter CVA6Cfg[NrExecuteRegionRules] bound to: 32'b00000000000000000000000000000011 
	Parameter CVA6Cfg[ExecuteRegionAddrBase][15] bound to: 64'b0000000000000000000000000000000000000000000000000000000000000000 
	Parameter CVA6Cfg[ExecuteRegionAddrBase][14] bound to: 64'b0000000000000000000000000000000000000000000000000000000000000000 
	Parameter CVA6Cfg[ExecuteRegionAddrBase][13] bound to: 64'b0000000000000000000000000000000000000000000000000000000000000000 
	Parameter CVA6Cfg[ExecuteRegionAddrBase][12] bound to: 64'b0000000000000000000000000000000000000000000000000000000000000000 
	Parameter CVA6Cfg[ExecuteRegionAddrBase][11] bound to: 64'b0000000000000000000000000000000000000000000000000000000000000000 
	Parameter CVA6Cfg[ExecuteRegionAddrBase][10] bound to: 64'b0000000000000000000000000000000000000000000000000000000000000000 
	Parameter CVA6Cfg[ExecuteRegionAddrBase][9] bound to: 64'b0000000000000000000000000000000000000000000000000000000000000000 
	Parameter CVA6Cfg[ExecuteRegionAddrBase][8] bound to: 64'b0000000000000000000000000000000000000000000000000000000000000000 
	Parameter CVA6Cfg[ExecuteRegionAddrBase][7] bound to: 64'b0000000000000000000000000000000000000000000000000000000000000000 
	Parameter CVA6Cfg[ExecuteRegionAddrBase][6] bound to: 64'b0000000000000000000000000000000000000000000000000000000000000000 
	Parameter CVA6Cfg[ExecuteRegionAddrBase][5] bound to: 64'b0000000000000000000000000000000000000000000000000000000000000000 
	Parameter CVA6Cfg[ExecuteRegionAddrBase][4] bound to: 64'b0000000000000000000000000000000000000000000000000000000000000000 
	Parameter CVA6Cfg[ExecuteRegionAddrBase][3] bound to: 64'b0000000000000000000000000000000000000000000000000000000000000000 
	Parameter CVA6Cfg[ExecuteRegionAddrBase][2] bound to: 64'b0000000000000000000000000000000010000000000000000000000000000000 
	Parameter CVA6Cfg[ExecuteRegionAddrBase][1] bound to: 64'b0000000000000000000000000000000000000000000000010000000000000000 
	Parameter CVA6Cfg[ExecuteRegionAddrBase][0] bound to: 64'b0000000000000000000000000000000000000000000000000000000000000000 
	Parameter CVA6Cfg[ExecuteRegionLength][15] bound to: 64'b0000000000000000000000000000000000000000000000000000000000000000 
	Parameter CVA6Cfg[ExecuteRegionLength][14] bound to: 64'b0000000000000000000000000000000000000000000000000000000000000000 
	Parameter CVA6Cfg[ExecuteRegionLength][13] bound to: 64'b0000000000000000000000000000000000000000000000000000000000000000 
	Parameter CVA6Cfg[ExecuteRegionLength][12] bound to: 64'b0000000000000000000000000000000000000000000000000000000000000000 
	Parameter CVA6Cfg[ExecuteRegionLength][11] bound to: 64'b0000000000000000000000000000000000000000000000000000000000000000 
	Parameter CVA6Cfg[ExecuteRegionLength][10] bound to: 64'b0000000000000000000000000000000000000000000000000000000000000000 
	Parameter CVA6Cfg[ExecuteRegionLength][9] bound to: 64'b0000000000000000000000000000000000000000000000000000000000000000 
	Parameter CVA6Cfg[ExecuteRegionLength][8] bound to: 64'b0000000000000000000000000000000000000000000000000000000000000000 
	Parameter CVA6Cfg[ExecuteRegionLength][7] bound to: 64'b0000000000000000000000000000000000000000000000000000000000000000 
	Parameter CVA6Cfg[ExecuteRegionLength][6] bound to: 64'b0000000000000000000000000000000000000000000000000000000000000000 
	Parameter CVA6Cfg[ExecuteRegionLength][5] bound to: 64'b0000000000000000000000000000000000000000000000000000000000000000 
	Parameter CVA6Cfg[ExecuteRegionLength][4] bound to: 64'b0000000000000000000000000000000000000000000000000000000000000000 
	Parameter CVA6Cfg[ExecuteRegionLength][3] bound to: 64'b0000000000000000000000000000000000000000000000000000000000000000 
	Parameter CVA6Cfg[ExecuteRegionLength][2] bound to: 64'b0000000000000000000000000000000000000010000000000000000000000000 
	Parameter CVA6Cfg[ExecuteRegionLength][1] bound to: 64'b0000000000000000000000000000000000000000000000010000000000000000 
	Parameter CVA6Cfg[ExecuteRegionLength][0] bound to: 64'b0000000000000000000000000000000000000000000000000001000000000000 
	Parameter CVA6Cfg[NrCachedRegionRules] bound to: 32'b00000000000000000000000000000001 
	Parameter CVA6Cfg[CachedRegionAddrBase][15] bound to: 64'b0000000000000000000000000000000000000000000000000000000000000000 
	Parameter CVA6Cfg[CachedRegionAddrBase][14] bound to: 64'b0000000000000000000000000000000000000000000000000000000000000000 
	Parameter CVA6Cfg[CachedRegionAddrBase][13] bound to: 64'b0000000000000000000000000000000000000000000000000000000000000000 
	Parameter CVA6Cfg[CachedRegionAddrBase][12] bound to: 64'b0000000000000000000000000000000000000000000000000000000000000000 
	Parameter CVA6Cfg[CachedRegionAddrBase][11] bound to: 64'b0000000000000000000000000000000000000000000000000000000000000000 
	Parameter CVA6Cfg[CachedRegionAddrBase][10] bound to: 64'b0000000000000000000000000000000000000000000000000000000000000000 
	Parameter CVA6Cfg[CachedRegionAddrBase][9] bound to: 64'b0000000000000000000000000000000000000000000000000000000000000000 
	Parameter CVA6Cfg[CachedRegionAddrBase][8] bound to: 64'b0000000000000000000000000000000000000000000000000000000000000000 
	Parameter CVA6Cfg[CachedRegionAddrBase][7] bound to: 64'b0000000000000000000000000000000000000000000000000000000000000000 
	Parameter CVA6Cfg[CachedRegionAddrBase][6] bound to: 64'b0000000000000000000000000000000000000000000000000000000000000000 
	Parameter CVA6Cfg[CachedRegionAddrBase][5] bound to: 64'b0000000000000000000000000000000000000000000000000000000000000000 
	Parameter CVA6Cfg[CachedRegionAddrBase][4] bound to: 64'b0000000000000000000000000000000000000000000000000000000000000000 
	Parameter CVA6Cfg[CachedRegionAddrBase][3] bound to: 64'b0000000000000000000000000000000000000000000000000000000000000000 
	Parameter CVA6Cfg[CachedRegionAddrBase][2] bound to: 64'b0000000000000000000000000000000000000000000000000000000000000000 
	Parameter CVA6Cfg[CachedRegionAddrBase][1] bound to: 64'b0000000000000000000000000000000000000000000000000000000000000000 
	Parameter CVA6Cfg[CachedRegionAddrBase][0] bound to: 64'b0000000000000000000000000000000010000000000000000000000000000000 
	Parameter CVA6Cfg[CachedRegionLength][15] bound to: 64'b0000000000000000000000000000000000000000000000000000000000000000 
	Parameter CVA6Cfg[CachedRegionLength][14] bound to: 64'b0000000000000000000000000000000000000000000000000000000000000000 
	Parameter CVA6Cfg[CachedRegionLength][13] bound to: 64'b0000000000000000000000000000000000000000000000000000000000000000 
	Parameter CVA6Cfg[CachedRegionLength][12] bound to: 64'b0000000000000000000000000000000000000000000000000000000000000000 
	Parameter CVA6Cfg[CachedRegionLength][11] bound to: 64'b0000000000000000000000000000000000000000000000000000000000000000 
	Parameter CVA6Cfg[CachedRegionLength][10] bound to: 64'b0000000000000000000000000000000000000000000000000000000000000000 
	Parameter CVA6Cfg[CachedRegionLength][9] bound to: 64'b0000000000000000000000000000000000000000000000000000000000000000 
	Parameter CVA6Cfg[CachedRegionLength][8] bound to: 64'b0000000000000000000000000000000000000000000000000000000000000000 
	Parameter CVA6Cfg[CachedRegionLength][7] bound to: 64'b0000000000000000000000000000000000000000000000000000000000000000 
	Parameter CVA6Cfg[CachedRegionLength][6] bound to: 64'b0000000000000000000000000000000000000000000000000000000000000000 
	Parameter CVA6Cfg[CachedRegionLength][5] bound to: 64'b0000000000000000000000000000000000000000000000000000000000000000 
	Parameter CVA6Cfg[CachedRegionLength][4] bound to: 64'b0000000000000000000000000000000000000000000000000000000000000000 
	Parameter CVA6Cfg[CachedRegionLength][3] bound to: 64'b0000000000000000000000000000000000000000000000000000000000000000 
	Parameter CVA6Cfg[CachedRegionLength][2] bound to: 64'b0000000000000000000000000000000000000000000000000000000000000000 
	Parameter CVA6Cfg[CachedRegionLength][1] bound to: 64'b0000000000000000000000000000000000000000000000000000000000000000 
	Parameter CVA6Cfg[CachedRegionLength][0] bound to: 64'b0000000000000000000000000000000000000010000000000000000000000000 
	Parameter CVA6Cfg[MaxOutstandingStores] bound to: 32'b00000000000000000000000000000111 
	Parameter CVA6Cfg[DebugEn] bound to: 1'b0 
	Parameter CVA6Cfg[NonIdemPotenceEn] bound to: 1'b1 
	Parameter CVA6Cfg[AxiBurstWriteEn] bound to: 1'b1 
	Parameter CVA6Cfg[ICACHE_SET_ASSOC] bound to: 32'b00000000000000000000000000000100 
	Parameter CVA6Cfg[ICACHE_SET_ASSOC_WIDTH] bound to: 32'b00000000000000000000000000000010 
	Parameter CVA6Cfg[ICACHE_INDEX_WIDTH] bound to: 32'b00000000000000000000000000001010 
	Parameter CVA6Cfg[ICACHE_TAG_WIDTH] bound to: 32'b00000000000000000000000000011000 
	Parameter CVA6Cfg[ICACHE_LINE_WIDTH] bound to: 32'b00000000000000000000000010000000 
	Parameter CVA6Cfg[ICACHE_USER_LINE_WIDTH] bound to: 32'b00000000000000000000000000000100 
	Parameter CVA6Cfg[DCacheType] bound to: 3'b001 
	Parameter CVA6Cfg[DcacheIdWidth] bound to: 32'b00000000000000000000000000000001 
	Parameter CVA6Cfg[DCACHE_SET_ASSOC] bound to: 32'b00000000000000000000000000000100 
	Parameter CVA6Cfg[DCACHE_SET_ASSOC_WIDTH] bound to: 32'b00000000000000000000000000000010 
	Parameter CVA6Cfg[DCACHE_INDEX_WIDTH] bound to: 32'b00000000000000000000000000001011 
	Parameter CVA6Cfg[DCACHE_TAG_WIDTH] bound to: 32'b00000000000000000000000000010111 
	Parameter CVA6Cfg[DCACHE_LINE_WIDTH] bound to: 32'b00000000000000000000000100000000 
	Parameter CVA6Cfg[DCACHE_USER_LINE_WIDTH] bound to: 32'b00000000000000000000000000000100 
	Parameter CVA6Cfg[DCACHE_USER_WIDTH] bound to: 32'b00000000000000000000000000000001 
	Parameter CVA6Cfg[DCACHE_OFFSET_WIDTH] bound to: 32'b00000000000000000000000000000101 
	Parameter CVA6Cfg[DCACHE_NUM_WORDS] bound to: 32'b00000000000000000000000001000000 
	Parameter CVA6Cfg[DCACHE_MAX_TX] bound to: 32'b00000000000000000000000000000100 
	Parameter CVA6Cfg[DcacheFlushOnFence] bound to: 1'b0 
	Parameter CVA6Cfg[DcacheInvalidateOnFlush] bound to: 1'b0 
	Parameter CVA6Cfg[DATA_USER_EN] bound to: 32'b00000000000000000000000000000000 
	Parameter CVA6Cfg[WtDcacheWbufDepth] bound to: 32'b00000000000000000000000000001000 
	Parameter CVA6Cfg[FETCH_USER_WIDTH] bound to: 32'b00000000000000000000000000100000 
	Parameter CVA6Cfg[FETCH_USER_EN] bound to: 32'b00000000000000000000000000000000 
	Parameter CVA6Cfg[AXI_USER_EN] bound to: 1'b0 
	Parameter CVA6Cfg[FETCH_WIDTH] bound to: 32'b00000000000000000000000000100000 
	Parameter CVA6Cfg[FETCH_ALIGN_BITS] bound to: 32'b00000000000000000000000000000010 
	Parameter CVA6Cfg[INSTR_PER_FETCH] bound to: 32'b00000000000000000000000000000010 
	Parameter CVA6Cfg[LOG2_INSTR_PER_FETCH] bound to: 32'b00000000000000000000000000000001 
	Parameter CVA6Cfg[ModeW] bound to: 32'b00000000000000000000000000000001 
	Parameter CVA6Cfg[ASIDW] bound to: 32'b00000000000000000000000000001001 
	Parameter CVA6Cfg[VMIDW] bound to: 32'b00000000000000000000000000000111 
	Parameter CVA6Cfg[PPNW] bound to: 32'b00000000000000000000000000010110 
	Parameter CVA6Cfg[GPPNW] bound to: 32'b00000000000000000000000000010110 
	Parameter CVA6Cfg[MODE_SV] bound to: 4'b0001 
	Parameter CVA6Cfg[SV] bound to: 32'b00000000000000000000000000100000 
	Parameter CVA6Cfg[SVX] bound to: 32'b00000000000000000000000000100010 
	Parameter CVA6Cfg[X_NUM_RS] bound to: 32'b00000000000000000000000000000010 
	Parameter CVA6Cfg[X_ID_WIDTH] bound to: 32'b00000000000000000000000000000011 
	Parameter CVA6Cfg[X_RFR_WIDTH] bound to: 32'b00000000000000000000000000100000 
	Parameter CVA6Cfg[X_RFW_WIDTH] bound to: 32'b00000000000000000000000000100000 
	Parameter CVA6Cfg[X_NUM_HARTS] bound to: 32'b00000000000000000000000000000001 
	Parameter CVA6Cfg[X_HARTID_WIDTH] bound to: 32'b00000000000000000000000000100000 
	Parameter CVA6Cfg[X_DUALREAD] bound to: 32'b00000000000000000000000000000000 
	Parameter CVA6Cfg[X_DUALWRITE] bound to: 32'b00000000000000000000000000000000 
	Parameter CVA6Cfg[X_ISSUE_REGISTER_SPLIT] bound to: 32'b00000000000000000000000000000000 
	Parameter DCACHE_CL_IDX_WIDTH bound to: 6 - type: integer 
	Parameter AmoTxId bound to: 2'b01 
	Parameter NumPorts bound to: 32'b00000000000000000000000000000100 
INFO: [Synth 8-294] found qualifier unique on case statement: implementing as parallel_case [/home/alex/Isolde/MatrixAcceleratorDemo/src/ips/ariane/core/cache_subsystem/wt_dcache_missunit.sv:98]
INFO: [Synth 8-6157] synthesizing module 'exp_backoff' [/home/alex/Isolde/MatrixAcceleratorDemo/src/ips/common_cells/src/exp_backoff.sv:25]
	Parameter Seed bound to: 32'b00000000000000000000000000000011 
	Parameter MaxExp bound to: 32'b00000000000000000000000000010000 
WARNING: [Synth 8-693] zero replication count - replication ignored [/home/alex/Isolde/MatrixAcceleratorDemo/src/ips/common_cells/src/exp_backoff.sv:61]
INFO: [Synth 8-6155] done synthesizing module 'exp_backoff' (0#1) [/home/alex/Isolde/MatrixAcceleratorDemo/src/ips/common_cells/src/exp_backoff.sv:25]
INFO: [Synth 8-294] found qualifier unique on case statement: implementing as parallel_case [/home/alex/Isolde/MatrixAcceleratorDemo/src/ips/ariane/core/cache_subsystem/wt_dcache_missunit.sv:350]
INFO: [Synth 8-294] found qualifier unique on case statement: implementing as parallel_case [/home/alex/Isolde/MatrixAcceleratorDemo/src/ips/ariane/core/cache_subsystem/wt_dcache_missunit.sv:451]
INFO: [Synth 8-6155] done synthesizing module 'wt_dcache_missunit' (0#1) [/home/alex/Isolde/MatrixAcceleratorDemo/src/ips/ariane/core/cache_subsystem/wt_dcache_missunit.sv:17]
INFO: [Synth 8-6157] synthesizing module 'wt_dcache_wbuffer' [/home/alex/Isolde/MatrixAcceleratorDemo/src/ips/ariane/core/cache_subsystem/wt_dcache_wbuffer.sv:52]
	Parameter CVA6Cfg[XLEN] bound to: 32'b00000000000000000000000000100000 
	Parameter CVA6Cfg[VLEN] bound to: 32'b00000000000000000000000000100000 
	Parameter CVA6Cfg[PLEN] bound to: 32'b00000000000000000000000000100010 
	Parameter CVA6Cfg[GPLEN] bound to: 32'b00000000000000000000000000100010 
	Parameter CVA6Cfg[IS_XLEN32] bound to: 1'b1 
	Parameter CVA6Cfg[IS_XLEN64] bound to: 1'b0 
	Parameter CVA6Cfg[XLEN_ALIGN_BYTES] bound to: 32'b00000000000000000000000000000010 
	Parameter CVA6Cfg[ASID_WIDTH] bound to: 32'b00000000000000000000000000000001 
	Parameter CVA6Cfg[VMID_WIDTH] bound to: 32'b00000000000000000000000000000001 
	Parameter CVA6Cfg[FpgaEn] bound to: 1'b1 
	Parameter CVA6Cfg[FpgaAlteraEn] bound to: 1'b0 
	Parameter CVA6Cfg[TechnoCut] bound to: 1'b0 
	Parameter CVA6Cfg[SuperscalarEn] bound to: 1'b0 
	Parameter CVA6Cfg[NrCommitPorts] bound to: 32'b00000000000000000000000000000010 
	Parameter CVA6Cfg[NrIssuePorts] bound to: 32'b00000000000000000000000000000001 
	Parameter CVA6Cfg[SpeculativeSb] bound to: 1'b0 
	Parameter CVA6Cfg[NrLoadPipeRegs] bound to: 32'b00000000000000000000000000000001 
	Parameter CVA6Cfg[NrStorePipeRegs] bound to: 32'b00000000000000000000000000000000 
	Parameter CVA6Cfg[AxiAddrWidth] bound to: 32'b00000000000000000000000001000000 
	Parameter CVA6Cfg[AxiDataWidth] bound to: 32'b00000000000000000000000001000000 
	Parameter CVA6Cfg[AxiIdWidth] bound to: 32'b00000000000000000000000000000100 
	Parameter CVA6Cfg[AxiUserWidth] bound to: 32'b00000000000000000000000000000001 
	Parameter CVA6Cfg[MEM_TID_WIDTH] bound to: 32'b00000000000000000000000000000010 
	Parameter CVA6Cfg[NrLoadBufEntries] bound to: 32'b00000000000000000000000000000010 
	Parameter CVA6Cfg[RVF] bound to: 1'b0 
	Parameter CVA6Cfg[RVD] bound to: 1'b0 
	Parameter CVA6Cfg[XF16] bound to: 1'b0 
	Parameter CVA6Cfg[XF16ALT] bound to: 1'b0 
	Parameter CVA6Cfg[XF8] bound to: 1'b0 
	Parameter CVA6Cfg[RVA] bound to: 1'b0 
	Parameter CVA6Cfg[RVB] bound to: 1'b0 
	Parameter CVA6Cfg[ZKN] bound to: 1'b0 
	Parameter CVA6Cfg[RVV] bound to: 1'b0 
	Parameter CVA6Cfg[RVC] bound to: 1'b1 
	Parameter CVA6Cfg[RVH] bound to: 1'b0 
	Parameter CVA6Cfg[RVZCB] bound to: 1'b0 
	Parameter CVA6Cfg[RVZCMP] bound to: 1'b0 
	Parameter CVA6Cfg[RVZCMT] bound to: 1'b0 
	Parameter CVA6Cfg[XFVec] bound to: 1'b0 
	Parameter CVA6Cfg[CvxifEn] bound to: 1'b1 
	Parameter CVA6Cfg[CoproType] bound to: 32'sb00000000000000000000000000000000 
	Parameter CVA6Cfg[RVZiCond] bound to: 1'b0 
	Parameter CVA6Cfg[RVZicntr] bound to: 1'b1 
	Parameter CVA6Cfg[RVZihpm] bound to: 1'b1 
	Parameter CVA6Cfg[NR_SB_ENTRIES] bound to: 32'b00000000000000000000000000001000 
	Parameter CVA6Cfg[TRANS_ID_BITS] bound to: 32'b00000000000000000000000000000011 
	Parameter CVA6Cfg[FpPresent] bound to: 1'b0 
	Parameter CVA6Cfg[NSX] bound to: 1'b0 
	Parameter CVA6Cfg[FLen] bound to: 32'b00000000000000000000000000000001 
	Parameter CVA6Cfg[RVFVec] bound to: 1'b0 
	Parameter CVA6Cfg[XF16Vec] bound to: 1'b0 
	Parameter CVA6Cfg[XF16ALTVec] bound to: 1'b0 
	Parameter CVA6Cfg[XF8Vec] bound to: 1'b0 
	Parameter CVA6Cfg[NrRgprPorts] bound to: 32'b00000000000000000000000000000010 
	Parameter CVA6Cfg[NrWbPorts] bound to: 32'b00000000000000000000000000000101 
	Parameter CVA6Cfg[EnableAccelerator] bound to: 1'b0 
	Parameter CVA6Cfg[PerfCounterEn] bound to: 1'b1 
	Parameter CVA6Cfg[MmuPresent] bound to: 1'b0 
	Parameter CVA6Cfg[RVS] bound to: 1'b1 
	Parameter CVA6Cfg[RVU] bound to: 1'b1 
	Parameter CVA6Cfg[SoftwareInterruptEn] bound to: 1'b1 
	Parameter CVA6Cfg[HaltAddress] bound to: 64'b0000000000000000000000000000000000000000000000000000100000000000 
	Parameter CVA6Cfg[ExceptionAddress] bound to: 64'b0000000000000000000000000000000000000000000000000000100000001000 
	Parameter CVA6Cfg[RASDepth] bound to: 32'b00000000000000000000000000000010 
	Parameter CVA6Cfg[BTBEntries] bound to: 32'b00000000000000000000000000100000 
	Parameter CVA6Cfg[BPType] bound to: 1'b0 
	Parameter CVA6Cfg[BHTEntries] bound to: 32'b00000000000000000000000010000000 
	Parameter CVA6Cfg[BHTHist] bound to: 32'b00000000000000000000000000000011 
	Parameter CVA6Cfg[InstrTlbEntries] bound to: 32'b00000000000000000000000000000010 
	Parameter CVA6Cfg[DataTlbEntries] bound to: 32'b00000000000000000000000000000010 
	Parameter CVA6Cfg[UseSharedTlb] bound to: 1'b1 
	Parameter CVA6Cfg[SharedTlbDepth] bound to: 32'b00000000000000000000000001000000 
	Parameter CVA6Cfg[VpnLen] bound to: 32'b00000000000000000000000000010100 
	Parameter CVA6Cfg[PtLevels] bound to: 32'b00000000000000000000000000000010 
	Parameter CVA6Cfg[DmBaseAddress] bound to: 64'b0000000000000000000000000000000000000000000000000000000000000000 
	Parameter CVA6Cfg[TvalEn] bound to: 1'b1 
	Parameter CVA6Cfg[DirectVecOnly] bound to: 1'b0 
	Parameter CVA6Cfg[NrPMPEntries] bound to: 32'b00000000000000000000000000000000 
	Parameter CVA6Cfg[PMPCfgRstVal][63] bound to: 64'b0000000000000000000000000000000000000000000000000000000000000000 
	Parameter CVA6Cfg[PMPCfgRstVal][62] bound to: 64'b0000000000000000000000000000000000000000000000000000000000000000 
	Parameter CVA6Cfg[PMPCfgRstVal][61] bound to: 64'b0000000000000000000000000000000000000000000000000000000000000000 
	Parameter CVA6Cfg[PMPCfgRstVal][60] bound to: 64'b0000000000000000000000000000000000000000000000000000000000000000 
	Parameter CVA6Cfg[PMPCfgRstVal][59] bound to: 64'b0000000000000000000000000000000000000000000000000000000000000000 
	Parameter CVA6Cfg[PMPCfgRstVal][58] bound to: 64'b0000000000000000000000000000000000000000000000000000000000000000 
	Parameter CVA6Cfg[PMPCfgRstVal][57] bound to: 64'b0000000000000000000000000000000000000000000000000000000000000000 
	Parameter CVA6Cfg[PMPCfgRstVal][56] bound to: 64'b0000000000000000000000000000000000000000000000000000000000000000 
	Parameter CVA6Cfg[PMPCfgRstVal][55] bound to: 64'b0000000000000000000000000000000000000000000000000000000000000000 
	Parameter CVA6Cfg[PMPCfgRstVal][54] bound to: 64'b0000000000000000000000000000000000000000000000000000000000000000 
	Parameter CVA6Cfg[PMPCfgRstVal][53] bound to: 64'b0000000000000000000000000000000000000000000000000000000000000000 
	Parameter CVA6Cfg[PMPCfgRstVal][52] bound to: 64'b0000000000000000000000000000000000000000000000000000000000000000 
	Parameter CVA6Cfg[PMPCfgRstVal][51] bound to: 64'b0000000000000000000000000000000000000000000000000000000000000000 
	Parameter CVA6Cfg[PMPCfgRstVal][50] bound to: 64'b0000000000000000000000000000000000000000000000000000000000000000 
	Parameter CVA6Cfg[PMPCfgRstVal][49] bound to: 64'b0000000000000000000000000000000000000000000000000000000000000000 
	Parameter CVA6Cfg[PMPCfgRstVal][48] bound to: 64'b0000000000000000000000000000000000000000000000000000000000000000 
	Parameter CVA6Cfg[PMPCfgRstVal][47] bound to: 64'b0000000000000000000000000000000000000000000000000000000000000000 
	Parameter CVA6Cfg[PMPCfgRstVal][46] bound to: 64'b0000000000000000000000000000000000000000000000000000000000000000 
	Parameter CVA6Cfg[PMPCfgRstVal][45] bound to: 64'b0000000000000000000000000000000000000000000000000000000000000000 
	Parameter CVA6Cfg[PMPCfgRstVal][44] bound to: 64'b0000000000000000000000000000000000000000000000000000000000000000 
	Parameter CVA6Cfg[PMPCfgRstVal][43] bound to: 64'b0000000000000000000000000000000000000000000000000000000000000000 
	Parameter CVA6Cfg[PMPCfgRstVal][42] bound to: 64'b0000000000000000000000000000000000000000000000000000000000000000 
	Parameter CVA6Cfg[PMPCfgRstVal][41] bound to: 64'b0000000000000000000000000000000000000000000000000000000000000000 
	Parameter CVA6Cfg[PMPCfgRstVal][40] bound to: 64'b0000000000000000000000000000000000000000000000000000000000000000 
	Parameter CVA6Cfg[PMPCfgRstVal][39] bound to: 64'b0000000000000000000000000000000000000000000000000000000000000000 
	Parameter CVA6Cfg[PMPCfgRstVal][38] bound to: 64'b0000000000000000000000000000000000000000000000000000000000000000 
	Parameter CVA6Cfg[PMPCfgRstVal][37] bound to: 64'b0000000000000000000000000000000000000000000000000000000000000000 
	Parameter CVA6Cfg[PMPCfgRstVal][36] bound to: 64'b0000000000000000000000000000000000000000000000000000000000000000 
	Parameter CVA6Cfg[PMPCfgRstVal][35] bound to: 64'b0000000000000000000000000000000000000000000000000000000000000000 
	Parameter CVA6Cfg[PMPCfgRstVal][34] bound to: 64'b0000000000000000000000000000000000000000000000000000000000000000 
	Parameter CVA6Cfg[PMPCfgRstVal][33] bound to: 64'b0000000000000000000000000000000000000000000000000000000000000000 
	Parameter CVA6Cfg[PMPCfgRstVal][32] bound to: 64'b0000000000000000000000000000000000000000000000000000000000000000 
	Parameter CVA6Cfg[PMPCfgRstVal][31] bound to: 64'b0000000000000000000000000000000000000000000000000000000000000000 
	Parameter CVA6Cfg[PMPCfgRstVal][30] bound to: 64'b0000000000000000000000000000000000000000000000000000000000000000 
	Parameter CVA6Cfg[PMPCfgRstVal][29] bound to: 64'b0000000000000000000000000000000000000000000000000000000000000000 
	Parameter CVA6Cfg[PMPCfgRstVal][28] bound to: 64'b0000000000000000000000000000000000000000000000000000000000000000 
	Parameter CVA6Cfg[PMPCfgRstVal][27] bound to: 64'b0000000000000000000000000000000000000000000000000000000000000000 
	Parameter CVA6Cfg[PMPCfgRstVal][26] bound to: 64'b0000000000000000000000000000000000000000000000000000000000000000 
	Parameter CVA6Cfg[PMPCfgRstVal][25] bound to: 64'b0000000000000000000000000000000000000000000000000000000000000000 
	Parameter CVA6Cfg[PMPCfgRstVal][24] bound to: 64'b0000000000000000000000000000000000000000000000000000000000000000 
	Parameter CVA6Cfg[PMPCfgRstVal][23] bound to: 64'b0000000000000000000000000000000000000000000000000000000000000000 
	Parameter CVA6Cfg[PMPCfgRstVal][22] bound to: 64'b0000000000000000000000000000000000000000000000000000000000000000 
	Parameter CVA6Cfg[PMPCfgRstVal][21] bound to: 64'b0000000000000000000000000000000000000000000000000000000000000000 
	Parameter CVA6Cfg[PMPCfgRstVal][20] bound to: 64'b0000000000000000000000000000000000000000000000000000000000000000 
	Parameter CVA6Cfg[PMPCfgRstVal][19] bound to: 64'b0000000000000000000000000000000000000000000000000000000000000000 
	Parameter CVA6Cfg[PMPCfgRstVal][18] bound to: 64'b0000000000000000000000000000000000000000000000000000000000000000 
	Parameter CVA6Cfg[PMPCfgRstVal][17] bound to: 64'b0000000000000000000000000000000000000000000000000000000000000000 
	Parameter CVA6Cfg[PMPCfgRstVal][16] bound to: 64'b0000000000000000000000000000000000000000000000000000000000000000 
	Parameter CVA6Cfg[PMPCfgRstVal][15] bound to: 64'b0000000000000000000000000000000000000000000000000000000000000000 
	Parameter CVA6Cfg[PMPCfgRstVal][14] bound to: 64'b0000000000000000000000000000000000000000000000000000000000000000 
	Parameter CVA6Cfg[PMPCfgRstVal][13] bound to: 64'b0000000000000000000000000000000000000000000000000000000000000000 
	Parameter CVA6Cfg[PMPCfgRstVal][12] bound to: 64'b0000000000000000000000000000000000000000000000000000000000000000 
	Parameter CVA6Cfg[PMPCfgRstVal][11] bound to: 64'b0000000000000000000000000000000000000000000000000000000000000000 
	Parameter CVA6Cfg[PMPCfgRstVal][10] bound to: 64'b0000000000000000000000000000000000000000000000000000000000000000 
	Parameter CVA6Cfg[PMPCfgRstVal][9] bound to: 64'b0000000000000000000000000000000000000000000000000000000000000000 
	Parameter CVA6Cfg[PMPCfgRstVal][8] bound to: 64'b0000000000000000000000000000000000000000000000000000000000000000 
	Parameter CVA6Cfg[PMPCfgRstVal][7] bound to: 64'b0000000000000000000000000000000000000000000000000000000000000000 
	Parameter CVA6Cfg[PMPCfgRstVal][6] bound to: 64'b0000000000000000000000000000000000000000000000000000000000000000 
	Parameter CVA6Cfg[PMPCfgRstVal][5] bound to: 64'b0000000000000000000000000000000000000000000000000000000000000000 
	Parameter CVA6Cfg[PMPCfgRstVal][4] bound to: 64'b0000000000000000000000000000000000000000000000000000000000000000 
	Parameter CVA6Cfg[PMPCfgRstVal][3] bound to: 64'b0000000000000000000000000000000000000000000000000000000000000000 
	Parameter CVA6Cfg[PMPCfgRstVal][2] bound to: 64'b0000000000000000000000000000000000000000000000000000000000000000 
	Parameter CVA6Cfg[PMPCfgRstVal][1] bound to: 64'b0000000000000000000000000000000000000000000000000000000000000000 
	Parameter CVA6Cfg[PMPCfgRstVal][0] bound to: 64'b0000000000000000000000000000000000000000000000000000000000000000 
	Parameter CVA6Cfg[PMPAddrRstVal][63] bound to: 64'b0000000000000000000000000000000000000000000000000000000000000000 
	Parameter CVA6Cfg[PMPAddrRstVal][62] bound to: 64'b0000000000000000000000000000000000000000000000000000000000000000 
	Parameter CVA6Cfg[PMPAddrRstVal][61] bound to: 64'b0000000000000000000000000000000000000000000000000000000000000000 
	Parameter CVA6Cfg[PMPAddrRstVal][60] bound to: 64'b0000000000000000000000000000000000000000000000000000000000000000 
	Parameter CVA6Cfg[PMPAddrRstVal][59] bound to: 64'b0000000000000000000000000000000000000000000000000000000000000000 
	Parameter CVA6Cfg[PMPAddrRstVal][58] bound to: 64'b0000000000000000000000000000000000000000000000000000000000000000 
	Parameter CVA6Cfg[PMPAddrRstVal][57] bound to: 64'b0000000000000000000000000000000000000000000000000000000000000000 
	Parameter CVA6Cfg[PMPAddrRstVal][56] bound to: 64'b0000000000000000000000000000000000000000000000000000000000000000 
	Parameter CVA6Cfg[PMPAddrRstVal][55] bound to: 64'b0000000000000000000000000000000000000000000000000000000000000000 
	Parameter CVA6Cfg[PMPAddrRstVal][54] bound to: 64'b0000000000000000000000000000000000000000000000000000000000000000 
	Parameter CVA6Cfg[PMPAddrRstVal][53] bound to: 64'b0000000000000000000000000000000000000000000000000000000000000000 
	Parameter CVA6Cfg[PMPAddrRstVal][52] bound to: 64'b0000000000000000000000000000000000000000000000000000000000000000 
	Parameter CVA6Cfg[PMPAddrRstVal][51] bound to: 64'b0000000000000000000000000000000000000000000000000000000000000000 
	Parameter CVA6Cfg[PMPAddrRstVal][50] bound to: 64'b0000000000000000000000000000000000000000000000000000000000000000 
	Parameter CVA6Cfg[PMPAddrRstVal][49] bound to: 64'b0000000000000000000000000000000000000000000000000000000000000000 
	Parameter CVA6Cfg[PMPAddrRstVal][48] bound to: 64'b0000000000000000000000000000000000000000000000000000000000000000 
	Parameter CVA6Cfg[PMPAddrRstVal][47] bound to: 64'b0000000000000000000000000000000000000000000000000000000000000000 
	Parameter CVA6Cfg[PMPAddrRstVal][46] bound to: 64'b0000000000000000000000000000000000000000000000000000000000000000 
	Parameter CVA6Cfg[PMPAddrRstVal][45] bound to: 64'b0000000000000000000000000000000000000000000000000000000000000000 
	Parameter CVA6Cfg[PMPAddrRstVal][44] bound to: 64'b0000000000000000000000000000000000000000000000000000000000000000 
	Parameter CVA6Cfg[PMPAddrRstVal][43] bound to: 64'b0000000000000000000000000000000000000000000000000000000000000000 
	Parameter CVA6Cfg[PMPAddrRstVal][42] bound to: 64'b0000000000000000000000000000000000000000000000000000000000000000 
	Parameter CVA6Cfg[PMPAddrRstVal][41] bound to: 64'b0000000000000000000000000000000000000000000000000000000000000000 
	Parameter CVA6Cfg[PMPAddrRstVal][40] bound to: 64'b0000000000000000000000000000000000000000000000000000000000000000 
	Parameter CVA6Cfg[PMPAddrRstVal][39] bound to: 64'b0000000000000000000000000000000000000000000000000000000000000000 
	Parameter CVA6Cfg[PMPAddrRstVal][38] bound to: 64'b0000000000000000000000000000000000000000000000000000000000000000 
	Parameter CVA6Cfg[PMPAddrRstVal][37] bound to: 64'b0000000000000000000000000000000000000000000000000000000000000000 
	Parameter CVA6Cfg[PMPAddrRstVal][36] bound to: 64'b0000000000000000000000000000000000000000000000000000000000000000 
	Parameter CVA6Cfg[PMPAddrRstVal][35] bound to: 64'b0000000000000000000000000000000000000000000000000000000000000000 
	Parameter CVA6Cfg[PMPAddrRstVal][34] bound to: 64'b0000000000000000000000000000000000000000000000000000000000000000 
	Parameter CVA6Cfg[PMPAddrRstVal][33] bound to: 64'b0000000000000000000000000000000000000000000000000000000000000000 
	Parameter CVA6Cfg[PMPAddrRstVal][32] bound to: 64'b0000000000000000000000000000000000000000000000000000000000000000 
	Parameter CVA6Cfg[PMPAddrRstVal][31] bound to: 64'b0000000000000000000000000000000000000000000000000000000000000000 
	Parameter CVA6Cfg[PMPAddrRstVal][30] bound to: 64'b0000000000000000000000000000000000000000000000000000000000000000 
	Parameter CVA6Cfg[PMPAddrRstVal][29] bound to: 64'b0000000000000000000000000000000000000000000000000000000000000000 
	Parameter CVA6Cfg[PMPAddrRstVal][28] bound to: 64'b0000000000000000000000000000000000000000000000000000000000000000 
	Parameter CVA6Cfg[PMPAddrRstVal][27] bound to: 64'b0000000000000000000000000000000000000000000000000000000000000000 
	Parameter CVA6Cfg[PMPAddrRstVal][26] bound to: 64'b0000000000000000000000000000000000000000000000000000000000000000 
	Parameter CVA6Cfg[PMPAddrRstVal][25] bound to: 64'b0000000000000000000000000000000000000000000000000000000000000000 
	Parameter CVA6Cfg[PMPAddrRstVal][24] bound to: 64'b0000000000000000000000000000000000000000000000000000000000000000 
	Parameter CVA6Cfg[PMPAddrRstVal][23] bound to: 64'b0000000000000000000000000000000000000000000000000000000000000000 
	Parameter CVA6Cfg[PMPAddrRstVal][22] bound to: 64'b0000000000000000000000000000000000000000000000000000000000000000 
	Parameter CVA6Cfg[PMPAddrRstVal][21] bound to: 64'b0000000000000000000000000000000000000000000000000000000000000000 
	Parameter CVA6Cfg[PMPAddrRstVal][20] bound to: 64'b0000000000000000000000000000000000000000000000000000000000000000 
	Parameter CVA6Cfg[PMPAddrRstVal][19] bound to: 64'b0000000000000000000000000000000000000000000000000000000000000000 
	Parameter CVA6Cfg[PMPAddrRstVal][18] bound to: 64'b0000000000000000000000000000000000000000000000000000000000000000 
	Parameter CVA6Cfg[PMPAddrRstVal][17] bound to: 64'b0000000000000000000000000000000000000000000000000000000000000000 
	Parameter CVA6Cfg[PMPAddrRstVal][16] bound to: 64'b0000000000000000000000000000000000000000000000000000000000000000 
	Parameter CVA6Cfg[PMPAddrRstVal][15] bound to: 64'b0000000000000000000000000000000000000000000000000000000000000000 
	Parameter CVA6Cfg[PMPAddrRstVal][14] bound to: 64'b0000000000000000000000000000000000000000000000000000000000000000 
	Parameter CVA6Cfg[PMPAddrRstVal][13] bound to: 64'b0000000000000000000000000000000000000000000000000000000000000000 
	Parameter CVA6Cfg[PMPAddrRstVal][12] bound to: 64'b0000000000000000000000000000000000000000000000000000000000000000 
	Parameter CVA6Cfg[PMPAddrRstVal][11] bound to: 64'b0000000000000000000000000000000000000000000000000000000000000000 
	Parameter CVA6Cfg[PMPAddrRstVal][10] bound to: 64'b0000000000000000000000000000000000000000000000000000000000000000 
	Parameter CVA6Cfg[PMPAddrRstVal][9] bound to: 64'b0000000000000000000000000000000000000000000000000000000000000000 
	Parameter CVA6Cfg[PMPAddrRstVal][8] bound to: 64'b0000000000000000000000000000000000000000000000000000000000000000 
	Parameter CVA6Cfg[PMPAddrRstVal][7] bound to: 64'b0000000000000000000000000000000000000000000000000000000000000000 
	Parameter CVA6Cfg[PMPAddrRstVal][6] bound to: 64'b0000000000000000000000000000000000000000000000000000000000000000 
	Parameter CVA6Cfg[PMPAddrRstVal][5] bound to: 64'b0000000000000000000000000000000000000000000000000000000000000000 
	Parameter CVA6Cfg[PMPAddrRstVal][4] bound to: 64'b0000000000000000000000000000000000000000000000000000000000000000 
	Parameter CVA6Cfg[PMPAddrRstVal][3] bound to: 64'b0000000000000000000000000000000000000000000000000000000000000000 
	Parameter CVA6Cfg[PMPAddrRstVal][2] bound to: 64'b0000000000000000000000000000000000000000000000000000000000000000 
	Parameter CVA6Cfg[PMPAddrRstVal][1] bound to: 64'b0000000000000000000000000000000000000000000000000000000000000000 
	Parameter CVA6Cfg[PMPAddrRstVal][0] bound to: 64'b0000000000000000000000000000000000000000000000000000000000000000 
	Parameter CVA6Cfg[PMPEntryReadOnly] bound to: 64'b0000000000000000000000000000000000000000000000000000000000000000 
	Parameter CVA6Cfg[PMPNapotEn] bound to: 1'b0 
	Parameter CVA6Cfg[NOCType] bound to: 32'sb00000000000000000000000000000000 
	Parameter CVA6Cfg[NrNonIdempotentRules] bound to: 32'b00000000000000000000000000000010 
	Parameter CVA6Cfg[NonIdempotentAddrBase][15] bound to: 64'b0000000000000000000000000000000000000000000000000000000000000000 
	Parameter CVA6Cfg[NonIdempotentAddrBase][14] bound to: 64'b0000000000000000000000000000000000000000000000000000000000000000 
	Parameter CVA6Cfg[NonIdempotentAddrBase][13] bound to: 64'b0000000000000000000000000000000000000000000000000000000000000000 
	Parameter CVA6Cfg[NonIdempotentAddrBase][12] bound to: 64'b0000000000000000000000000000000000000000000000000000000000000000 
	Parameter CVA6Cfg[NonIdempotentAddrBase][11] bound to: 64'b0000000000000000000000000000000000000000000000000000000000000000 
	Parameter CVA6Cfg[NonIdempotentAddrBase][10] bound to: 64'b0000000000000000000000000000000000000000000000000000000000000000 
	Parameter CVA6Cfg[NonIdempotentAddrBase][9] bound to: 64'b0000000000000000000000000000000000000000000000000000000000000000 
	Parameter CVA6Cfg[NonIdempotentAddrBase][8] bound to: 64'b0000000000000000000000000000000000000000000000000000000000000000 
	Parameter CVA6Cfg[NonIdempotentAddrBase][7] bound to: 64'b0000000000000000000000000000000000000000000000000000000000000000 
	Parameter CVA6Cfg[NonIdempotentAddrBase][6] bound to: 64'b0000000000000000000000000000000000000000000000000000000000000000 
	Parameter CVA6Cfg[NonIdempotentAddrBase][5] bound to: 64'b0000000000000000000000000000000000000000000000000000000000000000 
	Parameter CVA6Cfg[NonIdempotentAddrBase][4] bound to: 64'b0000000000000000000000000000000000000000000000000000000000000000 
	Parameter CVA6Cfg[NonIdempotentAddrBase][3] bound to: 64'b0000000000000000000000000000000000000000000000000000000000000000 
	Parameter CVA6Cfg[NonIdempotentAddrBase][2] bound to: 64'b0000000000000000000000000000000000000000000000000000000000000000 
	Parameter CVA6Cfg[NonIdempotentAddrBase][1] bound to: 64'b0000000000000000000000000000000011000000000000000000000000000000 
	Parameter CVA6Cfg[NonIdempotentAddrBase][0] bound to: 64'b0000000000000000000000000000000011010000000000000000000000000000 
	Parameter CVA6Cfg[NonIdempotentLength][15] bound to: 64'b0000000000000000000000000000000000000000000000000000000000000000 
	Parameter CVA6Cfg[NonIdempotentLength][14] bound to: 64'b0000000000000000000000000000000000000000000000000000000000000000 
	Parameter CVA6Cfg[NonIdempotentLength][13] bound to: 64'b0000000000000000000000000000000000000000000000000000000000000000 
	Parameter CVA6Cfg[NonIdempotentLength][12] bound to: 64'b0000000000000000000000000000000000000000000000000000000000000000 
	Parameter CVA6Cfg[NonIdempotentLength][11] bound to: 64'b0000000000000000000000000000000000000000000000000000000000000000 
	Parameter CVA6Cfg[NonIdempotentLength][10] bound to: 64'b0000000000000000000000000000000000000000000000000000000000000000 
	Parameter CVA6Cfg[NonIdempotentLength][9] bound to: 64'b0000000000000000000000000000000000000000000000000000000000000000 
	Parameter CVA6Cfg[NonIdempotentLength][8] bound to: 64'b0000000000000000000000000000000000000000000000000000000000000000 
	Parameter CVA6Cfg[NonIdempotentLength][7] bound to: 64'b0000000000000000000000000000000000000000000000000000000000000000 
	Parameter CVA6Cfg[NonIdempotentLength][6] bound to: 64'b0000000000000000000000000000000000000000000000000000000000000000 
	Parameter CVA6Cfg[NonIdempotentLength][5] bound to: 64'b0000000000000000000000000000000000000000000000000000000000000000 
	Parameter CVA6Cfg[NonIdempotentLength][4] bound to: 64'b0000000000000000000000000000000000000000000000000000000000000000 
	Parameter CVA6Cfg[NonIdempotentLength][3] bound to: 64'b0000000000000000000000000000000000000000000000000000000000000000 
	Parameter CVA6Cfg[NonIdempotentLength][2] bound to: 64'b0000000000000000000000000000000000000000000000000000000000000000 
	Parameter CVA6Cfg[NonIdempotentLength][1] bound to: 64'b0000000000000000000000000000000000000000000000100000000000000000 
	Parameter CVA6Cfg[NonIdempotentLength][0] bound to: 64'b0000000000000000000000000000000000000000000000000000000000010000 
	Parameter CVA6Cfg[NrExecuteRegionRules] bound to: 32'b00000000000000000000000000000011 
	Parameter CVA6Cfg[ExecuteRegionAddrBase][15] bound to: 64'b0000000000000000000000000000000000000000000000000000000000000000 
	Parameter CVA6Cfg[ExecuteRegionAddrBase][14] bound to: 64'b0000000000000000000000000000000000000000000000000000000000000000 
	Parameter CVA6Cfg[ExecuteRegionAddrBase][13] bound to: 64'b0000000000000000000000000000000000000000000000000000000000000000 
	Parameter CVA6Cfg[ExecuteRegionAddrBase][12] bound to: 64'b0000000000000000000000000000000000000000000000000000000000000000 
	Parameter CVA6Cfg[ExecuteRegionAddrBase][11] bound to: 64'b0000000000000000000000000000000000000000000000000000000000000000 
	Parameter CVA6Cfg[ExecuteRegionAddrBase][10] bound to: 64'b0000000000000000000000000000000000000000000000000000000000000000 
	Parameter CVA6Cfg[ExecuteRegionAddrBase][9] bound to: 64'b0000000000000000000000000000000000000000000000000000000000000000 
	Parameter CVA6Cfg[ExecuteRegionAddrBase][8] bound to: 64'b0000000000000000000000000000000000000000000000000000000000000000 
	Parameter CVA6Cfg[ExecuteRegionAddrBase][7] bound to: 64'b0000000000000000000000000000000000000000000000000000000000000000 
	Parameter CVA6Cfg[ExecuteRegionAddrBase][6] bound to: 64'b0000000000000000000000000000000000000000000000000000000000000000 
	Parameter CVA6Cfg[ExecuteRegionAddrBase][5] bound to: 64'b0000000000000000000000000000000000000000000000000000000000000000 
	Parameter CVA6Cfg[ExecuteRegionAddrBase][4] bound to: 64'b0000000000000000000000000000000000000000000000000000000000000000 
	Parameter CVA6Cfg[ExecuteRegionAddrBase][3] bound to: 64'b0000000000000000000000000000000000000000000000000000000000000000 
	Parameter CVA6Cfg[ExecuteRegionAddrBase][2] bound to: 64'b0000000000000000000000000000000010000000000000000000000000000000 
	Parameter CVA6Cfg[ExecuteRegionAddrBase][1] bound to: 64'b0000000000000000000000000000000000000000000000010000000000000000 
	Parameter CVA6Cfg[ExecuteRegionAddrBase][0] bound to: 64'b0000000000000000000000000000000000000000000000000000000000000000 
	Parameter CVA6Cfg[ExecuteRegionLength][15] bound to: 64'b0000000000000000000000000000000000000000000000000000000000000000 
	Parameter CVA6Cfg[ExecuteRegionLength][14] bound to: 64'b0000000000000000000000000000000000000000000000000000000000000000 
	Parameter CVA6Cfg[ExecuteRegionLength][13] bound to: 64'b0000000000000000000000000000000000000000000000000000000000000000 
	Parameter CVA6Cfg[ExecuteRegionLength][12] bound to: 64'b0000000000000000000000000000000000000000000000000000000000000000 
	Parameter CVA6Cfg[ExecuteRegionLength][11] bound to: 64'b0000000000000000000000000000000000000000000000000000000000000000 
	Parameter CVA6Cfg[ExecuteRegionLength][10] bound to: 64'b0000000000000000000000000000000000000000000000000000000000000000 
	Parameter CVA6Cfg[ExecuteRegionLength][9] bound to: 64'b0000000000000000000000000000000000000000000000000000000000000000 
	Parameter CVA6Cfg[ExecuteRegionLength][8] bound to: 64'b0000000000000000000000000000000000000000000000000000000000000000 
	Parameter CVA6Cfg[ExecuteRegionLength][7] bound to: 64'b0000000000000000000000000000000000000000000000000000000000000000 
	Parameter CVA6Cfg[ExecuteRegionLength][6] bound to: 64'b0000000000000000000000000000000000000000000000000000000000000000 
	Parameter CVA6Cfg[ExecuteRegionLength][5] bound to: 64'b0000000000000000000000000000000000000000000000000000000000000000 
	Parameter CVA6Cfg[ExecuteRegionLength][4] bound to: 64'b0000000000000000000000000000000000000000000000000000000000000000 
	Parameter CVA6Cfg[ExecuteRegionLength][3] bound to: 64'b0000000000000000000000000000000000000000000000000000000000000000 
	Parameter CVA6Cfg[ExecuteRegionLength][2] bound to: 64'b0000000000000000000000000000000000000010000000000000000000000000 
	Parameter CVA6Cfg[ExecuteRegionLength][1] bound to: 64'b0000000000000000000000000000000000000000000000010000000000000000 
	Parameter CVA6Cfg[ExecuteRegionLength][0] bound to: 64'b0000000000000000000000000000000000000000000000000001000000000000 
	Parameter CVA6Cfg[NrCachedRegionRules] bound to: 32'b00000000000000000000000000000001 
	Parameter CVA6Cfg[CachedRegionAddrBase][15] bound to: 64'b0000000000000000000000000000000000000000000000000000000000000000 
	Parameter CVA6Cfg[CachedRegionAddrBase][14] bound to: 64'b0000000000000000000000000000000000000000000000000000000000000000 
	Parameter CVA6Cfg[CachedRegionAddrBase][13] bound to: 64'b0000000000000000000000000000000000000000000000000000000000000000 
	Parameter CVA6Cfg[CachedRegionAddrBase][12] bound to: 64'b0000000000000000000000000000000000000000000000000000000000000000 
	Parameter CVA6Cfg[CachedRegionAddrBase][11] bound to: 64'b0000000000000000000000000000000000000000000000000000000000000000 
	Parameter CVA6Cfg[CachedRegionAddrBase][10] bound to: 64'b0000000000000000000000000000000000000000000000000000000000000000 
	Parameter CVA6Cfg[CachedRegionAddrBase][9] bound to: 64'b0000000000000000000000000000000000000000000000000000000000000000 
	Parameter CVA6Cfg[CachedRegionAddrBase][8] bound to: 64'b0000000000000000000000000000000000000000000000000000000000000000 
	Parameter CVA6Cfg[CachedRegionAddrBase][7] bound to: 64'b0000000000000000000000000000000000000000000000000000000000000000 
	Parameter CVA6Cfg[CachedRegionAddrBase][6] bound to: 64'b0000000000000000000000000000000000000000000000000000000000000000 
	Parameter CVA6Cfg[CachedRegionAddrBase][5] bound to: 64'b0000000000000000000000000000000000000000000000000000000000000000 
	Parameter CVA6Cfg[CachedRegionAddrBase][4] bound to: 64'b0000000000000000000000000000000000000000000000000000000000000000 
	Parameter CVA6Cfg[CachedRegionAddrBase][3] bound to: 64'b0000000000000000000000000000000000000000000000000000000000000000 
	Parameter CVA6Cfg[CachedRegionAddrBase][2] bound to: 64'b0000000000000000000000000000000000000000000000000000000000000000 
	Parameter CVA6Cfg[CachedRegionAddrBase][1] bound to: 64'b0000000000000000000000000000000000000000000000000000000000000000 
	Parameter CVA6Cfg[CachedRegionAddrBase][0] bound to: 64'b0000000000000000000000000000000010000000000000000000000000000000 
	Parameter CVA6Cfg[CachedRegionLength][15] bound to: 64'b0000000000000000000000000000000000000000000000000000000000000000 
	Parameter CVA6Cfg[CachedRegionLength][14] bound to: 64'b0000000000000000000000000000000000000000000000000000000000000000 
	Parameter CVA6Cfg[CachedRegionLength][13] bound to: 64'b0000000000000000000000000000000000000000000000000000000000000000 
	Parameter CVA6Cfg[CachedRegionLength][12] bound to: 64'b0000000000000000000000000000000000000000000000000000000000000000 
	Parameter CVA6Cfg[CachedRegionLength][11] bound to: 64'b0000000000000000000000000000000000000000000000000000000000000000 
	Parameter CVA6Cfg[CachedRegionLength][10] bound to: 64'b0000000000000000000000000000000000000000000000000000000000000000 
	Parameter CVA6Cfg[CachedRegionLength][9] bound to: 64'b0000000000000000000000000000000000000000000000000000000000000000 
	Parameter CVA6Cfg[CachedRegionLength][8] bound to: 64'b0000000000000000000000000000000000000000000000000000000000000000 
	Parameter CVA6Cfg[CachedRegionLength][7] bound to: 64'b0000000000000000000000000000000000000000000000000000000000000000 
	Parameter CVA6Cfg[CachedRegionLength][6] bound to: 64'b0000000000000000000000000000000000000000000000000000000000000000 
	Parameter CVA6Cfg[CachedRegionLength][5] bound to: 64'b0000000000000000000000000000000000000000000000000000000000000000 
	Parameter CVA6Cfg[CachedRegionLength][4] bound to: 64'b0000000000000000000000000000000000000000000000000000000000000000 
	Parameter CVA6Cfg[CachedRegionLength][3] bound to: 64'b0000000000000000000000000000000000000000000000000000000000000000 
	Parameter CVA6Cfg[CachedRegionLength][2] bound to: 64'b0000000000000000000000000000000000000000000000000000000000000000 
	Parameter CVA6Cfg[CachedRegionLength][1] bound to: 64'b0000000000000000000000000000000000000000000000000000000000000000 
	Parameter CVA6Cfg[CachedRegionLength][0] bound to: 64'b0000000000000000000000000000000000000010000000000000000000000000 
	Parameter CVA6Cfg[MaxOutstandingStores] bound to: 32'b00000000000000000000000000000111 
	Parameter CVA6Cfg[DebugEn] bound to: 1'b0 
	Parameter CVA6Cfg[NonIdemPotenceEn] bound to: 1'b1 
	Parameter CVA6Cfg[AxiBurstWriteEn] bound to: 1'b1 
	Parameter CVA6Cfg[ICACHE_SET_ASSOC] bound to: 32'b00000000000000000000000000000100 
	Parameter CVA6Cfg[ICACHE_SET_ASSOC_WIDTH] bound to: 32'b00000000000000000000000000000010 
	Parameter CVA6Cfg[ICACHE_INDEX_WIDTH] bound to: 32'b00000000000000000000000000001010 
	Parameter CVA6Cfg[ICACHE_TAG_WIDTH] bound to: 32'b00000000000000000000000000011000 
	Parameter CVA6Cfg[ICACHE_LINE_WIDTH] bound to: 32'b00000000000000000000000010000000 
	Parameter CVA6Cfg[ICACHE_USER_LINE_WIDTH] bound to: 32'b00000000000000000000000000000100 
	Parameter CVA6Cfg[DCacheType] bound to: 3'b001 
	Parameter CVA6Cfg[DcacheIdWidth] bound to: 32'b00000000000000000000000000000001 
	Parameter CVA6Cfg[DCACHE_SET_ASSOC] bound to: 32'b00000000000000000000000000000100 
	Parameter CVA6Cfg[DCACHE_SET_ASSOC_WIDTH] bound to: 32'b00000000000000000000000000000010 
	Parameter CVA6Cfg[DCACHE_INDEX_WIDTH] bound to: 32'b00000000000000000000000000001011 
	Parameter CVA6Cfg[DCACHE_TAG_WIDTH] bound to: 32'b00000000000000000000000000010111 
	Parameter CVA6Cfg[DCACHE_LINE_WIDTH] bound to: 32'b00000000000000000000000100000000 
	Parameter CVA6Cfg[DCACHE_USER_LINE_WIDTH] bound to: 32'b00000000000000000000000000000100 
	Parameter CVA6Cfg[DCACHE_USER_WIDTH] bound to: 32'b00000000000000000000000000000001 
	Parameter CVA6Cfg[DCACHE_OFFSET_WIDTH] bound to: 32'b00000000000000000000000000000101 
	Parameter CVA6Cfg[DCACHE_NUM_WORDS] bound to: 32'b00000000000000000000000001000000 
	Parameter CVA6Cfg[DCACHE_MAX_TX] bound to: 32'b00000000000000000000000000000100 
	Parameter CVA6Cfg[DcacheFlushOnFence] bound to: 1'b0 
	Parameter CVA6Cfg[DcacheInvalidateOnFlush] bound to: 1'b0 
	Parameter CVA6Cfg[DATA_USER_EN] bound to: 32'b00000000000000000000000000000000 
	Parameter CVA6Cfg[WtDcacheWbufDepth] bound to: 32'b00000000000000000000000000001000 
	Parameter CVA6Cfg[FETCH_USER_WIDTH] bound to: 32'b00000000000000000000000000100000 
	Parameter CVA6Cfg[FETCH_USER_EN] bound to: 32'b00000000000000000000000000000000 
	Parameter CVA6Cfg[AXI_USER_EN] bound to: 1'b0 
	Parameter CVA6Cfg[FETCH_WIDTH] bound to: 32'b00000000000000000000000000100000 
	Parameter CVA6Cfg[FETCH_ALIGN_BITS] bound to: 32'b00000000000000000000000000000010 
	Parameter CVA6Cfg[INSTR_PER_FETCH] bound to: 32'b00000000000000000000000000000010 
	Parameter CVA6Cfg[LOG2_INSTR_PER_FETCH] bound to: 32'b00000000000000000000000000000001 
	Parameter CVA6Cfg[ModeW] bound to: 32'b00000000000000000000000000000001 
	Parameter CVA6Cfg[ASIDW] bound to: 32'b00000000000000000000000000001001 
	Parameter CVA6Cfg[VMIDW] bound to: 32'b00000000000000000000000000000111 
	Parameter CVA6Cfg[PPNW] bound to: 32'b00000000000000000000000000010110 
	Parameter CVA6Cfg[GPPNW] bound to: 32'b00000000000000000000000000010110 
	Parameter CVA6Cfg[MODE_SV] bound to: 4'b0001 
	Parameter CVA6Cfg[SV] bound to: 32'b00000000000000000000000000100000 
	Parameter CVA6Cfg[SVX] bound to: 32'b00000000000000000000000000100010 
	Parameter CVA6Cfg[X_NUM_RS] bound to: 32'b00000000000000000000000000000010 
	Parameter CVA6Cfg[X_ID_WIDTH] bound to: 32'b00000000000000000000000000000011 
	Parameter CVA6Cfg[X_RFR_WIDTH] bound to: 32'b00000000000000000000000000100000 
	Parameter CVA6Cfg[X_RFW_WIDTH] bound to: 32'b00000000000000000000000000100000 
	Parameter CVA6Cfg[X_NUM_HARTS] bound to: 32'b00000000000000000000000000000001 
	Parameter CVA6Cfg[X_HARTID_WIDTH] bound to: 32'b00000000000000000000000000100000 
	Parameter CVA6Cfg[X_DUALREAD] bound to: 32'b00000000000000000000000000000000 
	Parameter CVA6Cfg[X_DUALWRITE] bound to: 32'b00000000000000000000000000000000 
	Parameter CVA6Cfg[X_ISSUE_REGISTER_SPLIT] bound to: 32'b00000000000000000000000000000000 
	Parameter DCACHE_CL_IDX_WIDTH bound to: 6 - type: integer 
INFO: [Synth 8-294] found qualifier unique on case statement: implementing as parallel_case [/home/alex/Isolde/MatrixAcceleratorDemo/src/ips/ariane/core/include/wt_cache_pkg.sv:146]
INFO: [Synth 8-294] found qualifier unique on case statement: implementing as parallel_case [/home/alex/Isolde/MatrixAcceleratorDemo/src/ips/ariane/core/cache_subsystem/wt_dcache_wbuffer.sv:155]
INFO: [Synth 8-294] found qualifier unique on case statement: implementing as parallel_case [/home/alex/Isolde/MatrixAcceleratorDemo/src/ips/ariane/core/cache_subsystem/wt_dcache_wbuffer.sv:129]
INFO: [Synth 8-6157] synthesizing module 'cva6_fifo_v3' [/home/alex/Isolde/MatrixAcceleratorDemo/src/ips/ariane/core/cva6_fifo_v3.sv:16]
	Parameter FALL_THROUGH bound to: 1'b0 
	Parameter DATA_WIDTH bound to: 32'b00000000000000000000000000000010 
	Parameter DEPTH bound to: 32'b00000000000000000000000000000100 
	Parameter FPGA_EN bound to: 1'b1 
INFO: [Synth 8-6157] synthesizing module 'AsyncDpRam' [/home/alex/Isolde/MatrixAcceleratorDemo/src/ips/ariane/vendor/pulp-platform/fpga-support/rtl/AsyncDpRam.sv:21]
	Parameter ADDR_WIDTH bound to: 2 - type: integer 
	Parameter DATA_DEPTH bound to: 4 - type: integer 
	Parameter DATA_WIDTH bound to: 2 - type: integer 
INFO: [Synth 8-6155] done synthesizing module 'AsyncDpRam' (0#1) [/home/alex/Isolde/MatrixAcceleratorDemo/src/ips/ariane/vendor/pulp-platform/fpga-support/rtl/AsyncDpRam.sv:21]
INFO: [Synth 8-6155] done synthesizing module 'cva6_fifo_v3' (0#1) [/home/alex/Isolde/MatrixAcceleratorDemo/src/ips/ariane/core/cva6_fifo_v3.sv:16]
INFO: [Synth 8-6157] synthesizing module 'rr_arb_tree' [/home/alex/Isolde/MatrixAcceleratorDemo/src/ips/common_cells/src/rr_arb_tree.sv:49]
	Parameter NumIn bound to: 32'b00000000000000000000000000000100 
	Parameter DataWidth bound to: 32'b00000000000000000000000000000001 
	Parameter LockIn bound to: 1'b1 
INFO: [Synth 8-6155] done synthesizing module 'rr_arb_tree' (0#1) [/home/alex/Isolde/MatrixAcceleratorDemo/src/ips/common_cells/src/rr_arb_tree.sv:49]
INFO: [Synth 8-6157] synthesizing module 'lzc__parameterized0' [/home/alex/Isolde/MatrixAcceleratorDemo/src/ips/common_cells/src/lzc.sv:17]
	Parameter WIDTH bound to: 32'b00000000000000000000000000001000 
INFO: [Synth 8-6155] done synthesizing module 'lzc__parameterized0' (0#1) [/home/alex/Isolde/MatrixAcceleratorDemo/src/ips/common_cells/src/lzc.sv:17]
INFO: [Synth 8-6157] synthesizing module 'rr_arb_tree__parameterized0' [/home/alex/Isolde/MatrixAcceleratorDemo/src/ips/common_cells/src/rr_arb_tree.sv:49]
	Parameter NumIn bound to: 32'b00000000000000000000000000001000 
	Parameter LockIn bound to: 1'b1 
INFO: [Synth 8-6155] done synthesizing module 'rr_arb_tree__parameterized0' (0#1) [/home/alex/Isolde/MatrixAcceleratorDemo/src/ips/common_cells/src/rr_arb_tree.sv:49]
INFO: [Synth 8-6157] synthesizing module 'rr_arb_tree__parameterized1' [/home/alex/Isolde/MatrixAcceleratorDemo/src/ips/common_cells/src/rr_arb_tree.sv:49]
	Parameter NumIn bound to: 32'b00000000000000000000000000001000 
INFO: [Synth 8-6155] done synthesizing module 'rr_arb_tree__parameterized1' (0#1) [/home/alex/Isolde/MatrixAcceleratorDemo/src/ips/common_cells/src/rr_arb_tree.sv:49]
INFO: [Synth 8-6155] done synthesizing module 'wt_dcache_wbuffer' (0#1) [/home/alex/Isolde/MatrixAcceleratorDemo/src/ips/ariane/core/cache_subsystem/wt_dcache_wbuffer.sv:52]
INFO: [Synth 8-6157] synthesizing module 'wt_dcache_mem' [/home/alex/Isolde/MatrixAcceleratorDemo/src/ips/ariane/core/cache_subsystem/wt_dcache_mem.sv:29]
	Parameter CVA6Cfg[XLEN] bound to: 32'b00000000000000000000000000100000 
	Parameter CVA6Cfg[VLEN] bound to: 32'b00000000000000000000000000100000 
	Parameter CVA6Cfg[PLEN] bound to: 32'b00000000000000000000000000100010 
	Parameter CVA6Cfg[GPLEN] bound to: 32'b00000000000000000000000000100010 
	Parameter CVA6Cfg[IS_XLEN32] bound to: 1'b1 
	Parameter CVA6Cfg[IS_XLEN64] bound to: 1'b0 
	Parameter CVA6Cfg[XLEN_ALIGN_BYTES] bound to: 32'b00000000000000000000000000000010 
	Parameter CVA6Cfg[ASID_WIDTH] bound to: 32'b00000000000000000000000000000001 
	Parameter CVA6Cfg[VMID_WIDTH] bound to: 32'b00000000000000000000000000000001 
	Parameter CVA6Cfg[FpgaEn] bound to: 1'b1 
	Parameter CVA6Cfg[FpgaAlteraEn] bound to: 1'b0 
	Parameter CVA6Cfg[TechnoCut] bound to: 1'b0 
	Parameter CVA6Cfg[SuperscalarEn] bound to: 1'b0 
	Parameter CVA6Cfg[NrCommitPorts] bound to: 32'b00000000000000000000000000000010 
	Parameter CVA6Cfg[NrIssuePorts] bound to: 32'b00000000000000000000000000000001 
	Parameter CVA6Cfg[SpeculativeSb] bound to: 1'b0 
	Parameter CVA6Cfg[NrLoadPipeRegs] bound to: 32'b00000000000000000000000000000001 
	Parameter CVA6Cfg[NrStorePipeRegs] bound to: 32'b00000000000000000000000000000000 
	Parameter CVA6Cfg[AxiAddrWidth] bound to: 32'b00000000000000000000000001000000 
	Parameter CVA6Cfg[AxiDataWidth] bound to: 32'b00000000000000000000000001000000 
	Parameter CVA6Cfg[AxiIdWidth] bound to: 32'b00000000000000000000000000000100 
	Parameter CVA6Cfg[AxiUserWidth] bound to: 32'b00000000000000000000000000000001 
	Parameter CVA6Cfg[MEM_TID_WIDTH] bound to: 32'b00000000000000000000000000000010 
	Parameter CVA6Cfg[NrLoadBufEntries] bound to: 32'b00000000000000000000000000000010 
	Parameter CVA6Cfg[RVF] bound to: 1'b0 
	Parameter CVA6Cfg[RVD] bound to: 1'b0 
	Parameter CVA6Cfg[XF16] bound to: 1'b0 
	Parameter CVA6Cfg[XF16ALT] bound to: 1'b0 
	Parameter CVA6Cfg[XF8] bound to: 1'b0 
	Parameter CVA6Cfg[RVA] bound to: 1'b0 
	Parameter CVA6Cfg[RVB] bound to: 1'b0 
	Parameter CVA6Cfg[ZKN] bound to: 1'b0 
	Parameter CVA6Cfg[RVV] bound to: 1'b0 
	Parameter CVA6Cfg[RVC] bound to: 1'b1 
	Parameter CVA6Cfg[RVH] bound to: 1'b0 
	Parameter CVA6Cfg[RVZCB] bound to: 1'b0 
	Parameter CVA6Cfg[RVZCMP] bound to: 1'b0 
	Parameter CVA6Cfg[RVZCMT] bound to: 1'b0 
	Parameter CVA6Cfg[XFVec] bound to: 1'b0 
	Parameter CVA6Cfg[CvxifEn] bound to: 1'b1 
	Parameter CVA6Cfg[CoproType] bound to: 32'sb00000000000000000000000000000000 
	Parameter CVA6Cfg[RVZiCond] bound to: 1'b0 
	Parameter CVA6Cfg[RVZicntr] bound to: 1'b1 
	Parameter CVA6Cfg[RVZihpm] bound to: 1'b1 
	Parameter CVA6Cfg[NR_SB_ENTRIES] bound to: 32'b00000000000000000000000000001000 
	Parameter CVA6Cfg[TRANS_ID_BITS] bound to: 32'b00000000000000000000000000000011 
	Parameter CVA6Cfg[FpPresent] bound to: 1'b0 
	Parameter CVA6Cfg[NSX] bound to: 1'b0 
	Parameter CVA6Cfg[FLen] bound to: 32'b00000000000000000000000000000001 
	Parameter CVA6Cfg[RVFVec] bound to: 1'b0 
	Parameter CVA6Cfg[XF16Vec] bound to: 1'b0 
	Parameter CVA6Cfg[XF16ALTVec] bound to: 1'b0 
	Parameter CVA6Cfg[XF8Vec] bound to: 1'b0 
	Parameter CVA6Cfg[NrRgprPorts] bound to: 32'b00000000000000000000000000000010 
	Parameter CVA6Cfg[NrWbPorts] bound to: 32'b00000000000000000000000000000101 
	Parameter CVA6Cfg[EnableAccelerator] bound to: 1'b0 
	Parameter CVA6Cfg[PerfCounterEn] bound to: 1'b1 
	Parameter CVA6Cfg[MmuPresent] bound to: 1'b0 
	Parameter CVA6Cfg[RVS] bound to: 1'b1 
	Parameter CVA6Cfg[RVU] bound to: 1'b1 
	Parameter CVA6Cfg[SoftwareInterruptEn] bound to: 1'b1 
	Parameter CVA6Cfg[HaltAddress] bound to: 64'b0000000000000000000000000000000000000000000000000000100000000000 
	Parameter CVA6Cfg[ExceptionAddress] bound to: 64'b0000000000000000000000000000000000000000000000000000100000001000 
	Parameter CVA6Cfg[RASDepth] bound to: 32'b00000000000000000000000000000010 
	Parameter CVA6Cfg[BTBEntries] bound to: 32'b00000000000000000000000000100000 
	Parameter CVA6Cfg[BPType] bound to: 1'b0 
	Parameter CVA6Cfg[BHTEntries] bound to: 32'b00000000000000000000000010000000 
	Parameter CVA6Cfg[BHTHist] bound to: 32'b00000000000000000000000000000011 
	Parameter CVA6Cfg[InstrTlbEntries] bound to: 32'b00000000000000000000000000000010 
	Parameter CVA6Cfg[DataTlbEntries] bound to: 32'b00000000000000000000000000000010 
	Parameter CVA6Cfg[UseSharedTlb] bound to: 1'b1 
	Parameter CVA6Cfg[SharedTlbDepth] bound to: 32'b00000000000000000000000001000000 
	Parameter CVA6Cfg[VpnLen] bound to: 32'b00000000000000000000000000010100 
	Parameter CVA6Cfg[PtLevels] bound to: 32'b00000000000000000000000000000010 
	Parameter CVA6Cfg[DmBaseAddress] bound to: 64'b0000000000000000000000000000000000000000000000000000000000000000 
	Parameter CVA6Cfg[TvalEn] bound to: 1'b1 
	Parameter CVA6Cfg[DirectVecOnly] bound to: 1'b0 
	Parameter CVA6Cfg[NrPMPEntries] bound to: 32'b00000000000000000000000000000000 
	Parameter CVA6Cfg[PMPCfgRstVal][63] bound to: 64'b0000000000000000000000000000000000000000000000000000000000000000 
	Parameter CVA6Cfg[PMPCfgRstVal][62] bound to: 64'b0000000000000000000000000000000000000000000000000000000000000000 
	Parameter CVA6Cfg[PMPCfgRstVal][61] bound to: 64'b0000000000000000000000000000000000000000000000000000000000000000 
	Parameter CVA6Cfg[PMPCfgRstVal][60] bound to: 64'b0000000000000000000000000000000000000000000000000000000000000000 
	Parameter CVA6Cfg[PMPCfgRstVal][59] bound to: 64'b0000000000000000000000000000000000000000000000000000000000000000 
	Parameter CVA6Cfg[PMPCfgRstVal][58] bound to: 64'b0000000000000000000000000000000000000000000000000000000000000000 
	Parameter CVA6Cfg[PMPCfgRstVal][57] bound to: 64'b0000000000000000000000000000000000000000000000000000000000000000 
	Parameter CVA6Cfg[PMPCfgRstVal][56] bound to: 64'b0000000000000000000000000000000000000000000000000000000000000000 
	Parameter CVA6Cfg[PMPCfgRstVal][55] bound to: 64'b0000000000000000000000000000000000000000000000000000000000000000 
	Parameter CVA6Cfg[PMPCfgRstVal][54] bound to: 64'b0000000000000000000000000000000000000000000000000000000000000000 
	Parameter CVA6Cfg[PMPCfgRstVal][53] bound to: 64'b0000000000000000000000000000000000000000000000000000000000000000 
	Parameter CVA6Cfg[PMPCfgRstVal][52] bound to: 64'b0000000000000000000000000000000000000000000000000000000000000000 
	Parameter CVA6Cfg[PMPCfgRstVal][51] bound to: 64'b0000000000000000000000000000000000000000000000000000000000000000 
	Parameter CVA6Cfg[PMPCfgRstVal][50] bound to: 64'b0000000000000000000000000000000000000000000000000000000000000000 
	Parameter CVA6Cfg[PMPCfgRstVal][49] bound to: 64'b0000000000000000000000000000000000000000000000000000000000000000 
	Parameter CVA6Cfg[PMPCfgRstVal][48] bound to: 64'b0000000000000000000000000000000000000000000000000000000000000000 
	Parameter CVA6Cfg[PMPCfgRstVal][47] bound to: 64'b0000000000000000000000000000000000000000000000000000000000000000 
	Parameter CVA6Cfg[PMPCfgRstVal][46] bound to: 64'b0000000000000000000000000000000000000000000000000000000000000000 
	Parameter CVA6Cfg[PMPCfgRstVal][45] bound to: 64'b0000000000000000000000000000000000000000000000000000000000000000 
	Parameter CVA6Cfg[PMPCfgRstVal][44] bound to: 64'b0000000000000000000000000000000000000000000000000000000000000000 
	Parameter CVA6Cfg[PMPCfgRstVal][43] bound to: 64'b0000000000000000000000000000000000000000000000000000000000000000 
	Parameter CVA6Cfg[PMPCfgRstVal][42] bound to: 64'b0000000000000000000000000000000000000000000000000000000000000000 
	Parameter CVA6Cfg[PMPCfgRstVal][41] bound to: 64'b0000000000000000000000000000000000000000000000000000000000000000 
	Parameter CVA6Cfg[PMPCfgRstVal][40] bound to: 64'b0000000000000000000000000000000000000000000000000000000000000000 
	Parameter CVA6Cfg[PMPCfgRstVal][39] bound to: 64'b0000000000000000000000000000000000000000000000000000000000000000 
	Parameter CVA6Cfg[PMPCfgRstVal][38] bound to: 64'b0000000000000000000000000000000000000000000000000000000000000000 
	Parameter CVA6Cfg[PMPCfgRstVal][37] bound to: 64'b0000000000000000000000000000000000000000000000000000000000000000 
	Parameter CVA6Cfg[PMPCfgRstVal][36] bound to: 64'b0000000000000000000000000000000000000000000000000000000000000000 
	Parameter CVA6Cfg[PMPCfgRstVal][35] bound to: 64'b0000000000000000000000000000000000000000000000000000000000000000 
	Parameter CVA6Cfg[PMPCfgRstVal][34] bound to: 64'b0000000000000000000000000000000000000000000000000000000000000000 
	Parameter CVA6Cfg[PMPCfgRstVal][33] bound to: 64'b0000000000000000000000000000000000000000000000000000000000000000 
	Parameter CVA6Cfg[PMPCfgRstVal][32] bound to: 64'b0000000000000000000000000000000000000000000000000000000000000000 
	Parameter CVA6Cfg[PMPCfgRstVal][31] bound to: 64'b0000000000000000000000000000000000000000000000000000000000000000 
	Parameter CVA6Cfg[PMPCfgRstVal][30] bound to: 64'b0000000000000000000000000000000000000000000000000000000000000000 
	Parameter CVA6Cfg[PMPCfgRstVal][29] bound to: 64'b0000000000000000000000000000000000000000000000000000000000000000 
	Parameter CVA6Cfg[PMPCfgRstVal][28] bound to: 64'b0000000000000000000000000000000000000000000000000000000000000000 
	Parameter CVA6Cfg[PMPCfgRstVal][27] bound to: 64'b0000000000000000000000000000000000000000000000000000000000000000 
	Parameter CVA6Cfg[PMPCfgRstVal][26] bound to: 64'b0000000000000000000000000000000000000000000000000000000000000000 
	Parameter CVA6Cfg[PMPCfgRstVal][25] bound to: 64'b0000000000000000000000000000000000000000000000000000000000000000 
	Parameter CVA6Cfg[PMPCfgRstVal][24] bound to: 64'b0000000000000000000000000000000000000000000000000000000000000000 
	Parameter CVA6Cfg[PMPCfgRstVal][23] bound to: 64'b0000000000000000000000000000000000000000000000000000000000000000 
	Parameter CVA6Cfg[PMPCfgRstVal][22] bound to: 64'b0000000000000000000000000000000000000000000000000000000000000000 
	Parameter CVA6Cfg[PMPCfgRstVal][21] bound to: 64'b0000000000000000000000000000000000000000000000000000000000000000 
	Parameter CVA6Cfg[PMPCfgRstVal][20] bound to: 64'b0000000000000000000000000000000000000000000000000000000000000000 
	Parameter CVA6Cfg[PMPCfgRstVal][19] bound to: 64'b0000000000000000000000000000000000000000000000000000000000000000 
	Parameter CVA6Cfg[PMPCfgRstVal][18] bound to: 64'b0000000000000000000000000000000000000000000000000000000000000000 
	Parameter CVA6Cfg[PMPCfgRstVal][17] bound to: 64'b0000000000000000000000000000000000000000000000000000000000000000 
	Parameter CVA6Cfg[PMPCfgRstVal][16] bound to: 64'b0000000000000000000000000000000000000000000000000000000000000000 
	Parameter CVA6Cfg[PMPCfgRstVal][15] bound to: 64'b0000000000000000000000000000000000000000000000000000000000000000 
	Parameter CVA6Cfg[PMPCfgRstVal][14] bound to: 64'b0000000000000000000000000000000000000000000000000000000000000000 
	Parameter CVA6Cfg[PMPCfgRstVal][13] bound to: 64'b0000000000000000000000000000000000000000000000000000000000000000 
	Parameter CVA6Cfg[PMPCfgRstVal][12] bound to: 64'b0000000000000000000000000000000000000000000000000000000000000000 
	Parameter CVA6Cfg[PMPCfgRstVal][11] bound to: 64'b0000000000000000000000000000000000000000000000000000000000000000 
	Parameter CVA6Cfg[PMPCfgRstVal][10] bound to: 64'b0000000000000000000000000000000000000000000000000000000000000000 
	Parameter CVA6Cfg[PMPCfgRstVal][9] bound to: 64'b0000000000000000000000000000000000000000000000000000000000000000 
	Parameter CVA6Cfg[PMPCfgRstVal][8] bound to: 64'b0000000000000000000000000000000000000000000000000000000000000000 
	Parameter CVA6Cfg[PMPCfgRstVal][7] bound to: 64'b0000000000000000000000000000000000000000000000000000000000000000 
	Parameter CVA6Cfg[PMPCfgRstVal][6] bound to: 64'b0000000000000000000000000000000000000000000000000000000000000000 
	Parameter CVA6Cfg[PMPCfgRstVal][5] bound to: 64'b0000000000000000000000000000000000000000000000000000000000000000 
	Parameter CVA6Cfg[PMPCfgRstVal][4] bound to: 64'b0000000000000000000000000000000000000000000000000000000000000000 
	Parameter CVA6Cfg[PMPCfgRstVal][3] bound to: 64'b0000000000000000000000000000000000000000000000000000000000000000 
	Parameter CVA6Cfg[PMPCfgRstVal][2] bound to: 64'b0000000000000000000000000000000000000000000000000000000000000000 
	Parameter CVA6Cfg[PMPCfgRstVal][1] bound to: 64'b0000000000000000000000000000000000000000000000000000000000000000 
	Parameter CVA6Cfg[PMPCfgRstVal][0] bound to: 64'b0000000000000000000000000000000000000000000000000000000000000000 
	Parameter CVA6Cfg[PMPAddrRstVal][63] bound to: 64'b0000000000000000000000000000000000000000000000000000000000000000 
	Parameter CVA6Cfg[PMPAddrRstVal][62] bound to: 64'b0000000000000000000000000000000000000000000000000000000000000000 
	Parameter CVA6Cfg[PMPAddrRstVal][61] bound to: 64'b0000000000000000000000000000000000000000000000000000000000000000 
	Parameter CVA6Cfg[PMPAddrRstVal][60] bound to: 64'b0000000000000000000000000000000000000000000000000000000000000000 
	Parameter CVA6Cfg[PMPAddrRstVal][59] bound to: 64'b0000000000000000000000000000000000000000000000000000000000000000 
	Parameter CVA6Cfg[PMPAddrRstVal][58] bound to: 64'b0000000000000000000000000000000000000000000000000000000000000000 
	Parameter CVA6Cfg[PMPAddrRstVal][57] bound to: 64'b0000000000000000000000000000000000000000000000000000000000000000 
	Parameter CVA6Cfg[PMPAddrRstVal][56] bound to: 64'b0000000000000000000000000000000000000000000000000000000000000000 
	Parameter CVA6Cfg[PMPAddrRstVal][55] bound to: 64'b0000000000000000000000000000000000000000000000000000000000000000 
	Parameter CVA6Cfg[PMPAddrRstVal][54] bound to: 64'b0000000000000000000000000000000000000000000000000000000000000000 
	Parameter CVA6Cfg[PMPAddrRstVal][53] bound to: 64'b0000000000000000000000000000000000000000000000000000000000000000 
	Parameter CVA6Cfg[PMPAddrRstVal][52] bound to: 64'b0000000000000000000000000000000000000000000000000000000000000000 
	Parameter CVA6Cfg[PMPAddrRstVal][51] bound to: 64'b0000000000000000000000000000000000000000000000000000000000000000 
	Parameter CVA6Cfg[PMPAddrRstVal][50] bound to: 64'b0000000000000000000000000000000000000000000000000000000000000000 
	Parameter CVA6Cfg[PMPAddrRstVal][49] bound to: 64'b0000000000000000000000000000000000000000000000000000000000000000 
	Parameter CVA6Cfg[PMPAddrRstVal][48] bound to: 64'b0000000000000000000000000000000000000000000000000000000000000000 
	Parameter CVA6Cfg[PMPAddrRstVal][47] bound to: 64'b0000000000000000000000000000000000000000000000000000000000000000 
	Parameter CVA6Cfg[PMPAddrRstVal][46] bound to: 64'b0000000000000000000000000000000000000000000000000000000000000000 
	Parameter CVA6Cfg[PMPAddrRstVal][45] bound to: 64'b0000000000000000000000000000000000000000000000000000000000000000 
	Parameter CVA6Cfg[PMPAddrRstVal][44] bound to: 64'b0000000000000000000000000000000000000000000000000000000000000000 
	Parameter CVA6Cfg[PMPAddrRstVal][43] bound to: 64'b0000000000000000000000000000000000000000000000000000000000000000 
	Parameter CVA6Cfg[PMPAddrRstVal][42] bound to: 64'b0000000000000000000000000000000000000000000000000000000000000000 
	Parameter CVA6Cfg[PMPAddrRstVal][41] bound to: 64'b0000000000000000000000000000000000000000000000000000000000000000 
	Parameter CVA6Cfg[PMPAddrRstVal][40] bound to: 64'b0000000000000000000000000000000000000000000000000000000000000000 
	Parameter CVA6Cfg[PMPAddrRstVal][39] bound to: 64'b0000000000000000000000000000000000000000000000000000000000000000 
	Parameter CVA6Cfg[PMPAddrRstVal][38] bound to: 64'b0000000000000000000000000000000000000000000000000000000000000000 
	Parameter CVA6Cfg[PMPAddrRstVal][37] bound to: 64'b0000000000000000000000000000000000000000000000000000000000000000 
	Parameter CVA6Cfg[PMPAddrRstVal][36] bound to: 64'b0000000000000000000000000000000000000000000000000000000000000000 
	Parameter CVA6Cfg[PMPAddrRstVal][35] bound to: 64'b0000000000000000000000000000000000000000000000000000000000000000 
	Parameter CVA6Cfg[PMPAddrRstVal][34] bound to: 64'b0000000000000000000000000000000000000000000000000000000000000000 
	Parameter CVA6Cfg[PMPAddrRstVal][33] bound to: 64'b0000000000000000000000000000000000000000000000000000000000000000 
	Parameter CVA6Cfg[PMPAddrRstVal][32] bound to: 64'b0000000000000000000000000000000000000000000000000000000000000000 
	Parameter CVA6Cfg[PMPAddrRstVal][31] bound to: 64'b0000000000000000000000000000000000000000000000000000000000000000 
	Parameter CVA6Cfg[PMPAddrRstVal][30] bound to: 64'b0000000000000000000000000000000000000000000000000000000000000000 
	Parameter CVA6Cfg[PMPAddrRstVal][29] bound to: 64'b0000000000000000000000000000000000000000000000000000000000000000 
	Parameter CVA6Cfg[PMPAddrRstVal][28] bound to: 64'b0000000000000000000000000000000000000000000000000000000000000000 
	Parameter CVA6Cfg[PMPAddrRstVal][27] bound to: 64'b0000000000000000000000000000000000000000000000000000000000000000 
	Parameter CVA6Cfg[PMPAddrRstVal][26] bound to: 64'b0000000000000000000000000000000000000000000000000000000000000000 
	Parameter CVA6Cfg[PMPAddrRstVal][25] bound to: 64'b0000000000000000000000000000000000000000000000000000000000000000 
	Parameter CVA6Cfg[PMPAddrRstVal][24] bound to: 64'b0000000000000000000000000000000000000000000000000000000000000000 
	Parameter CVA6Cfg[PMPAddrRstVal][23] bound to: 64'b0000000000000000000000000000000000000000000000000000000000000000 
	Parameter CVA6Cfg[PMPAddrRstVal][22] bound to: 64'b0000000000000000000000000000000000000000000000000000000000000000 
	Parameter CVA6Cfg[PMPAddrRstVal][21] bound to: 64'b0000000000000000000000000000000000000000000000000000000000000000 
	Parameter CVA6Cfg[PMPAddrRstVal][20] bound to: 64'b0000000000000000000000000000000000000000000000000000000000000000 
	Parameter CVA6Cfg[PMPAddrRstVal][19] bound to: 64'b0000000000000000000000000000000000000000000000000000000000000000 
	Parameter CVA6Cfg[PMPAddrRstVal][18] bound to: 64'b0000000000000000000000000000000000000000000000000000000000000000 
	Parameter CVA6Cfg[PMPAddrRstVal][17] bound to: 64'b0000000000000000000000000000000000000000000000000000000000000000 
	Parameter CVA6Cfg[PMPAddrRstVal][16] bound to: 64'b0000000000000000000000000000000000000000000000000000000000000000 
	Parameter CVA6Cfg[PMPAddrRstVal][15] bound to: 64'b0000000000000000000000000000000000000000000000000000000000000000 
	Parameter CVA6Cfg[PMPAddrRstVal][14] bound to: 64'b0000000000000000000000000000000000000000000000000000000000000000 
	Parameter CVA6Cfg[PMPAddrRstVal][13] bound to: 64'b0000000000000000000000000000000000000000000000000000000000000000 
	Parameter CVA6Cfg[PMPAddrRstVal][12] bound to: 64'b0000000000000000000000000000000000000000000000000000000000000000 
	Parameter CVA6Cfg[PMPAddrRstVal][11] bound to: 64'b0000000000000000000000000000000000000000000000000000000000000000 
	Parameter CVA6Cfg[PMPAddrRstVal][10] bound to: 64'b0000000000000000000000000000000000000000000000000000000000000000 
	Parameter CVA6Cfg[PMPAddrRstVal][9] bound to: 64'b0000000000000000000000000000000000000000000000000000000000000000 
	Parameter CVA6Cfg[PMPAddrRstVal][8] bound to: 64'b0000000000000000000000000000000000000000000000000000000000000000 
	Parameter CVA6Cfg[PMPAddrRstVal][7] bound to: 64'b0000000000000000000000000000000000000000000000000000000000000000 
	Parameter CVA6Cfg[PMPAddrRstVal][6] bound to: 64'b0000000000000000000000000000000000000000000000000000000000000000 
	Parameter CVA6Cfg[PMPAddrRstVal][5] bound to: 64'b0000000000000000000000000000000000000000000000000000000000000000 
	Parameter CVA6Cfg[PMPAddrRstVal][4] bound to: 64'b0000000000000000000000000000000000000000000000000000000000000000 
	Parameter CVA6Cfg[PMPAddrRstVal][3] bound to: 64'b0000000000000000000000000000000000000000000000000000000000000000 
	Parameter CVA6Cfg[PMPAddrRstVal][2] bound to: 64'b0000000000000000000000000000000000000000000000000000000000000000 
	Parameter CVA6Cfg[PMPAddrRstVal][1] bound to: 64'b0000000000000000000000000000000000000000000000000000000000000000 
	Parameter CVA6Cfg[PMPAddrRstVal][0] bound to: 64'b0000000000000000000000000000000000000000000000000000000000000000 
	Parameter CVA6Cfg[PMPEntryReadOnly] bound to: 64'b0000000000000000000000000000000000000000000000000000000000000000 
	Parameter CVA6Cfg[PMPNapotEn] bound to: 1'b0 
	Parameter CVA6Cfg[NOCType] bound to: 32'sb00000000000000000000000000000000 
	Parameter CVA6Cfg[NrNonIdempotentRules] bound to: 32'b00000000000000000000000000000010 
	Parameter CVA6Cfg[NonIdempotentAddrBase][15] bound to: 64'b0000000000000000000000000000000000000000000000000000000000000000 
	Parameter CVA6Cfg[NonIdempotentAddrBase][14] bound to: 64'b0000000000000000000000000000000000000000000000000000000000000000 
	Parameter CVA6Cfg[NonIdempotentAddrBase][13] bound to: 64'b0000000000000000000000000000000000000000000000000000000000000000 
	Parameter CVA6Cfg[NonIdempotentAddrBase][12] bound to: 64'b0000000000000000000000000000000000000000000000000000000000000000 
	Parameter CVA6Cfg[NonIdempotentAddrBase][11] bound to: 64'b0000000000000000000000000000000000000000000000000000000000000000 
	Parameter CVA6Cfg[NonIdempotentAddrBase][10] bound to: 64'b0000000000000000000000000000000000000000000000000000000000000000 
	Parameter CVA6Cfg[NonIdempotentAddrBase][9] bound to: 64'b0000000000000000000000000000000000000000000000000000000000000000 
	Parameter CVA6Cfg[NonIdempotentAddrBase][8] bound to: 64'b0000000000000000000000000000000000000000000000000000000000000000 
	Parameter CVA6Cfg[NonIdempotentAddrBase][7] bound to: 64'b0000000000000000000000000000000000000000000000000000000000000000 
	Parameter CVA6Cfg[NonIdempotentAddrBase][6] bound to: 64'b0000000000000000000000000000000000000000000000000000000000000000 
	Parameter CVA6Cfg[NonIdempotentAddrBase][5] bound to: 64'b0000000000000000000000000000000000000000000000000000000000000000 
	Parameter CVA6Cfg[NonIdempotentAddrBase][4] bound to: 64'b0000000000000000000000000000000000000000000000000000000000000000 
	Parameter CVA6Cfg[NonIdempotentAddrBase][3] bound to: 64'b0000000000000000000000000000000000000000000000000000000000000000 
	Parameter CVA6Cfg[NonIdempotentAddrBase][2] bound to: 64'b0000000000000000000000000000000000000000000000000000000000000000 
	Parameter CVA6Cfg[NonIdempotentAddrBase][1] bound to: 64'b0000000000000000000000000000000011000000000000000000000000000000 
	Parameter CVA6Cfg[NonIdempotentAddrBase][0] bound to: 64'b0000000000000000000000000000000011010000000000000000000000000000 
	Parameter CVA6Cfg[NonIdempotentLength][15] bound to: 64'b0000000000000000000000000000000000000000000000000000000000000000 
	Parameter CVA6Cfg[NonIdempotentLength][14] bound to: 64'b0000000000000000000000000000000000000000000000000000000000000000 
	Parameter CVA6Cfg[NonIdempotentLength][13] bound to: 64'b0000000000000000000000000000000000000000000000000000000000000000 
	Parameter CVA6Cfg[NonIdempotentLength][12] bound to: 64'b0000000000000000000000000000000000000000000000000000000000000000 
	Parameter CVA6Cfg[NonIdempotentLength][11] bound to: 64'b0000000000000000000000000000000000000000000000000000000000000000 
	Parameter CVA6Cfg[NonIdempotentLength][10] bound to: 64'b0000000000000000000000000000000000000000000000000000000000000000 
	Parameter CVA6Cfg[NonIdempotentLength][9] bound to: 64'b0000000000000000000000000000000000000000000000000000000000000000 
	Parameter CVA6Cfg[NonIdempotentLength][8] bound to: 64'b0000000000000000000000000000000000000000000000000000000000000000 
	Parameter CVA6Cfg[NonIdempotentLength][7] bound to: 64'b0000000000000000000000000000000000000000000000000000000000000000 
	Parameter CVA6Cfg[NonIdempotentLength][6] bound to: 64'b0000000000000000000000000000000000000000000000000000000000000000 
	Parameter CVA6Cfg[NonIdempotentLength][5] bound to: 64'b0000000000000000000000000000000000000000000000000000000000000000 
	Parameter CVA6Cfg[NonIdempotentLength][4] bound to: 64'b0000000000000000000000000000000000000000000000000000000000000000 
	Parameter CVA6Cfg[NonIdempotentLength][3] bound to: 64'b0000000000000000000000000000000000000000000000000000000000000000 
	Parameter CVA6Cfg[NonIdempotentLength][2] bound to: 64'b0000000000000000000000000000000000000000000000000000000000000000 
	Parameter CVA6Cfg[NonIdempotentLength][1] bound to: 64'b0000000000000000000000000000000000000000000000100000000000000000 
	Parameter CVA6Cfg[NonIdempotentLength][0] bound to: 64'b0000000000000000000000000000000000000000000000000000000000010000 
	Parameter CVA6Cfg[NrExecuteRegionRules] bound to: 32'b00000000000000000000000000000011 
	Parameter CVA6Cfg[ExecuteRegionAddrBase][15] bound to: 64'b0000000000000000000000000000000000000000000000000000000000000000 
	Parameter CVA6Cfg[ExecuteRegionAddrBase][14] bound to: 64'b0000000000000000000000000000000000000000000000000000000000000000 
	Parameter CVA6Cfg[ExecuteRegionAddrBase][13] bound to: 64'b0000000000000000000000000000000000000000000000000000000000000000 
	Parameter CVA6Cfg[ExecuteRegionAddrBase][12] bound to: 64'b0000000000000000000000000000000000000000000000000000000000000000 
	Parameter CVA6Cfg[ExecuteRegionAddrBase][11] bound to: 64'b0000000000000000000000000000000000000000000000000000000000000000 
	Parameter CVA6Cfg[ExecuteRegionAddrBase][10] bound to: 64'b0000000000000000000000000000000000000000000000000000000000000000 
	Parameter CVA6Cfg[ExecuteRegionAddrBase][9] bound to: 64'b0000000000000000000000000000000000000000000000000000000000000000 
	Parameter CVA6Cfg[ExecuteRegionAddrBase][8] bound to: 64'b0000000000000000000000000000000000000000000000000000000000000000 
	Parameter CVA6Cfg[ExecuteRegionAddrBase][7] bound to: 64'b0000000000000000000000000000000000000000000000000000000000000000 
	Parameter CVA6Cfg[ExecuteRegionAddrBase][6] bound to: 64'b0000000000000000000000000000000000000000000000000000000000000000 
	Parameter CVA6Cfg[ExecuteRegionAddrBase][5] bound to: 64'b0000000000000000000000000000000000000000000000000000000000000000 
	Parameter CVA6Cfg[ExecuteRegionAddrBase][4] bound to: 64'b0000000000000000000000000000000000000000000000000000000000000000 
	Parameter CVA6Cfg[ExecuteRegionAddrBase][3] bound to: 64'b0000000000000000000000000000000000000000000000000000000000000000 
	Parameter CVA6Cfg[ExecuteRegionAddrBase][2] bound to: 64'b0000000000000000000000000000000010000000000000000000000000000000 
	Parameter CVA6Cfg[ExecuteRegionAddrBase][1] bound to: 64'b0000000000000000000000000000000000000000000000010000000000000000 
	Parameter CVA6Cfg[ExecuteRegionAddrBase][0] bound to: 64'b0000000000000000000000000000000000000000000000000000000000000000 
	Parameter CVA6Cfg[ExecuteRegionLength][15] bound to: 64'b0000000000000000000000000000000000000000000000000000000000000000 
	Parameter CVA6Cfg[ExecuteRegionLength][14] bound to: 64'b0000000000000000000000000000000000000000000000000000000000000000 
	Parameter CVA6Cfg[ExecuteRegionLength][13] bound to: 64'b0000000000000000000000000000000000000000000000000000000000000000 
	Parameter CVA6Cfg[ExecuteRegionLength][12] bound to: 64'b0000000000000000000000000000000000000000000000000000000000000000 
	Parameter CVA6Cfg[ExecuteRegionLength][11] bound to: 64'b0000000000000000000000000000000000000000000000000000000000000000 
	Parameter CVA6Cfg[ExecuteRegionLength][10] bound to: 64'b0000000000000000000000000000000000000000000000000000000000000000 
	Parameter CVA6Cfg[ExecuteRegionLength][9] bound to: 64'b0000000000000000000000000000000000000000000000000000000000000000 
	Parameter CVA6Cfg[ExecuteRegionLength][8] bound to: 64'b0000000000000000000000000000000000000000000000000000000000000000 
	Parameter CVA6Cfg[ExecuteRegionLength][7] bound to: 64'b0000000000000000000000000000000000000000000000000000000000000000 
	Parameter CVA6Cfg[ExecuteRegionLength][6] bound to: 64'b0000000000000000000000000000000000000000000000000000000000000000 
	Parameter CVA6Cfg[ExecuteRegionLength][5] bound to: 64'b0000000000000000000000000000000000000000000000000000000000000000 
	Parameter CVA6Cfg[ExecuteRegionLength][4] bound to: 64'b0000000000000000000000000000000000000000000000000000000000000000 
	Parameter CVA6Cfg[ExecuteRegionLength][3] bound to: 64'b0000000000000000000000000000000000000000000000000000000000000000 
	Parameter CVA6Cfg[ExecuteRegionLength][2] bound to: 64'b0000000000000000000000000000000000000010000000000000000000000000 
	Parameter CVA6Cfg[ExecuteRegionLength][1] bound to: 64'b0000000000000000000000000000000000000000000000010000000000000000 
	Parameter CVA6Cfg[ExecuteRegionLength][0] bound to: 64'b0000000000000000000000000000000000000000000000000001000000000000 
	Parameter CVA6Cfg[NrCachedRegionRules] bound to: 32'b00000000000000000000000000000001 
	Parameter CVA6Cfg[CachedRegionAddrBase][15] bound to: 64'b0000000000000000000000000000000000000000000000000000000000000000 
	Parameter CVA6Cfg[CachedRegionAddrBase][14] bound to: 64'b0000000000000000000000000000000000000000000000000000000000000000 
	Parameter CVA6Cfg[CachedRegionAddrBase][13] bound to: 64'b0000000000000000000000000000000000000000000000000000000000000000 
	Parameter CVA6Cfg[CachedRegionAddrBase][12] bound to: 64'b0000000000000000000000000000000000000000000000000000000000000000 
	Parameter CVA6Cfg[CachedRegionAddrBase][11] bound to: 64'b0000000000000000000000000000000000000000000000000000000000000000 
	Parameter CVA6Cfg[CachedRegionAddrBase][10] bound to: 64'b0000000000000000000000000000000000000000000000000000000000000000 
	Parameter CVA6Cfg[CachedRegionAddrBase][9] bound to: 64'b0000000000000000000000000000000000000000000000000000000000000000 
	Parameter CVA6Cfg[CachedRegionAddrBase][8] bound to: 64'b0000000000000000000000000000000000000000000000000000000000000000 
	Parameter CVA6Cfg[CachedRegionAddrBase][7] bound to: 64'b0000000000000000000000000000000000000000000000000000000000000000 
	Parameter CVA6Cfg[CachedRegionAddrBase][6] bound to: 64'b0000000000000000000000000000000000000000000000000000000000000000 
	Parameter CVA6Cfg[CachedRegionAddrBase][5] bound to: 64'b0000000000000000000000000000000000000000000000000000000000000000 
	Parameter CVA6Cfg[CachedRegionAddrBase][4] bound to: 64'b0000000000000000000000000000000000000000000000000000000000000000 
	Parameter CVA6Cfg[CachedRegionAddrBase][3] bound to: 64'b0000000000000000000000000000000000000000000000000000000000000000 
	Parameter CVA6Cfg[CachedRegionAddrBase][2] bound to: 64'b0000000000000000000000000000000000000000000000000000000000000000 
	Parameter CVA6Cfg[CachedRegionAddrBase][1] bound to: 64'b0000000000000000000000000000000000000000000000000000000000000000 
	Parameter CVA6Cfg[CachedRegionAddrBase][0] bound to: 64'b0000000000000000000000000000000010000000000000000000000000000000 
	Parameter CVA6Cfg[CachedRegionLength][15] bound to: 64'b0000000000000000000000000000000000000000000000000000000000000000 
	Parameter CVA6Cfg[CachedRegionLength][14] bound to: 64'b0000000000000000000000000000000000000000000000000000000000000000 
	Parameter CVA6Cfg[CachedRegionLength][13] bound to: 64'b0000000000000000000000000000000000000000000000000000000000000000 
	Parameter CVA6Cfg[CachedRegionLength][12] bound to: 64'b0000000000000000000000000000000000000000000000000000000000000000 
	Parameter CVA6Cfg[CachedRegionLength][11] bound to: 64'b0000000000000000000000000000000000000000000000000000000000000000 
	Parameter CVA6Cfg[CachedRegionLength][10] bound to: 64'b0000000000000000000000000000000000000000000000000000000000000000 
	Parameter CVA6Cfg[CachedRegionLength][9] bound to: 64'b0000000000000000000000000000000000000000000000000000000000000000 
	Parameter CVA6Cfg[CachedRegionLength][8] bound to: 64'b0000000000000000000000000000000000000000000000000000000000000000 
	Parameter CVA6Cfg[CachedRegionLength][7] bound to: 64'b0000000000000000000000000000000000000000000000000000000000000000 
	Parameter CVA6Cfg[CachedRegionLength][6] bound to: 64'b0000000000000000000000000000000000000000000000000000000000000000 
	Parameter CVA6Cfg[CachedRegionLength][5] bound to: 64'b0000000000000000000000000000000000000000000000000000000000000000 
	Parameter CVA6Cfg[CachedRegionLength][4] bound to: 64'b0000000000000000000000000000000000000000000000000000000000000000 
	Parameter CVA6Cfg[CachedRegionLength][3] bound to: 64'b0000000000000000000000000000000000000000000000000000000000000000 
	Parameter CVA6Cfg[CachedRegionLength][2] bound to: 64'b0000000000000000000000000000000000000000000000000000000000000000 
	Parameter CVA6Cfg[CachedRegionLength][1] bound to: 64'b0000000000000000000000000000000000000000000000000000000000000000 
	Parameter CVA6Cfg[CachedRegionLength][0] bound to: 64'b0000000000000000000000000000000000000010000000000000000000000000 
	Parameter CVA6Cfg[MaxOutstandingStores] bound to: 32'b00000000000000000000000000000111 
	Parameter CVA6Cfg[DebugEn] bound to: 1'b0 
	Parameter CVA6Cfg[NonIdemPotenceEn] bound to: 1'b1 
	Parameter CVA6Cfg[AxiBurstWriteEn] bound to: 1'b1 
	Parameter CVA6Cfg[ICACHE_SET_ASSOC] bound to: 32'b00000000000000000000000000000100 
	Parameter CVA6Cfg[ICACHE_SET_ASSOC_WIDTH] bound to: 32'b00000000000000000000000000000010 
	Parameter CVA6Cfg[ICACHE_INDEX_WIDTH] bound to: 32'b00000000000000000000000000001010 
	Parameter CVA6Cfg[ICACHE_TAG_WIDTH] bound to: 32'b00000000000000000000000000011000 
	Parameter CVA6Cfg[ICACHE_LINE_WIDTH] bound to: 32'b00000000000000000000000010000000 
	Parameter CVA6Cfg[ICACHE_USER_LINE_WIDTH] bound to: 32'b00000000000000000000000000000100 
	Parameter CVA6Cfg[DCacheType] bound to: 3'b001 
	Parameter CVA6Cfg[DcacheIdWidth] bound to: 32'b00000000000000000000000000000001 
	Parameter CVA6Cfg[DCACHE_SET_ASSOC] bound to: 32'b00000000000000000000000000000100 
	Parameter CVA6Cfg[DCACHE_SET_ASSOC_WIDTH] bound to: 32'b00000000000000000000000000000010 
	Parameter CVA6Cfg[DCACHE_INDEX_WIDTH] bound to: 32'b00000000000000000000000000001011 
	Parameter CVA6Cfg[DCACHE_TAG_WIDTH] bound to: 32'b00000000000000000000000000010111 
	Parameter CVA6Cfg[DCACHE_LINE_WIDTH] bound to: 32'b00000000000000000000000100000000 
	Parameter CVA6Cfg[DCACHE_USER_LINE_WIDTH] bound to: 32'b00000000000000000000000000000100 
	Parameter CVA6Cfg[DCACHE_USER_WIDTH] bound to: 32'b00000000000000000000000000000001 
	Parameter CVA6Cfg[DCACHE_OFFSET_WIDTH] bound to: 32'b00000000000000000000000000000101 
	Parameter CVA6Cfg[DCACHE_NUM_WORDS] bound to: 32'b00000000000000000000000001000000 
	Parameter CVA6Cfg[DCACHE_MAX_TX] bound to: 32'b00000000000000000000000000000100 
	Parameter CVA6Cfg[DcacheFlushOnFence] bound to: 1'b0 
	Parameter CVA6Cfg[DcacheInvalidateOnFlush] bound to: 1'b0 
	Parameter CVA6Cfg[DATA_USER_EN] bound to: 32'b00000000000000000000000000000000 
	Parameter CVA6Cfg[WtDcacheWbufDepth] bound to: 32'b00000000000000000000000000001000 
	Parameter CVA6Cfg[FETCH_USER_WIDTH] bound to: 32'b00000000000000000000000000100000 
	Parameter CVA6Cfg[FETCH_USER_EN] bound to: 32'b00000000000000000000000000000000 
	Parameter CVA6Cfg[AXI_USER_EN] bound to: 1'b0 
	Parameter CVA6Cfg[FETCH_WIDTH] bound to: 32'b00000000000000000000000000100000 
	Parameter CVA6Cfg[FETCH_ALIGN_BITS] bound to: 32'b00000000000000000000000000000010 
	Parameter CVA6Cfg[INSTR_PER_FETCH] bound to: 32'b00000000000000000000000000000010 
	Parameter CVA6Cfg[LOG2_INSTR_PER_FETCH] bound to: 32'b00000000000000000000000000000001 
	Parameter CVA6Cfg[ModeW] bound to: 32'b00000000000000000000000000000001 
	Parameter CVA6Cfg[ASIDW] bound to: 32'b00000000000000000000000000001001 
	Parameter CVA6Cfg[VMIDW] bound to: 32'b00000000000000000000000000000111 
	Parameter CVA6Cfg[PPNW] bound to: 32'b00000000000000000000000000010110 
	Parameter CVA6Cfg[GPPNW] bound to: 32'b00000000000000000000000000010110 
	Parameter CVA6Cfg[MODE_SV] bound to: 4'b0001 
	Parameter CVA6Cfg[SV] bound to: 32'b00000000000000000000000000100000 
	Parameter CVA6Cfg[SVX] bound to: 32'b00000000000000000000000000100010 
	Parameter CVA6Cfg[X_NUM_RS] bound to: 32'b00000000000000000000000000000010 
	Parameter CVA6Cfg[X_ID_WIDTH] bound to: 32'b00000000000000000000000000000011 
	Parameter CVA6Cfg[X_RFR_WIDTH] bound to: 32'b00000000000000000000000000100000 
	Parameter CVA6Cfg[X_RFW_WIDTH] bound to: 32'b00000000000000000000000000100000 
	Parameter CVA6Cfg[X_NUM_HARTS] bound to: 32'b00000000000000000000000000000001 
	Parameter CVA6Cfg[X_HARTID_WIDTH] bound to: 32'b00000000000000000000000000100000 
	Parameter CVA6Cfg[X_DUALREAD] bound to: 32'b00000000000000000000000000000000 
	Parameter CVA6Cfg[X_DUALWRITE] bound to: 32'b00000000000000000000000000000000 
	Parameter CVA6Cfg[X_ISSUE_REGISTER_SPLIT] bound to: 32'b00000000000000000000000000000000 
	Parameter DCACHE_CL_IDX_WIDTH bound to: 6 - type: integer 
	Parameter NumPorts bound to: 32'b00000000000000000000000000000100 
ERROR: [Synth 8-524] part-select [4:4] out of range of prefix 'wr_cl_user_i' [/home/alex/Isolde/MatrixAcceleratorDemo/src/ips/ariane/core/cache_subsystem/wt_dcache_mem.sv:151]
ERROR: [Synth 8-196] conditional expression could not be resolved to a constant [/home/alex/Isolde/MatrixAcceleratorDemo/src/ips/ariane/core/cache_subsystem/wt_dcache_mem.sv:145]
ERROR: [Synth 8-196] conditional expression could not be resolved to a constant [/home/alex/Isolde/MatrixAcceleratorDemo/src/ips/ariane/core/cache_subsystem/wt_dcache_mem.sv:144]
ERROR: [Synth 8-6156] failed synthesizing module 'wt_dcache_mem' [/home/alex/Isolde/MatrixAcceleratorDemo/src/ips/ariane/core/cache_subsystem/wt_dcache_mem.sv:29]
ERROR: [Synth 8-6156] failed synthesizing module 'wt_dcache' [/home/alex/Isolde/MatrixAcceleratorDemo/src/ips/ariane/core/cache_subsystem/wt_dcache.sv:16]
ERROR: [Synth 8-6156] failed synthesizing module 'wt_cache_subsystem' [/home/alex/Isolde/MatrixAcceleratorDemo/src/ips/ariane/core/cache_subsystem/wt_cache_subsystem.sv:22]
ERROR: [Synth 8-6156] failed synthesizing module 'cva6' [/home/alex/Isolde/MatrixAcceleratorDemo/src/ips/ariane/core/cva6.sv:18]
ERROR: [Synth 8-6156] failed synthesizing module 'matrix_accelerator_subsystem' [/home/alex/Isolde/MatrixAcceleratorDemo/src/rtl/matrix_accelerator_subsystem.sv:6]
ERROR: [Synth 8-6156] failed synthesizing module 'matrix_accelerator_soc' [/home/alex/Isolde/MatrixAcceleratorDemo/src/rtl/matrix_accelerator_soc.sv:4]
ERROR: [Synth 8-6156] failed synthesizing module 'top' [/home/alex/Isolde/MatrixAcceleratorDemo/src/tests/vivado/top.sv:1]
---------------------------------------------------------------------------------
Finished RTL Elaboration : Time (s): cpu = 00:00:03 ; elapsed = 00:00:03 . Memory (MB): peak = 3621.562 ; gain = 579.684 ; free physical = 7539 ; free virtual = 95886
---------------------------------------------------------------------------------
RTL Elaboration failed
INFO: [Common 17-83] Releasing license: Synthesis
91 Infos, 15 Warnings, 0 Critical Warnings and 11 Errors encountered.
synth_design failed
ERROR: [Common 17-69] Command failed: Synthesis failed - please see the console or run log file for details
INFO: [Common 17-206] Exiting Vivado at Thu Sep 25 14:57:47 2025...
[Thu Sep 25 14:57:57 2025] synth_1 finished
wait_on_runs: Time (s): cpu = 00:00:14 ; elapsed = 00:00:22 . Memory (MB): peak = 7530.395 ; gain = 0.000 ; free physical = 10315 ; free virtual = 98660
ERROR: [Common 17-39] 'wait_on_runs' failed due to earlier errors.

    while executing
"wait_on_run synth_1"
    (file "/home/alex/Isolde/MatrixAcceleratorDemo/scripts/vivado/create_project.tcl" line 85)
INFO: [Common 17-206] Exiting Vivado at Thu Sep 25 14:57:57 2025...
